SOUS,GOUS,MOUS,fits_url
uid___A001_X1467_X1d3,uid___A001_X1467_X1d4,uid___A001_X1467_X1d5,https://casdc.china-vo.org/mirror/ALMAGAL/2019.1.00195.L/QA2/science_goal.uid___A001_X1467_X1d3/group.uid___A001_X1467_X1d4/member.uid___A001_X1467_X1d5/product/member.uid___A001_X1467_X1d5._48727__sci.spw25_27_29_31.cont.I.pbcor.fits
uid___A001_X1467_X1d3,uid___A001_X1467_X1d4,uid___A001_X1467_X1d7,https://casdc.china-vo.org/mirror/ALMAGAL/2019.1.00195.L/QA2/science_goal.uid___A001_X1467_X1d3/group.uid___A001_X1467_X1d4/member.uid___A001_X1467_X1d7/product/member.uid___A001_X1467_X1d7._48727__sci.spw25_27_29_31.cont.I.pbcor.fits
uid___A001_X1467_X1d3,uid___A001_X1467_X1d4,uid___A001_X1467_X1d7,https://casdc.china-vo.org/mirror/ALMAGAL/2019.1.00195.L/QA2/science_goal.uid___A001_X1467_X1d3/group.uid___A001_X1467_X1d4/member.uid___A001_X1467_X1d7/product/member.uid___A001_X1467_X1d7._49143__sci.spw25_27_29_31.cont.I.pbcor.fits
uid___A001_X1467_X1d3,uid___A001_X1467_X1d4,uid___A001_X1467_X1d7,https://casdc.china-vo.org/mirror/ALMAGAL/2019.1.00195.L/QA2/science_goal.uid___A001_X1467_X1d3/group.uid___A001_X1467_X1d4/member.uid___A001_X1467_X1d7/product/member.uid___A001_X1467_X1d7._51554__sci.spw25_27_29_31.cont.I.pbcor.fits
uid___A001_X1467_X1d3,uid___A001_X1467_X1d4,uid___A001_X1467_X1d7,https://casdc.china-vo.org/mirror/ALMAGAL/2019.1.00195.L/QA2/science_goal.uid___A001_X1467_X1d3/group.uid___A001_X1467_X1d4/member.uid___A001_X1467_X1d7/product/member.uid___A001_X1467_X1d7._58529__sci.spw25_27_29_31.cont.I.pbcor.fits
uid___A001_X1467_X1d3,uid___A001_X1467_X1d4,uid___A001_X1467_X1d7,https://casdc.china-vo.org/mirror/ALMAGAL/2019.1.00195.L/QA2/science_goal.uid___A001_X1467_X1d3/group.uid___A001_X1467_X1d4/member.uid___A001_X1467_X1d7/product/member.uid___A001_X1467_X1d7._58829__sci.spw25_27_29_31.cont.I.pbcor.fits
uid___A001_X1467_X1d3,uid___A001_X1467_X1d4,uid___A001_X1467_X1d7,https://casdc.china-vo.org/mirror/ALMAGAL/2019.1.00195.L/QA2/science_goal.uid___A001_X1467_X1d3/group.uid___A001_X1467_X1d4/member.uid___A001_X1467_X1d7/product/member.uid___A001_X1467_X1d7._60530__sci.spw25_27_29_31.cont.I.pbcor.fits
uid___A001_X1467_X1d3,uid___A001_X1467_X1d4,uid___A001_X1467_X1d7,https://casdc.china-vo.org/mirror/ALMAGAL/2019.1.00195.L/QA2/science_goal.uid___A001_X1467_X1d3/group.uid___A001_X1467_X1d4/member.uid___A001_X1467_X1d7/product/member.uid___A001_X1467_X1d7._63437__sci.spw25_27_29_31.cont.I.pbcor.fits
uid___A001_X1467_X1d3,uid___A001_X1467_X1d4,uid___A001_X1467_X1d9,https://casdc.china-vo.org/mirror/ALMAGAL/2019.1.00195.L/QA2/science_goal.uid___A001_X1467_X1d3/group.uid___A001_X1467_X1d4/member.uid___A001_X1467_X1d9/product/member.uid___A001_X1467_X1d9._48727__sci.spw16_18_20_22.cont.I.pbcor.fits
uid___A001_X1467_X1d3,uid___A001_X1467_X1d4,uid___A001_X1467_X1d9,https://casdc.china-vo.org/mirror/ALMAGAL/2019.1.00195.L/QA2/science_goal.uid___A001_X1467_X1d3/group.uid___A001_X1467_X1d4/member.uid___A001_X1467_X1d9/product/member.uid___A001_X1467_X1d9._49143__sci.spw16_18_20_22.cont.I.pbcor.fits
uid___A001_X1467_X1d3,uid___A001_X1467_X1d4,uid___A001_X1467_X1d9,https://casdc.china-vo.org/mirror/ALMAGAL/2019.1.00195.L/QA2/science_goal.uid___A001_X1467_X1d3/group.uid___A001_X1467_X1d4/member.uid___A001_X1467_X1d9/product/member.uid___A001_X1467_X1d9._51554__sci.spw16_18_20_22.cont.I.pbcor.fits
uid___A001_X1467_X1d3,uid___A001_X1467_X1d4,uid___A001_X1467_X1d9,https://casdc.china-vo.org/mirror/ALMAGAL/2019.1.00195.L/QA2/science_goal.uid___A001_X1467_X1d3/group.uid___A001_X1467_X1d4/member.uid___A001_X1467_X1d9/product/member.uid___A001_X1467_X1d9._58529__sci.spw16_18_20_22.cont.I.pbcor.fits
uid___A001_X1467_X1d3,uid___A001_X1467_X1d4,uid___A001_X1467_X1d9,https://casdc.china-vo.org/mirror/ALMAGAL/2019.1.00195.L/QA2/science_goal.uid___A001_X1467_X1d3/group.uid___A001_X1467_X1d4/member.uid___A001_X1467_X1d9/product/member.uid___A001_X1467_X1d9._58829__sci.spw16_18_20_22.cont.I.pbcor.fits
uid___A001_X1467_X1d3,uid___A001_X1467_X1d4,uid___A001_X1467_X1d9,https://casdc.china-vo.org/mirror/ALMAGAL/2019.1.00195.L/QA2/science_goal.uid___A001_X1467_X1d3/group.uid___A001_X1467_X1d4/member.uid___A001_X1467_X1d9/product/member.uid___A001_X1467_X1d9._60530__sci.spw16_18_20_22.cont.I.pbcor.fits
uid___A001_X1467_X1d3,uid___A001_X1467_X1d4,uid___A001_X1467_X1d9,https://casdc.china-vo.org/mirror/ALMAGAL/2019.1.00195.L/QA2/science_goal.uid___A001_X1467_X1d3/group.uid___A001_X1467_X1d4/member.uid___A001_X1467_X1d9/product/member.uid___A001_X1467_X1d9._63437__sci.spw16_18_20_22.cont.I.pbcor.fits
uid___A001_X1467_X1d3,uid___A001_X1467_X1db,uid___A001_X1467_X1dc,https://casdc.china-vo.org/mirror/ALMAGAL/2019.1.00195.L/QA2/science_goal.uid___A001_X1467_X1d3/group.uid___A001_X1467_X1db/member.uid___A001_X1467_X1dc/product/member.uid___A001_X1467_X1dc._126991__sci.spw25_27_29_31.cont.I.pbcor.fits
uid___A001_X1467_X1d3,uid___A001_X1467_X1db,uid___A001_X1467_X1de,https://casdc.china-vo.org/mirror/ALMAGAL/2019.1.00195.L/QA2/science_goal.uid___A001_X1467_X1d3/group.uid___A001_X1467_X1db/member.uid___A001_X1467_X1de/product/member.uid___A001_X1467_X1de._126991__sci.spw25_27_29_31.cont.I.pbcor.fits
uid___A001_X1467_X1d3,uid___A001_X1467_X1db,uid___A001_X1467_X1de,https://casdc.china-vo.org/mirror/ALMAGAL/2019.1.00195.L/QA2/science_goal.uid___A001_X1467_X1d3/group.uid___A001_X1467_X1db/member.uid___A001_X1467_X1de/product/member.uid___A001_X1467_X1de._127623__sci.spw25_27_29_31.cont.I.pbcor.fits
uid___A001_X1467_X1d3,uid___A001_X1467_X1db,uid___A001_X1467_X1de,https://casdc.china-vo.org/mirror/ALMAGAL/2019.1.00195.L/QA2/science_goal.uid___A001_X1467_X1d3/group.uid___A001_X1467_X1db/member.uid___A001_X1467_X1de/product/member.uid___A001_X1467_X1de._127952__sci.spw25_27_29_31.cont.I.pbcor.fits
uid___A001_X1467_X1d3,uid___A001_X1467_X1db,uid___A001_X1467_X1de,https://casdc.china-vo.org/mirror/ALMAGAL/2019.1.00195.L/QA2/science_goal.uid___A001_X1467_X1d3/group.uid___A001_X1467_X1db/member.uid___A001_X1467_X1de/product/member.uid___A001_X1467_X1de._127967__sci.spw25_27_29_31.cont.I.pbcor.fits
uid___A001_X1467_X1d3,uid___A001_X1467_X1db,uid___A001_X1467_X1de,https://casdc.china-vo.org/mirror/ALMAGAL/2019.1.00195.L/QA2/science_goal.uid___A001_X1467_X1d3/group.uid___A001_X1467_X1db/member.uid___A001_X1467_X1de/product/member.uid___A001_X1467_X1de._128159__sci.spw25_27_29_31.cont.I.pbcor.fits
uid___A001_X1467_X1d3,uid___A001_X1467_X1db,uid___A001_X1467_X1de,https://casdc.china-vo.org/mirror/ALMAGAL/2019.1.00195.L/QA2/science_goal.uid___A001_X1467_X1d3/group.uid___A001_X1467_X1db/member.uid___A001_X1467_X1de/product/member.uid___A001_X1467_X1de._128764__sci.spw25_27_29_31.cont.I.pbcor.fits
uid___A001_X1467_X1d3,uid___A001_X1467_X1db,uid___A001_X1467_X1de,https://casdc.china-vo.org/mirror/ALMAGAL/2019.1.00195.L/QA2/science_goal.uid___A001_X1467_X1d3/group.uid___A001_X1467_X1db/member.uid___A001_X1467_X1de/product/member.uid___A001_X1467_X1de._129935__sci.spw25_27_29_31.cont.I.pbcor.fits
uid___A001_X1467_X1d3,uid___A001_X1467_X1db,uid___A001_X1467_X1de,https://casdc.china-vo.org/mirror/ALMAGAL/2019.1.00195.L/QA2/science_goal.uid___A001_X1467_X1d3/group.uid___A001_X1467_X1db/member.uid___A001_X1467_X1de/product/member.uid___A001_X1467_X1de._133523__sci.spw25_27_29_31.cont.I.pbcor.fits
uid___A001_X1467_X1d3,uid___A001_X1467_X1db,uid___A001_X1467_X1de,https://casdc.china-vo.org/mirror/ALMAGAL/2019.1.00195.L/QA2/science_goal.uid___A001_X1467_X1d3/group.uid___A001_X1467_X1db/member.uid___A001_X1467_X1de/product/member.uid___A001_X1467_X1de._133563__sci.spw25_27_29_31.cont.I.pbcor.fits
uid___A001_X1467_X1d3,uid___A001_X1467_X1db,uid___A001_X1467_X1de,https://casdc.china-vo.org/mirror/ALMAGAL/2019.1.00195.L/QA2/science_goal.uid___A001_X1467_X1d3/group.uid___A001_X1467_X1db/member.uid___A001_X1467_X1de/product/member.uid___A001_X1467_X1de._138009__sci.spw25_27_29_31.cont.I.pbcor.fits
uid___A001_X1467_X1d3,uid___A001_X1467_X1db,uid___A001_X1467_X1de,https://casdc.china-vo.org/mirror/ALMAGAL/2019.1.00195.L/QA2/science_goal.uid___A001_X1467_X1d3/group.uid___A001_X1467_X1db/member.uid___A001_X1467_X1de/product/member.uid___A001_X1467_X1de._138401__sci.spw25_27_29_31.cont.I.pbcor.fits
uid___A001_X1467_X1d3,uid___A001_X1467_X1db,uid___A001_X1467_X1de,https://casdc.china-vo.org/mirror/ALMAGAL/2019.1.00195.L/QA2/science_goal.uid___A001_X1467_X1d3/group.uid___A001_X1467_X1db/member.uid___A001_X1467_X1de/product/member.uid___A001_X1467_X1de._141240__sci.spw25_27_29_31.cont.I.pbcor.fits
uid___A001_X1467_X1d3,uid___A001_X1467_X1db,uid___A001_X1467_X1de,https://casdc.china-vo.org/mirror/ALMAGAL/2019.1.00195.L/QA2/science_goal.uid___A001_X1467_X1d3/group.uid___A001_X1467_X1db/member.uid___A001_X1467_X1de/product/member.uid___A001_X1467_X1de._142907__sci.spw25_27_29_31.cont.I.pbcor.fits
uid___A001_X1467_X1d3,uid___A001_X1467_X1db,uid___A001_X1467_X1de,https://casdc.china-vo.org/mirror/ALMAGAL/2019.1.00195.L/QA2/science_goal.uid___A001_X1467_X1d3/group.uid___A001_X1467_X1db/member.uid___A001_X1467_X1de/product/member.uid___A001_X1467_X1de._G030.1981-00.1691__sci.spw25_27_29_31.cont.I.pbcor.fits
uid___A001_X1467_X1d3,uid___A001_X1467_X1db,uid___A001_X1467_X1e0,https://casdc.china-vo.org/mirror/ALMAGAL/2019.1.00195.L/QA2/science_goal.uid___A001_X1467_X1d3/group.uid___A001_X1467_X1db/member.uid___A001_X1467_X1e0/product/member.uid___A001_X1467_X1e0._126991__sci.spw16_18_20_22.cont.I.pbcor.fits
uid___A001_X1467_X1d3,uid___A001_X1467_X1db,uid___A001_X1467_X1e0,https://casdc.china-vo.org/mirror/ALMAGAL/2019.1.00195.L/QA2/science_goal.uid___A001_X1467_X1d3/group.uid___A001_X1467_X1db/member.uid___A001_X1467_X1e0/product/member.uid___A001_X1467_X1e0._127045__sci.spw16_18_20_22.cont.I.pbcor.fits
uid___A001_X1467_X1d3,uid___A001_X1467_X1db,uid___A001_X1467_X1e0,https://casdc.china-vo.org/mirror/ALMAGAL/2019.1.00195.L/QA2/science_goal.uid___A001_X1467_X1d3/group.uid___A001_X1467_X1db/member.uid___A001_X1467_X1e0/product/member.uid___A001_X1467_X1e0._127485__sci.spw16_18_20_22.cont.I.pbcor.fits
uid___A001_X1467_X1d3,uid___A001_X1467_X1db,uid___A001_X1467_X1e0,https://casdc.china-vo.org/mirror/ALMAGAL/2019.1.00195.L/QA2/science_goal.uid___A001_X1467_X1d3/group.uid___A001_X1467_X1db/member.uid___A001_X1467_X1e0/product/member.uid___A001_X1467_X1e0._127623__sci.spw16_18_20_22.cont.I.pbcor.fits
uid___A001_X1467_X1d3,uid___A001_X1467_X1db,uid___A001_X1467_X1e0,https://casdc.china-vo.org/mirror/ALMAGAL/2019.1.00195.L/QA2/science_goal.uid___A001_X1467_X1d3/group.uid___A001_X1467_X1db/member.uid___A001_X1467_X1e0/product/member.uid___A001_X1467_X1e0._127705__sci.spw16_18_20_22.cont.I.pbcor.fits
uid___A001_X1467_X1d3,uid___A001_X1467_X1db,uid___A001_X1467_X1e0,https://casdc.china-vo.org/mirror/ALMAGAL/2019.1.00195.L/QA2/science_goal.uid___A001_X1467_X1d3/group.uid___A001_X1467_X1db/member.uid___A001_X1467_X1e0/product/member.uid___A001_X1467_X1e0._127952__sci.spw16_18_20_22.cont.I.pbcor.fits
uid___A001_X1467_X1d3,uid___A001_X1467_X1db,uid___A001_X1467_X1e0,https://casdc.china-vo.org/mirror/ALMAGAL/2019.1.00195.L/QA2/science_goal.uid___A001_X1467_X1d3/group.uid___A001_X1467_X1db/member.uid___A001_X1467_X1e0/product/member.uid___A001_X1467_X1e0._127967__sci.spw16_18_20_22.cont.I.pbcor.fits
uid___A001_X1467_X1d3,uid___A001_X1467_X1db,uid___A001_X1467_X1e0,https://casdc.china-vo.org/mirror/ALMAGAL/2019.1.00195.L/QA2/science_goal.uid___A001_X1467_X1d3/group.uid___A001_X1467_X1db/member.uid___A001_X1467_X1e0/product/member.uid___A001_X1467_X1e0._128124__sci.spw16_18_20_22.cont.I.pbcor.fits
uid___A001_X1467_X1d3,uid___A001_X1467_X1db,uid___A001_X1467_X1e0,https://casdc.china-vo.org/mirror/ALMAGAL/2019.1.00195.L/QA2/science_goal.uid___A001_X1467_X1d3/group.uid___A001_X1467_X1db/member.uid___A001_X1467_X1e0/product/member.uid___A001_X1467_X1e0._128153__sci.spw16_18_20_22.cont.I.pbcor.fits
uid___A001_X1467_X1d3,uid___A001_X1467_X1db,uid___A001_X1467_X1e0,https://casdc.china-vo.org/mirror/ALMAGAL/2019.1.00195.L/QA2/science_goal.uid___A001_X1467_X1d3/group.uid___A001_X1467_X1db/member.uid___A001_X1467_X1e0/product/member.uid___A001_X1467_X1e0._128159__sci.spw16_18_20_22.cont.I.pbcor.fits
uid___A001_X1467_X1d3,uid___A001_X1467_X1db,uid___A001_X1467_X1e0,https://casdc.china-vo.org/mirror/ALMAGAL/2019.1.00195.L/QA2/science_goal.uid___A001_X1467_X1d3/group.uid___A001_X1467_X1db/member.uid___A001_X1467_X1e0/product/member.uid___A001_X1467_X1e0._128272__sci.spw16_18_20_22.cont.I.pbcor.fits
uid___A001_X1467_X1d3,uid___A001_X1467_X1db,uid___A001_X1467_X1e0,https://casdc.china-vo.org/mirror/ALMAGAL/2019.1.00195.L/QA2/science_goal.uid___A001_X1467_X1d3/group.uid___A001_X1467_X1db/member.uid___A001_X1467_X1e0/product/member.uid___A001_X1467_X1e0._128280__sci.spw16_18_20_22.cont.I.pbcor.fits
uid___A001_X1467_X1d3,uid___A001_X1467_X1db,uid___A001_X1467_X1e0,https://casdc.china-vo.org/mirror/ALMAGAL/2019.1.00195.L/QA2/science_goal.uid___A001_X1467_X1d3/group.uid___A001_X1467_X1db/member.uid___A001_X1467_X1e0/product/member.uid___A001_X1467_X1e0._128403__sci.spw16_18_20_22.cont.I.pbcor.fits
uid___A001_X1467_X1d3,uid___A001_X1467_X1db,uid___A001_X1467_X1e0,https://casdc.china-vo.org/mirror/ALMAGAL/2019.1.00195.L/QA2/science_goal.uid___A001_X1467_X1d3/group.uid___A001_X1467_X1db/member.uid___A001_X1467_X1e0/product/member.uid___A001_X1467_X1e0._128490__sci.spw16_18_20_22.cont.I.pbcor.fits
uid___A001_X1467_X1d3,uid___A001_X1467_X1db,uid___A001_X1467_X1e0,https://casdc.china-vo.org/mirror/ALMAGAL/2019.1.00195.L/QA2/science_goal.uid___A001_X1467_X1d3/group.uid___A001_X1467_X1db/member.uid___A001_X1467_X1e0/product/member.uid___A001_X1467_X1e0._128730__sci.spw16_18_20_22.cont.I.pbcor.fits
uid___A001_X1467_X1d3,uid___A001_X1467_X1db,uid___A001_X1467_X1e0,https://casdc.china-vo.org/mirror/ALMAGAL/2019.1.00195.L/QA2/science_goal.uid___A001_X1467_X1d3/group.uid___A001_X1467_X1db/member.uid___A001_X1467_X1e0/product/member.uid___A001_X1467_X1e0._128764__sci.spw16_18_20_22.cont.I.pbcor.fits
uid___A001_X1467_X1d3,uid___A001_X1467_X1db,uid___A001_X1467_X1e0,https://casdc.china-vo.org/mirror/ALMAGAL/2019.1.00195.L/QA2/science_goal.uid___A001_X1467_X1d3/group.uid___A001_X1467_X1db/member.uid___A001_X1467_X1e0/product/member.uid___A001_X1467_X1e0._128789__sci.spw16_18_20_22.cont.I.pbcor.fits
uid___A001_X1467_X1d3,uid___A001_X1467_X1db,uid___A001_X1467_X1e0,https://casdc.china-vo.org/mirror/ALMAGAL/2019.1.00195.L/QA2/science_goal.uid___A001_X1467_X1d3/group.uid___A001_X1467_X1db/member.uid___A001_X1467_X1e0/product/member.uid___A001_X1467_X1e0._128945__sci.spw16_18_20_22.cont.I.pbcor.fits
uid___A001_X1467_X1d3,uid___A001_X1467_X1db,uid___A001_X1467_X1e0,https://casdc.china-vo.org/mirror/ALMAGAL/2019.1.00195.L/QA2/science_goal.uid___A001_X1467_X1d3/group.uid___A001_X1467_X1db/member.uid___A001_X1467_X1e0/product/member.uid___A001_X1467_X1e0._129337__sci.spw16_18_20_22.cont.I.pbcor.fits
uid___A001_X1467_X1d3,uid___A001_X1467_X1db,uid___A001_X1467_X1e0,https://casdc.china-vo.org/mirror/ALMAGAL/2019.1.00195.L/QA2/science_goal.uid___A001_X1467_X1d3/group.uid___A001_X1467_X1db/member.uid___A001_X1467_X1e0/product/member.uid___A001_X1467_X1e0._129919__sci.spw16_18_20_22.cont.I.pbcor.fits
uid___A001_X1467_X1d3,uid___A001_X1467_X1db,uid___A001_X1467_X1e0,https://casdc.china-vo.org/mirror/ALMAGAL/2019.1.00195.L/QA2/science_goal.uid___A001_X1467_X1d3/group.uid___A001_X1467_X1db/member.uid___A001_X1467_X1e0/product/member.uid___A001_X1467_X1e0._129935__sci.spw16_18_20_22.cont.I.pbcor.fits
uid___A001_X1467_X1d3,uid___A001_X1467_X1db,uid___A001_X1467_X1e0,https://casdc.china-vo.org/mirror/ALMAGAL/2019.1.00195.L/QA2/science_goal.uid___A001_X1467_X1d3/group.uid___A001_X1467_X1db/member.uid___A001_X1467_X1e0/product/member.uid___A001_X1467_X1e0._130092__sci.spw16_18_20_22.cont.I.pbcor.fits
uid___A001_X1467_X1d3,uid___A001_X1467_X1db,uid___A001_X1467_X1e0,https://casdc.china-vo.org/mirror/ALMAGAL/2019.1.00195.L/QA2/science_goal.uid___A001_X1467_X1d3/group.uid___A001_X1467_X1db/member.uid___A001_X1467_X1e0/product/member.uid___A001_X1467_X1e0._130523__sci.spw16_18_20_22.cont.I.pbcor.fits
uid___A001_X1467_X1d3,uid___A001_X1467_X1db,uid___A001_X1467_X1e0,https://casdc.china-vo.org/mirror/ALMAGAL/2019.1.00195.L/QA2/science_goal.uid___A001_X1467_X1d3/group.uid___A001_X1467_X1db/member.uid___A001_X1467_X1e0/product/member.uid___A001_X1467_X1e0._130634__sci.spw16_18_20_22.cont.I.pbcor.fits
uid___A001_X1467_X1d3,uid___A001_X1467_X1db,uid___A001_X1467_X1e0,https://casdc.china-vo.org/mirror/ALMAGAL/2019.1.00195.L/QA2/science_goal.uid___A001_X1467_X1d3/group.uid___A001_X1467_X1db/member.uid___A001_X1467_X1e0/product/member.uid___A001_X1467_X1e0._131122__sci.spw16_18_20_22.cont.I.pbcor.fits
uid___A001_X1467_X1d3,uid___A001_X1467_X1db,uid___A001_X1467_X1e0,https://casdc.china-vo.org/mirror/ALMAGAL/2019.1.00195.L/QA2/science_goal.uid___A001_X1467_X1d3/group.uid___A001_X1467_X1db/member.uid___A001_X1467_X1e0/product/member.uid___A001_X1467_X1e0._131655__sci.spw16_18_20_22.cont.I.pbcor.fits
uid___A001_X1467_X1d3,uid___A001_X1467_X1db,uid___A001_X1467_X1e0,https://casdc.china-vo.org/mirror/ALMAGAL/2019.1.00195.L/QA2/science_goal.uid___A001_X1467_X1d3/group.uid___A001_X1467_X1db/member.uid___A001_X1467_X1e0/product/member.uid___A001_X1467_X1e0._133523__sci.spw16_18_20_22.cont.I.pbcor.fits
uid___A001_X1467_X1d3,uid___A001_X1467_X1db,uid___A001_X1467_X1e0,https://casdc.china-vo.org/mirror/ALMAGAL/2019.1.00195.L/QA2/science_goal.uid___A001_X1467_X1d3/group.uid___A001_X1467_X1db/member.uid___A001_X1467_X1e0/product/member.uid___A001_X1467_X1e0._133563__sci.spw16_18_20_22.cont.I.pbcor.fits
uid___A001_X1467_X1d3,uid___A001_X1467_X1db,uid___A001_X1467_X1e0,https://casdc.china-vo.org/mirror/ALMAGAL/2019.1.00195.L/QA2/science_goal.uid___A001_X1467_X1d3/group.uid___A001_X1467_X1db/member.uid___A001_X1467_X1e0/product/member.uid___A001_X1467_X1e0._133651__sci.spw16_18_20_22.cont.I.pbcor.fits
uid___A001_X1467_X1d3,uid___A001_X1467_X1db,uid___A001_X1467_X1e0,https://casdc.china-vo.org/mirror/ALMAGAL/2019.1.00195.L/QA2/science_goal.uid___A001_X1467_X1d3/group.uid___A001_X1467_X1db/member.uid___A001_X1467_X1e0/product/member.uid___A001_X1467_X1e0._134062__sci.spw16_18_20_22.cont.I.pbcor.fits
uid___A001_X1467_X1d3,uid___A001_X1467_X1db,uid___A001_X1467_X1e0,https://casdc.china-vo.org/mirror/ALMAGAL/2019.1.00195.L/QA2/science_goal.uid___A001_X1467_X1d3/group.uid___A001_X1467_X1db/member.uid___A001_X1467_X1e0/product/member.uid___A001_X1467_X1e0._134152__sci.spw16_18_20_22.cont.I.pbcor.fits
uid___A001_X1467_X1d3,uid___A001_X1467_X1db,uid___A001_X1467_X1e0,https://casdc.china-vo.org/mirror/ALMAGAL/2019.1.00195.L/QA2/science_goal.uid___A001_X1467_X1d3/group.uid___A001_X1467_X1db/member.uid___A001_X1467_X1e0/product/member.uid___A001_X1467_X1e0._134169__sci.spw16_18_20_22.cont.I.pbcor.fits
uid___A001_X1467_X1d3,uid___A001_X1467_X1db,uid___A001_X1467_X1e0,https://casdc.china-vo.org/mirror/ALMAGAL/2019.1.00195.L/QA2/science_goal.uid___A001_X1467_X1d3/group.uid___A001_X1467_X1db/member.uid___A001_X1467_X1e0/product/member.uid___A001_X1467_X1e0._134196__sci.spw16_18_20_22.cont.I.pbcor.fits
uid___A001_X1467_X1d3,uid___A001_X1467_X1db,uid___A001_X1467_X1e0,https://casdc.china-vo.org/mirror/ALMAGAL/2019.1.00195.L/QA2/science_goal.uid___A001_X1467_X1d3/group.uid___A001_X1467_X1db/member.uid___A001_X1467_X1e0/product/member.uid___A001_X1467_X1e0._134426__sci.spw16_18_20_22.cont.I.pbcor.fits
uid___A001_X1467_X1d3,uid___A001_X1467_X1db,uid___A001_X1467_X1e0,https://casdc.china-vo.org/mirror/ALMAGAL/2019.1.00195.L/QA2/science_goal.uid___A001_X1467_X1d3/group.uid___A001_X1467_X1db/member.uid___A001_X1467_X1e0/product/member.uid___A001_X1467_X1e0._134586__sci.spw16_18_20_22.cont.I.pbcor.fits
uid___A001_X1467_X1d3,uid___A001_X1467_X1db,uid___A001_X1467_X1e0,https://casdc.china-vo.org/mirror/ALMAGAL/2019.1.00195.L/QA2/science_goal.uid___A001_X1467_X1d3/group.uid___A001_X1467_X1db/member.uid___A001_X1467_X1e0/product/member.uid___A001_X1467_X1e0._135368__sci.spw16_18_20_22.cont.I.pbcor.fits
uid___A001_X1467_X1d3,uid___A001_X1467_X1db,uid___A001_X1467_X1e0,https://casdc.china-vo.org/mirror/ALMAGAL/2019.1.00195.L/QA2/science_goal.uid___A001_X1467_X1d3/group.uid___A001_X1467_X1db/member.uid___A001_X1467_X1e0/product/member.uid___A001_X1467_X1e0._135558__sci.spw16_18_20_22.cont.I.pbcor.fits
uid___A001_X1467_X1d3,uid___A001_X1467_X1db,uid___A001_X1467_X1e0,https://casdc.china-vo.org/mirror/ALMAGAL/2019.1.00195.L/QA2/science_goal.uid___A001_X1467_X1d3/group.uid___A001_X1467_X1db/member.uid___A001_X1467_X1e0/product/member.uid___A001_X1467_X1e0._135630__sci.spw16_18_20_22.cont.I.pbcor.fits
uid___A001_X1467_X1d3,uid___A001_X1467_X1db,uid___A001_X1467_X1e0,https://casdc.china-vo.org/mirror/ALMAGAL/2019.1.00195.L/QA2/science_goal.uid___A001_X1467_X1d3/group.uid___A001_X1467_X1db/member.uid___A001_X1467_X1e0/product/member.uid___A001_X1467_X1e0._135892__sci.spw16_18_20_22.cont.I.pbcor.fits
uid___A001_X1467_X1d3,uid___A001_X1467_X1db,uid___A001_X1467_X1e0,https://casdc.china-vo.org/mirror/ALMAGAL/2019.1.00195.L/QA2/science_goal.uid___A001_X1467_X1d3/group.uid___A001_X1467_X1db/member.uid___A001_X1467_X1e0/product/member.uid___A001_X1467_X1e0._136060__sci.spw16_18_20_22.cont.I.pbcor.fits
uid___A001_X1467_X1d3,uid___A001_X1467_X1db,uid___A001_X1467_X1e0,https://casdc.china-vo.org/mirror/ALMAGAL/2019.1.00195.L/QA2/science_goal.uid___A001_X1467_X1d3/group.uid___A001_X1467_X1db/member.uid___A001_X1467_X1e0/product/member.uid___A001_X1467_X1e0._136294__sci.spw16_18_20_22.cont.I.pbcor.fits
uid___A001_X1467_X1d3,uid___A001_X1467_X1db,uid___A001_X1467_X1e0,https://casdc.china-vo.org/mirror/ALMAGAL/2019.1.00195.L/QA2/science_goal.uid___A001_X1467_X1d3/group.uid___A001_X1467_X1db/member.uid___A001_X1467_X1e0/product/member.uid___A001_X1467_X1e0._136318__sci.spw16_18_20_22.cont.I.pbcor.fits
uid___A001_X1467_X1d3,uid___A001_X1467_X1db,uid___A001_X1467_X1e0,https://casdc.china-vo.org/mirror/ALMAGAL/2019.1.00195.L/QA2/science_goal.uid___A001_X1467_X1d3/group.uid___A001_X1467_X1db/member.uid___A001_X1467_X1e0/product/member.uid___A001_X1467_X1e0._137102__sci.spw16_18_20_22.cont.I.pbcor.fits
uid___A001_X1467_X1d3,uid___A001_X1467_X1db,uid___A001_X1467_X1e0,https://casdc.china-vo.org/mirror/ALMAGAL/2019.1.00195.L/QA2/science_goal.uid___A001_X1467_X1d3/group.uid___A001_X1467_X1db/member.uid___A001_X1467_X1e0/product/member.uid___A001_X1467_X1e0._137279__sci.spw16_18_20_22.cont.I.pbcor.fits
uid___A001_X1467_X1d3,uid___A001_X1467_X1db,uid___A001_X1467_X1e0,https://casdc.china-vo.org/mirror/ALMAGAL/2019.1.00195.L/QA2/science_goal.uid___A001_X1467_X1d3/group.uid___A001_X1467_X1db/member.uid___A001_X1467_X1e0/product/member.uid___A001_X1467_X1e0._137347__sci.spw16_18_20_22.cont.I.pbcor.fits
uid___A001_X1467_X1d3,uid___A001_X1467_X1db,uid___A001_X1467_X1e0,https://casdc.china-vo.org/mirror/ALMAGAL/2019.1.00195.L/QA2/science_goal.uid___A001_X1467_X1d3/group.uid___A001_X1467_X1db/member.uid___A001_X1467_X1e0/product/member.uid___A001_X1467_X1e0._137435__sci.spw16_18_20_22.cont.I.pbcor.fits
uid___A001_X1467_X1d3,uid___A001_X1467_X1db,uid___A001_X1467_X1e0,https://casdc.china-vo.org/mirror/ALMAGAL/2019.1.00195.L/QA2/science_goal.uid___A001_X1467_X1d3/group.uid___A001_X1467_X1db/member.uid___A001_X1467_X1e0/product/member.uid___A001_X1467_X1e0._137633__sci.spw16_18_20_22.cont.I.pbcor.fits
uid___A001_X1467_X1d3,uid___A001_X1467_X1db,uid___A001_X1467_X1e0,https://casdc.china-vo.org/mirror/ALMAGAL/2019.1.00195.L/QA2/science_goal.uid___A001_X1467_X1d3/group.uid___A001_X1467_X1db/member.uid___A001_X1467_X1e0/product/member.uid___A001_X1467_X1e0._137802__sci.spw16_18_20_22.cont.I.pbcor.fits
uid___A001_X1467_X1d3,uid___A001_X1467_X1db,uid___A001_X1467_X1e0,https://casdc.china-vo.org/mirror/ALMAGAL/2019.1.00195.L/QA2/science_goal.uid___A001_X1467_X1d3/group.uid___A001_X1467_X1db/member.uid___A001_X1467_X1e0/product/member.uid___A001_X1467_X1e0._138009__sci.spw16_18_20_22.cont.I.pbcor.fits
uid___A001_X1467_X1d3,uid___A001_X1467_X1db,uid___A001_X1467_X1e0,https://casdc.china-vo.org/mirror/ALMAGAL/2019.1.00195.L/QA2/science_goal.uid___A001_X1467_X1d3/group.uid___A001_X1467_X1db/member.uid___A001_X1467_X1e0/product/member.uid___A001_X1467_X1e0._138186__sci.spw16_18_20_22.cont.I.pbcor.fits
uid___A001_X1467_X1d3,uid___A001_X1467_X1db,uid___A001_X1467_X1e0,https://casdc.china-vo.org/mirror/ALMAGAL/2019.1.00195.L/QA2/science_goal.uid___A001_X1467_X1d3/group.uid___A001_X1467_X1db/member.uid___A001_X1467_X1e0/product/member.uid___A001_X1467_X1e0._138401__sci.spw16_18_20_22.cont.I.pbcor.fits
uid___A001_X1467_X1d3,uid___A001_X1467_X1db,uid___A001_X1467_X1e0,https://casdc.china-vo.org/mirror/ALMAGAL/2019.1.00195.L/QA2/science_goal.uid___A001_X1467_X1d3/group.uid___A001_X1467_X1db/member.uid___A001_X1467_X1e0/product/member.uid___A001_X1467_X1e0._138609__sci.spw16_18_20_22.cont.I.pbcor.fits
uid___A001_X1467_X1d3,uid___A001_X1467_X1db,uid___A001_X1467_X1e0,https://casdc.china-vo.org/mirror/ALMAGAL/2019.1.00195.L/QA2/science_goal.uid___A001_X1467_X1d3/group.uid___A001_X1467_X1db/member.uid___A001_X1467_X1e0/product/member.uid___A001_X1467_X1e0._138866__sci.spw16_18_20_22.cont.I.pbcor.fits
uid___A001_X1467_X1d3,uid___A001_X1467_X1db,uid___A001_X1467_X1e0,https://casdc.china-vo.org/mirror/ALMAGAL/2019.1.00195.L/QA2/science_goal.uid___A001_X1467_X1d3/group.uid___A001_X1467_X1db/member.uid___A001_X1467_X1e0/product/member.uid___A001_X1467_X1e0._139969__sci.spw16_18_20_22.cont.I.pbcor.fits
uid___A001_X1467_X1d3,uid___A001_X1467_X1db,uid___A001_X1467_X1e0,https://casdc.china-vo.org/mirror/ALMAGAL/2019.1.00195.L/QA2/science_goal.uid___A001_X1467_X1d3/group.uid___A001_X1467_X1db/member.uid___A001_X1467_X1e0/product/member.uid___A001_X1467_X1e0._141240__sci.spw16_18_20_22.cont.I.pbcor.fits
uid___A001_X1467_X1d3,uid___A001_X1467_X1db,uid___A001_X1467_X1e0,https://casdc.china-vo.org/mirror/ALMAGAL/2019.1.00195.L/QA2/science_goal.uid___A001_X1467_X1d3/group.uid___A001_X1467_X1db/member.uid___A001_X1467_X1e0/product/member.uid___A001_X1467_X1e0._142185__sci.spw16_18_20_22.cont.I.pbcor.fits
uid___A001_X1467_X1d3,uid___A001_X1467_X1db,uid___A001_X1467_X1e0,https://casdc.china-vo.org/mirror/ALMAGAL/2019.1.00195.L/QA2/science_goal.uid___A001_X1467_X1d3/group.uid___A001_X1467_X1db/member.uid___A001_X1467_X1e0/product/member.uid___A001_X1467_X1e0._142907__sci.spw16_18_20_22.cont.I.pbcor.fits
uid___A001_X1467_X1d3,uid___A001_X1467_X1db,uid___A001_X1467_X1e0,https://casdc.china-vo.org/mirror/ALMAGAL/2019.1.00195.L/QA2/science_goal.uid___A001_X1467_X1d3/group.uid___A001_X1467_X1db/member.uid___A001_X1467_X1e0/product/member.uid___A001_X1467_X1e0._G030.1981-00.1691__sci.spw16_18_20_22.cont.I.pbcor.fits
uid___A001_X1467_X1d3,uid___A001_X1467_X1db,uid___A001_X1467_X1e0,https://casdc.china-vo.org/mirror/ALMAGAL/2019.1.00195.L/QA2/science_goal.uid___A001_X1467_X1d3/group.uid___A001_X1467_X1db/member.uid___A001_X1467_X1e0/product/member.uid___A001_X1467_X1e0._G030.8715-00.1018__sci.spw16_18_20_22.cont.I.pbcor.fits
uid___A001_X1467_X1d3,uid___A001_X1467_X1db,uid___A001_X1467_X1e0,https://casdc.china-vo.org/mirror/ALMAGAL/2019.1.00195.L/QA2/science_goal.uid___A001_X1467_X1d3/group.uid___A001_X1467_X1db/member.uid___A001_X1467_X1e0/product/member.uid___A001_X1467_X1e0._G031.2803p00.0615A__sci.spw16_18_20_22.cont.I.pbcor.fits
uid___A001_X1467_X1d3,uid___A001_X1467_X1e2,uid___A001_X1467_X1e3,https://casdc.china-vo.org/mirror/ALMAGAL/2019.1.00195.L/QA2/science_goal.uid___A001_X1467_X1d3/group.uid___A001_X1467_X1e2/member.uid___A001_X1467_X1e3/product/member.uid___A001_X1467_X1e3._100132__sci.spw25_27_29_31.cont.I.pbcor.fits
uid___A001_X1467_X1d3,uid___A001_X1467_X1e2,uid___A001_X1467_X1e5,https://casdc.china-vo.org/mirror/ALMAGAL/2019.1.00195.L/QA2/science_goal.uid___A001_X1467_X1d3/group.uid___A001_X1467_X1e2/member.uid___A001_X1467_X1e5/product/member.uid___A001_X1467_X1e5._100132__sci.spw25_27_29_31.cont.I.pbcor.fits
uid___A001_X1467_X1d3,uid___A001_X1467_X1e2,uid___A001_X1467_X1e5,https://casdc.china-vo.org/mirror/ALMAGAL/2019.1.00195.L/QA2/science_goal.uid___A001_X1467_X1d3/group.uid___A001_X1467_X1e2/member.uid___A001_X1467_X1e5/product/member.uid___A001_X1467_X1e5._103357__sci.spw25_27_29_31.cont.I.pbcor.fits
uid___A001_X1467_X1d3,uid___A001_X1467_X1e2,uid___A001_X1467_X1e5,https://casdc.china-vo.org/mirror/ALMAGAL/2019.1.00195.L/QA2/science_goal.uid___A001_X1467_X1d3/group.uid___A001_X1467_X1e2/member.uid___A001_X1467_X1e5/product/member.uid___A001_X1467_X1e5._105642__sci.spw25_27_29_31.cont.I.pbcor.fits
uid___A001_X1467_X1d3,uid___A001_X1467_X1e2,uid___A001_X1467_X1e5,https://casdc.china-vo.org/mirror/ALMAGAL/2019.1.00195.L/QA2/science_goal.uid___A001_X1467_X1d3/group.uid___A001_X1467_X1e2/member.uid___A001_X1467_X1e5/product/member.uid___A001_X1467_X1e5._109588__sci.spw25_27_29_31.cont.I.pbcor.fits
uid___A001_X1467_X1d3,uid___A001_X1467_X1e2,uid___A001_X1467_X1e5,https://casdc.china-vo.org/mirror/ALMAGAL/2019.1.00195.L/QA2/science_goal.uid___A001_X1467_X1d3/group.uid___A001_X1467_X1e2/member.uid___A001_X1467_X1e5/product/member.uid___A001_X1467_X1e5._111167__sci.spw25_27_29_31.cont.I.pbcor.fits
uid___A001_X1467_X1d3,uid___A001_X1467_X1e2,uid___A001_X1467_X1e5,https://casdc.china-vo.org/mirror/ALMAGAL/2019.1.00195.L/QA2/science_goal.uid___A001_X1467_X1d3/group.uid___A001_X1467_X1e2/member.uid___A001_X1467_X1e5/product/member.uid___A001_X1467_X1e5._115972__sci.spw25_27_29_31.cont.I.pbcor.fits
uid___A001_X1467_X1d3,uid___A001_X1467_X1e2,uid___A001_X1467_X1e5,https://casdc.china-vo.org/mirror/ALMAGAL/2019.1.00195.L/QA2/science_goal.uid___A001_X1467_X1d3/group.uid___A001_X1467_X1e2/member.uid___A001_X1467_X1e5/product/member.uid___A001_X1467_X1e5._116752__sci.spw25_27_29_31.cont.I.pbcor.fits
uid___A001_X1467_X1d3,uid___A001_X1467_X1e2,uid___A001_X1467_X1e5,https://casdc.china-vo.org/mirror/ALMAGAL/2019.1.00195.L/QA2/science_goal.uid___A001_X1467_X1d3/group.uid___A001_X1467_X1e2/member.uid___A001_X1467_X1e5/product/member.uid___A001_X1467_X1e5._117544__sci.spw25_27_29_31.cont.I.pbcor.fits
uid___A001_X1467_X1d3,uid___A001_X1467_X1e2,uid___A001_X1467_X1e5,https://casdc.china-vo.org/mirror/ALMAGAL/2019.1.00195.L/QA2/science_goal.uid___A001_X1467_X1d3/group.uid___A001_X1467_X1e2/member.uid___A001_X1467_X1e5/product/member.uid___A001_X1467_X1e5._118203__sci.spw25_27_29_31.cont.I.pbcor.fits
uid___A001_X1467_X1d3,uid___A001_X1467_X1e2,uid___A001_X1467_X1e5,https://casdc.china-vo.org/mirror/ALMAGAL/2019.1.00195.L/QA2/science_goal.uid___A001_X1467_X1d3/group.uid___A001_X1467_X1e2/member.uid___A001_X1467_X1e5/product/member.uid___A001_X1467_X1e5._118234__sci.spw25_27_29_31.cont.I.pbcor.fits
uid___A001_X1467_X1d3,uid___A001_X1467_X1e2,uid___A001_X1467_X1e5,https://casdc.china-vo.org/mirror/ALMAGAL/2019.1.00195.L/QA2/science_goal.uid___A001_X1467_X1d3/group.uid___A001_X1467_X1e2/member.uid___A001_X1467_X1e5/product/member.uid___A001_X1467_X1e5._119601__sci.spw25_27_29_31.cont.I.pbcor.fits
uid___A001_X1467_X1d3,uid___A001_X1467_X1e2,uid___A001_X1467_X1e5,https://casdc.china-vo.org/mirror/ALMAGAL/2019.1.00195.L/QA2/science_goal.uid___A001_X1467_X1d3/group.uid___A001_X1467_X1e2/member.uid___A001_X1467_X1e5/product/member.uid___A001_X1467_X1e5._120427__sci.spw25_27_29_31.cont.I.pbcor.fits
uid___A001_X1467_X1d3,uid___A001_X1467_X1e2,uid___A001_X1467_X1e5,https://casdc.china-vo.org/mirror/ALMAGAL/2019.1.00195.L/QA2/science_goal.uid___A001_X1467_X1d3/group.uid___A001_X1467_X1e2/member.uid___A001_X1467_X1e5/product/member.uid___A001_X1467_X1e5._123833__sci.spw25_27_29_31.cont.I.pbcor.fits
uid___A001_X1467_X1d3,uid___A001_X1467_X1e2,uid___A001_X1467_X1e5,https://casdc.china-vo.org/mirror/ALMAGAL/2019.1.00195.L/QA2/science_goal.uid___A001_X1467_X1d3/group.uid___A001_X1467_X1e2/member.uid___A001_X1467_X1e5/product/member.uid___A001_X1467_X1e5._124513__sci.spw25_27_29_31.cont.I.pbcor.fits
uid___A001_X1467_X1d3,uid___A001_X1467_X1e2,uid___A001_X1467_X1e7,https://casdc.china-vo.org/mirror/ALMAGAL/2019.1.00195.L/QA2/science_goal.uid___A001_X1467_X1d3/group.uid___A001_X1467_X1e2/member.uid___A001_X1467_X1e7/product/member.uid___A001_X1467_X1e7._100132__sci.spw16_18_20_22.cont.I.pbcor.fits
uid___A001_X1467_X1d3,uid___A001_X1467_X1e2,uid___A001_X1467_X1e7,https://casdc.china-vo.org/mirror/ALMAGAL/2019.1.00195.L/QA2/science_goal.uid___A001_X1467_X1d3/group.uid___A001_X1467_X1e2/member.uid___A001_X1467_X1e7/product/member.uid___A001_X1467_X1e7._100244__sci.spw16_18_20_22.cont.I.pbcor.fits
uid___A001_X1467_X1d3,uid___A001_X1467_X1e2,uid___A001_X1467_X1e7,https://casdc.china-vo.org/mirror/ALMAGAL/2019.1.00195.L/QA2/science_goal.uid___A001_X1467_X1d3/group.uid___A001_X1467_X1e2/member.uid___A001_X1467_X1e7/product/member.uid___A001_X1467_X1e7._100309__sci.spw16_18_20_22.cont.I.pbcor.fits
uid___A001_X1467_X1d3,uid___A001_X1467_X1e2,uid___A001_X1467_X1e7,https://casdc.china-vo.org/mirror/ALMAGAL/2019.1.00195.L/QA2/science_goal.uid___A001_X1467_X1d3/group.uid___A001_X1467_X1e2/member.uid___A001_X1467_X1e7/product/member.uid___A001_X1467_X1e7._100992__sci.spw16_18_20_22.cont.I.pbcor.fits
uid___A001_X1467_X1d3,uid___A001_X1467_X1e2,uid___A001_X1467_X1e7,https://casdc.china-vo.org/mirror/ALMAGAL/2019.1.00195.L/QA2/science_goal.uid___A001_X1467_X1d3/group.uid___A001_X1467_X1e2/member.uid___A001_X1467_X1e7/product/member.uid___A001_X1467_X1e7._103357__sci.spw16_18_20_22.cont.I.pbcor.fits
uid___A001_X1467_X1d3,uid___A001_X1467_X1e2,uid___A001_X1467_X1e7,https://casdc.china-vo.org/mirror/ALMAGAL/2019.1.00195.L/QA2/science_goal.uid___A001_X1467_X1d3/group.uid___A001_X1467_X1e2/member.uid___A001_X1467_X1e7/product/member.uid___A001_X1467_X1e7._103459__sci.spw16_18_20_22.cont.I.pbcor.fits
uid___A001_X1467_X1d3,uid___A001_X1467_X1e2,uid___A001_X1467_X1e7,https://casdc.china-vo.org/mirror/ALMAGAL/2019.1.00195.L/QA2/science_goal.uid___A001_X1467_X1d3/group.uid___A001_X1467_X1e2/member.uid___A001_X1467_X1e7/product/member.uid___A001_X1467_X1e7._103575__sci.spw16_18_20_22.cont.I.pbcor.fits
uid___A001_X1467_X1d3,uid___A001_X1467_X1e2,uid___A001_X1467_X1e7,https://casdc.china-vo.org/mirror/ALMAGAL/2019.1.00195.L/QA2/science_goal.uid___A001_X1467_X1d3/group.uid___A001_X1467_X1e2/member.uid___A001_X1467_X1e7/product/member.uid___A001_X1467_X1e7._103708__sci.spw16_18_20_22.cont.I.pbcor.fits
uid___A001_X1467_X1d3,uid___A001_X1467_X1e2,uid___A001_X1467_X1e7,https://casdc.china-vo.org/mirror/ALMAGAL/2019.1.00195.L/QA2/science_goal.uid___A001_X1467_X1d3/group.uid___A001_X1467_X1e2/member.uid___A001_X1467_X1e7/product/member.uid___A001_X1467_X1e7._103916__sci.spw16_18_20_22.cont.I.pbcor.fits
uid___A001_X1467_X1d3,uid___A001_X1467_X1e2,uid___A001_X1467_X1e7,https://casdc.china-vo.org/mirror/ALMAGAL/2019.1.00195.L/QA2/science_goal.uid___A001_X1467_X1d3/group.uid___A001_X1467_X1e2/member.uid___A001_X1467_X1e7/product/member.uid___A001_X1467_X1e7._104080__sci.spw16_18_20_22.cont.I.pbcor.fits
uid___A001_X1467_X1d3,uid___A001_X1467_X1e2,uid___A001_X1467_X1e7,https://casdc.china-vo.org/mirror/ALMAGAL/2019.1.00195.L/QA2/science_goal.uid___A001_X1467_X1d3/group.uid___A001_X1467_X1e2/member.uid___A001_X1467_X1e7/product/member.uid___A001_X1467_X1e7._104173__sci.spw16_18_20_22.cont.I.pbcor.fits
uid___A001_X1467_X1d3,uid___A001_X1467_X1e2,uid___A001_X1467_X1e7,https://casdc.china-vo.org/mirror/ALMAGAL/2019.1.00195.L/QA2/science_goal.uid___A001_X1467_X1d3/group.uid___A001_X1467_X1e2/member.uid___A001_X1467_X1e7/product/member.uid___A001_X1467_X1e7._104316__sci.spw16_18_20_22.cont.I.pbcor.fits
uid___A001_X1467_X1d3,uid___A001_X1467_X1e2,uid___A001_X1467_X1e7,https://casdc.china-vo.org/mirror/ALMAGAL/2019.1.00195.L/QA2/science_goal.uid___A001_X1467_X1d3/group.uid___A001_X1467_X1e2/member.uid___A001_X1467_X1e7/product/member.uid___A001_X1467_X1e7._104344__sci.spw16_18_20_22.cont.I.pbcor.fits
uid___A001_X1467_X1d3,uid___A001_X1467_X1e2,uid___A001_X1467_X1e7,https://casdc.china-vo.org/mirror/ALMAGAL/2019.1.00195.L/QA2/science_goal.uid___A001_X1467_X1d3/group.uid___A001_X1467_X1e2/member.uid___A001_X1467_X1e7/product/member.uid___A001_X1467_X1e7._104431__sci.spw16_18_20_22.cont.I.pbcor.fits
uid___A001_X1467_X1d3,uid___A001_X1467_X1e2,uid___A001_X1467_X1e7,https://casdc.china-vo.org/mirror/ALMAGAL/2019.1.00195.L/QA2/science_goal.uid___A001_X1467_X1d3/group.uid___A001_X1467_X1e2/member.uid___A001_X1467_X1e7/product/member.uid___A001_X1467_X1e7._104579__sci.spw16_18_20_22.cont.I.pbcor.fits
uid___A001_X1467_X1d3,uid___A001_X1467_X1e2,uid___A001_X1467_X1e7,https://casdc.china-vo.org/mirror/ALMAGAL/2019.1.00195.L/QA2/science_goal.uid___A001_X1467_X1d3/group.uid___A001_X1467_X1e2/member.uid___A001_X1467_X1e7/product/member.uid___A001_X1467_X1e7._104846__sci.spw16_18_20_22.cont.I.pbcor.fits
uid___A001_X1467_X1d3,uid___A001_X1467_X1e2,uid___A001_X1467_X1e7,https://casdc.china-vo.org/mirror/ALMAGAL/2019.1.00195.L/QA2/science_goal.uid___A001_X1467_X1d3/group.uid___A001_X1467_X1e2/member.uid___A001_X1467_X1e7/product/member.uid___A001_X1467_X1e7._105009__sci.spw16_18_20_22.cont.I.pbcor.fits
uid___A001_X1467_X1d3,uid___A001_X1467_X1e2,uid___A001_X1467_X1e7,https://casdc.china-vo.org/mirror/ALMAGAL/2019.1.00195.L/QA2/science_goal.uid___A001_X1467_X1d3/group.uid___A001_X1467_X1e2/member.uid___A001_X1467_X1e7/product/member.uid___A001_X1467_X1e7._105028__sci.spw16_18_20_22.cont.I.pbcor.fits
uid___A001_X1467_X1d3,uid___A001_X1467_X1e2,uid___A001_X1467_X1e7,https://casdc.china-vo.org/mirror/ALMAGAL/2019.1.00195.L/QA2/science_goal.uid___A001_X1467_X1d3/group.uid___A001_X1467_X1e2/member.uid___A001_X1467_X1e7/product/member.uid___A001_X1467_X1e7._105388__sci.spw16_18_20_22.cont.I.pbcor.fits
uid___A001_X1467_X1d3,uid___A001_X1467_X1e2,uid___A001_X1467_X1e7,https://casdc.china-vo.org/mirror/ALMAGAL/2019.1.00195.L/QA2/science_goal.uid___A001_X1467_X1d3/group.uid___A001_X1467_X1e2/member.uid___A001_X1467_X1e7/product/member.uid___A001_X1467_X1e7._105642__sci.spw16_18_20_22.cont.I.pbcor.fits
uid___A001_X1467_X1d3,uid___A001_X1467_X1e2,uid___A001_X1467_X1e7,https://casdc.china-vo.org/mirror/ALMAGAL/2019.1.00195.L/QA2/science_goal.uid___A001_X1467_X1d3/group.uid___A001_X1467_X1e2/member.uid___A001_X1467_X1e7/product/member.uid___A001_X1467_X1e7._105657__sci.spw16_18_20_22.cont.I.pbcor.fits
uid___A001_X1467_X1d3,uid___A001_X1467_X1e2,uid___A001_X1467_X1e7,https://casdc.china-vo.org/mirror/ALMAGAL/2019.1.00195.L/QA2/science_goal.uid___A001_X1467_X1d3/group.uid___A001_X1467_X1e2/member.uid___A001_X1467_X1e7/product/member.uid___A001_X1467_X1e7._105803__sci.spw16_18_20_22.cont.I.pbcor.fits
uid___A001_X1467_X1d3,uid___A001_X1467_X1e2,uid___A001_X1467_X1e7,https://casdc.china-vo.org/mirror/ALMAGAL/2019.1.00195.L/QA2/science_goal.uid___A001_X1467_X1d3/group.uid___A001_X1467_X1e2/member.uid___A001_X1467_X1e7/product/member.uid___A001_X1467_X1e7._105855__sci.spw16_18_20_22.cont.I.pbcor.fits
uid___A001_X1467_X1d3,uid___A001_X1467_X1e2,uid___A001_X1467_X1e7,https://casdc.china-vo.org/mirror/ALMAGAL/2019.1.00195.L/QA2/science_goal.uid___A001_X1467_X1d3/group.uid___A001_X1467_X1e2/member.uid___A001_X1467_X1e7/product/member.uid___A001_X1467_X1e7._106974__sci.spw16_18_20_22.cont.I.pbcor.fits
uid___A001_X1467_X1d3,uid___A001_X1467_X1e2,uid___A001_X1467_X1e7,https://casdc.china-vo.org/mirror/ALMAGAL/2019.1.00195.L/QA2/science_goal.uid___A001_X1467_X1d3/group.uid___A001_X1467_X1e2/member.uid___A001_X1467_X1e7/product/member.uid___A001_X1467_X1e7._107003__sci.spw16_18_20_22.cont.I.pbcor.fits
uid___A001_X1467_X1d3,uid___A001_X1467_X1e2,uid___A001_X1467_X1e7,https://casdc.china-vo.org/mirror/ALMAGAL/2019.1.00195.L/QA2/science_goal.uid___A001_X1467_X1d3/group.uid___A001_X1467_X1e2/member.uid___A001_X1467_X1e7/product/member.uid___A001_X1467_X1e7._107025__sci.spw16_18_20_22.cont.I.pbcor.fits
uid___A001_X1467_X1d3,uid___A001_X1467_X1e2,uid___A001_X1467_X1e7,https://casdc.china-vo.org/mirror/ALMAGAL/2019.1.00195.L/QA2/science_goal.uid___A001_X1467_X1d3/group.uid___A001_X1467_X1e2/member.uid___A001_X1467_X1e7/product/member.uid___A001_X1467_X1e7._107032__sci.spw16_18_20_22.cont.I.pbcor.fits
uid___A001_X1467_X1d3,uid___A001_X1467_X1e2,uid___A001_X1467_X1e7,https://casdc.china-vo.org/mirror/ALMAGAL/2019.1.00195.L/QA2/science_goal.uid___A001_X1467_X1d3/group.uid___A001_X1467_X1e2/member.uid___A001_X1467_X1e7/product/member.uid___A001_X1467_X1e7._107085__sci.spw16_18_20_22.cont.I.pbcor.fits
uid___A001_X1467_X1d3,uid___A001_X1467_X1e2,uid___A001_X1467_X1e7,https://casdc.china-vo.org/mirror/ALMAGAL/2019.1.00195.L/QA2/science_goal.uid___A001_X1467_X1d3/group.uid___A001_X1467_X1e2/member.uid___A001_X1467_X1e7/product/member.uid___A001_X1467_X1e7._107167__sci.spw16_18_20_22.cont.I.pbcor.fits
uid___A001_X1467_X1d3,uid___A001_X1467_X1e2,uid___A001_X1467_X1e7,https://casdc.china-vo.org/mirror/ALMAGAL/2019.1.00195.L/QA2/science_goal.uid___A001_X1467_X1d3/group.uid___A001_X1467_X1e2/member.uid___A001_X1467_X1e7/product/member.uid___A001_X1467_X1e7._107365__sci.spw16_18_20_22.cont.I.pbcor.fits
uid___A001_X1467_X1d3,uid___A001_X1467_X1e2,uid___A001_X1467_X1e7,https://casdc.china-vo.org/mirror/ALMAGAL/2019.1.00195.L/QA2/science_goal.uid___A001_X1467_X1d3/group.uid___A001_X1467_X1e2/member.uid___A001_X1467_X1e7/product/member.uid___A001_X1467_X1e7._107427__sci.spw16_18_20_22.cont.I.pbcor.fits
uid___A001_X1467_X1d3,uid___A001_X1467_X1e2,uid___A001_X1467_X1e7,https://casdc.china-vo.org/mirror/ALMAGAL/2019.1.00195.L/QA2/science_goal.uid___A001_X1467_X1d3/group.uid___A001_X1467_X1e2/member.uid___A001_X1467_X1e7/product/member.uid___A001_X1467_X1e7._107612__sci.spw16_18_20_22.cont.I.pbcor.fits
uid___A001_X1467_X1d3,uid___A001_X1467_X1e2,uid___A001_X1467_X1e7,https://casdc.china-vo.org/mirror/ALMAGAL/2019.1.00195.L/QA2/science_goal.uid___A001_X1467_X1d3/group.uid___A001_X1467_X1e2/member.uid___A001_X1467_X1e7/product/member.uid___A001_X1467_X1e7._108213__sci.spw16_18_20_22.cont.I.pbcor.fits
uid___A001_X1467_X1d3,uid___A001_X1467_X1e2,uid___A001_X1467_X1e7,https://casdc.china-vo.org/mirror/ALMAGAL/2019.1.00195.L/QA2/science_goal.uid___A001_X1467_X1d3/group.uid___A001_X1467_X1e2/member.uid___A001_X1467_X1e7/product/member.uid___A001_X1467_X1e7._108461__sci.spw16_18_20_22.cont.I.pbcor.fits
uid___A001_X1467_X1d3,uid___A001_X1467_X1e2,uid___A001_X1467_X1e7,https://casdc.china-vo.org/mirror/ALMAGAL/2019.1.00195.L/QA2/science_goal.uid___A001_X1467_X1d3/group.uid___A001_X1467_X1e2/member.uid___A001_X1467_X1e7/product/member.uid___A001_X1467_X1e7._108506__sci.spw16_18_20_22.cont.I.pbcor.fits
uid___A001_X1467_X1d3,uid___A001_X1467_X1e2,uid___A001_X1467_X1e7,https://casdc.china-vo.org/mirror/ALMAGAL/2019.1.00195.L/QA2/science_goal.uid___A001_X1467_X1d3/group.uid___A001_X1467_X1e2/member.uid___A001_X1467_X1e7/product/member.uid___A001_X1467_X1e7._108668__sci.spw16_18_20_22.cont.I.pbcor.fits
uid___A001_X1467_X1d3,uid___A001_X1467_X1e2,uid___A001_X1467_X1e7,https://casdc.china-vo.org/mirror/ALMAGAL/2019.1.00195.L/QA2/science_goal.uid___A001_X1467_X1d3/group.uid___A001_X1467_X1e2/member.uid___A001_X1467_X1e7/product/member.uid___A001_X1467_X1e7._108768__sci.spw16_18_20_22.cont.I.pbcor.fits
uid___A001_X1467_X1d3,uid___A001_X1467_X1e2,uid___A001_X1467_X1e7,https://casdc.china-vo.org/mirror/ALMAGAL/2019.1.00195.L/QA2/science_goal.uid___A001_X1467_X1d3/group.uid___A001_X1467_X1e2/member.uid___A001_X1467_X1e7/product/member.uid___A001_X1467_X1e7._108827__sci.spw16_18_20_22.cont.I.pbcor.fits
uid___A001_X1467_X1d3,uid___A001_X1467_X1e2,uid___A001_X1467_X1e7,https://casdc.china-vo.org/mirror/ALMAGAL/2019.1.00195.L/QA2/science_goal.uid___A001_X1467_X1d3/group.uid___A001_X1467_X1e2/member.uid___A001_X1467_X1e7/product/member.uid___A001_X1467_X1e7._109047__sci.spw16_18_20_22.cont.I.pbcor.fits
uid___A001_X1467_X1d3,uid___A001_X1467_X1e2,uid___A001_X1467_X1e7,https://casdc.china-vo.org/mirror/ALMAGAL/2019.1.00195.L/QA2/science_goal.uid___A001_X1467_X1d3/group.uid___A001_X1467_X1e2/member.uid___A001_X1467_X1e7/product/member.uid___A001_X1467_X1e7._109223__sci.spw16_18_20_22.cont.I.pbcor.fits
uid___A001_X1467_X1d3,uid___A001_X1467_X1e2,uid___A001_X1467_X1e7,https://casdc.china-vo.org/mirror/ALMAGAL/2019.1.00195.L/QA2/science_goal.uid___A001_X1467_X1d3/group.uid___A001_X1467_X1e2/member.uid___A001_X1467_X1e7/product/member.uid___A001_X1467_X1e7._109264__sci.spw16_18_20_22.cont.I.pbcor.fits
uid___A001_X1467_X1d3,uid___A001_X1467_X1e2,uid___A001_X1467_X1e7,https://casdc.china-vo.org/mirror/ALMAGAL/2019.1.00195.L/QA2/science_goal.uid___A001_X1467_X1d3/group.uid___A001_X1467_X1e2/member.uid___A001_X1467_X1e7/product/member.uid___A001_X1467_X1e7._109336__sci.spw16_18_20_22.cont.I.pbcor.fits
uid___A001_X1467_X1d3,uid___A001_X1467_X1e2,uid___A001_X1467_X1e7,https://casdc.china-vo.org/mirror/ALMAGAL/2019.1.00195.L/QA2/science_goal.uid___A001_X1467_X1d3/group.uid___A001_X1467_X1e2/member.uid___A001_X1467_X1e7/product/member.uid___A001_X1467_X1e7._109442__sci.spw16_18_20_22.cont.I.pbcor.fits
uid___A001_X1467_X1d3,uid___A001_X1467_X1e2,uid___A001_X1467_X1e7,https://casdc.china-vo.org/mirror/ALMAGAL/2019.1.00195.L/QA2/science_goal.uid___A001_X1467_X1d3/group.uid___A001_X1467_X1e2/member.uid___A001_X1467_X1e7/product/member.uid___A001_X1467_X1e7._109444__sci.spw16_18_20_22.cont.I.pbcor.fits
uid___A001_X1467_X1d3,uid___A001_X1467_X1e2,uid___A001_X1467_X1e7,https://casdc.china-vo.org/mirror/ALMAGAL/2019.1.00195.L/QA2/science_goal.uid___A001_X1467_X1d3/group.uid___A001_X1467_X1e2/member.uid___A001_X1467_X1e7/product/member.uid___A001_X1467_X1e7._109526__sci.spw16_18_20_22.cont.I.pbcor.fits
uid___A001_X1467_X1d3,uid___A001_X1467_X1e2,uid___A001_X1467_X1e7,https://casdc.china-vo.org/mirror/ALMAGAL/2019.1.00195.L/QA2/science_goal.uid___A001_X1467_X1d3/group.uid___A001_X1467_X1e2/member.uid___A001_X1467_X1e7/product/member.uid___A001_X1467_X1e7._109538__sci.spw16_18_20_22.cont.I.pbcor.fits
uid___A001_X1467_X1d3,uid___A001_X1467_X1e2,uid___A001_X1467_X1e7,https://casdc.china-vo.org/mirror/ALMAGAL/2019.1.00195.L/QA2/science_goal.uid___A001_X1467_X1d3/group.uid___A001_X1467_X1e2/member.uid___A001_X1467_X1e7/product/member.uid___A001_X1467_X1e7._109559__sci.spw16_18_20_22.cont.I.pbcor.fits
uid___A001_X1467_X1d3,uid___A001_X1467_X1e2,uid___A001_X1467_X1e7,https://casdc.china-vo.org/mirror/ALMAGAL/2019.1.00195.L/QA2/science_goal.uid___A001_X1467_X1d3/group.uid___A001_X1467_X1e2/member.uid___A001_X1467_X1e7/product/member.uid___A001_X1467_X1e7._109588__sci.spw16_18_20_22.cont.I.pbcor.fits
uid___A001_X1467_X1d3,uid___A001_X1467_X1e2,uid___A001_X1467_X1e7,https://casdc.china-vo.org/mirror/ALMAGAL/2019.1.00195.L/QA2/science_goal.uid___A001_X1467_X1d3/group.uid___A001_X1467_X1e2/member.uid___A001_X1467_X1e7/product/member.uid___A001_X1467_X1e7._109669__sci.spw16_18_20_22.cont.I.pbcor.fits
uid___A001_X1467_X1d3,uid___A001_X1467_X1e2,uid___A001_X1467_X1e7,https://casdc.china-vo.org/mirror/ALMAGAL/2019.1.00195.L/QA2/science_goal.uid___A001_X1467_X1d3/group.uid___A001_X1467_X1e2/member.uid___A001_X1467_X1e7/product/member.uid___A001_X1467_X1e7._110233__sci.spw16_18_20_22.cont.I.pbcor.fits
uid___A001_X1467_X1d3,uid___A001_X1467_X1e2,uid___A001_X1467_X1e7,https://casdc.china-vo.org/mirror/ALMAGAL/2019.1.00195.L/QA2/science_goal.uid___A001_X1467_X1d3/group.uid___A001_X1467_X1e2/member.uid___A001_X1467_X1e7/product/member.uid___A001_X1467_X1e7._110376__sci.spw16_18_20_22.cont.I.pbcor.fits
uid___A001_X1467_X1d3,uid___A001_X1467_X1e2,uid___A001_X1467_X1e7,https://casdc.china-vo.org/mirror/ALMAGAL/2019.1.00195.L/QA2/science_goal.uid___A001_X1467_X1d3/group.uid___A001_X1467_X1e2/member.uid___A001_X1467_X1e7/product/member.uid___A001_X1467_X1e7._110522__sci.spw16_18_20_22.cont.I.pbcor.fits
uid___A001_X1467_X1d3,uid___A001_X1467_X1e2,uid___A001_X1467_X1e7,https://casdc.china-vo.org/mirror/ALMAGAL/2019.1.00195.L/QA2/science_goal.uid___A001_X1467_X1d3/group.uid___A001_X1467_X1e2/member.uid___A001_X1467_X1e7/product/member.uid___A001_X1467_X1e7._110679__sci.spw16_18_20_22.cont.I.pbcor.fits
uid___A001_X1467_X1d3,uid___A001_X1467_X1e2,uid___A001_X1467_X1e7,https://casdc.china-vo.org/mirror/ALMAGAL/2019.1.00195.L/QA2/science_goal.uid___A001_X1467_X1d3/group.uid___A001_X1467_X1e2/member.uid___A001_X1467_X1e7/product/member.uid___A001_X1467_X1e7._110817__sci.spw16_18_20_22.cont.I.pbcor.fits
uid___A001_X1467_X1d3,uid___A001_X1467_X1e2,uid___A001_X1467_X1e7,https://casdc.china-vo.org/mirror/ALMAGAL/2019.1.00195.L/QA2/science_goal.uid___A001_X1467_X1d3/group.uid___A001_X1467_X1e2/member.uid___A001_X1467_X1e7/product/member.uid___A001_X1467_X1e7._110831__sci.spw16_18_20_22.cont.I.pbcor.fits
uid___A001_X1467_X1d3,uid___A001_X1467_X1e2,uid___A001_X1467_X1e7,https://casdc.china-vo.org/mirror/ALMAGAL/2019.1.00195.L/QA2/science_goal.uid___A001_X1467_X1d3/group.uid___A001_X1467_X1e2/member.uid___A001_X1467_X1e7/product/member.uid___A001_X1467_X1e7._111140__sci.spw16_18_20_22.cont.I.pbcor.fits
uid___A001_X1467_X1d3,uid___A001_X1467_X1e2,uid___A001_X1467_X1e7,https://casdc.china-vo.org/mirror/ALMAGAL/2019.1.00195.L/QA2/science_goal.uid___A001_X1467_X1d3/group.uid___A001_X1467_X1e2/member.uid___A001_X1467_X1e7/product/member.uid___A001_X1467_X1e7._111167__sci.spw16_18_20_22.cont.I.pbcor.fits
uid___A001_X1467_X1d3,uid___A001_X1467_X1e2,uid___A001_X1467_X1e7,https://casdc.china-vo.org/mirror/ALMAGAL/2019.1.00195.L/QA2/science_goal.uid___A001_X1467_X1d3/group.uid___A001_X1467_X1e2/member.uid___A001_X1467_X1e7/product/member.uid___A001_X1467_X1e7._111597__sci.spw16_18_20_22.cont.I.pbcor.fits
uid___A001_X1467_X1d3,uid___A001_X1467_X1e2,uid___A001_X1467_X1e7,https://casdc.china-vo.org/mirror/ALMAGAL/2019.1.00195.L/QA2/science_goal.uid___A001_X1467_X1d3/group.uid___A001_X1467_X1e2/member.uid___A001_X1467_X1e7/product/member.uid___A001_X1467_X1e7._112169__sci.spw16_18_20_22.cont.I.pbcor.fits
uid___A001_X1467_X1d3,uid___A001_X1467_X1e2,uid___A001_X1467_X1e7,https://casdc.china-vo.org/mirror/ALMAGAL/2019.1.00195.L/QA2/science_goal.uid___A001_X1467_X1d3/group.uid___A001_X1467_X1e2/member.uid___A001_X1467_X1e7/product/member.uid___A001_X1467_X1e7._112687__sci.spw16_18_20_22.cont.I.pbcor.fits
uid___A001_X1467_X1d3,uid___A001_X1467_X1e2,uid___A001_X1467_X1e7,https://casdc.china-vo.org/mirror/ALMAGAL/2019.1.00195.L/QA2/science_goal.uid___A001_X1467_X1d3/group.uid___A001_X1467_X1e2/member.uid___A001_X1467_X1e7/product/member.uid___A001_X1467_X1e7._112705__sci.spw16_18_20_22.cont.I.pbcor.fits
uid___A001_X1467_X1d3,uid___A001_X1467_X1e2,uid___A001_X1467_X1e7,https://casdc.china-vo.org/mirror/ALMAGAL/2019.1.00195.L/QA2/science_goal.uid___A001_X1467_X1d3/group.uid___A001_X1467_X1e2/member.uid___A001_X1467_X1e7/product/member.uid___A001_X1467_X1e7._113872__sci.spw16_18_20_22.cont.I.pbcor.fits
uid___A001_X1467_X1d3,uid___A001_X1467_X1e2,uid___A001_X1467_X1e7,https://casdc.china-vo.org/mirror/ALMAGAL/2019.1.00195.L/QA2/science_goal.uid___A001_X1467_X1d3/group.uid___A001_X1467_X1e2/member.uid___A001_X1467_X1e7/product/member.uid___A001_X1467_X1e7._113972__sci.spw16_18_20_22.cont.I.pbcor.fits
uid___A001_X1467_X1d3,uid___A001_X1467_X1e2,uid___A001_X1467_X1e7,https://casdc.china-vo.org/mirror/ALMAGAL/2019.1.00195.L/QA2/science_goal.uid___A001_X1467_X1d3/group.uid___A001_X1467_X1e2/member.uid___A001_X1467_X1e7/product/member.uid___A001_X1467_X1e7._114043__sci.spw16_18_20_22.cont.I.pbcor.fits
uid___A001_X1467_X1d3,uid___A001_X1467_X1e2,uid___A001_X1467_X1e7,https://casdc.china-vo.org/mirror/ALMAGAL/2019.1.00195.L/QA2/science_goal.uid___A001_X1467_X1d3/group.uid___A001_X1467_X1e2/member.uid___A001_X1467_X1e7/product/member.uid___A001_X1467_X1e7._114295__sci.spw16_18_20_22.cont.I.pbcor.fits
uid___A001_X1467_X1d3,uid___A001_X1467_X1e2,uid___A001_X1467_X1e7,https://casdc.china-vo.org/mirror/ALMAGAL/2019.1.00195.L/QA2/science_goal.uid___A001_X1467_X1d3/group.uid___A001_X1467_X1e2/member.uid___A001_X1467_X1e7/product/member.uid___A001_X1467_X1e7._114577__sci.spw16_18_20_22.cont.I.pbcor.fits
uid___A001_X1467_X1d3,uid___A001_X1467_X1e2,uid___A001_X1467_X1e7,https://casdc.china-vo.org/mirror/ALMAGAL/2019.1.00195.L/QA2/science_goal.uid___A001_X1467_X1d3/group.uid___A001_X1467_X1e2/member.uid___A001_X1467_X1e7/product/member.uid___A001_X1467_X1e7._115005__sci.spw16_18_20_22.cont.I.pbcor.fits
uid___A001_X1467_X1d3,uid___A001_X1467_X1e2,uid___A001_X1467_X1e7,https://casdc.china-vo.org/mirror/ALMAGAL/2019.1.00195.L/QA2/science_goal.uid___A001_X1467_X1d3/group.uid___A001_X1467_X1e2/member.uid___A001_X1467_X1e7/product/member.uid___A001_X1467_X1e7._115327__sci.spw16_18_20_22.cont.I.pbcor.fits
uid___A001_X1467_X1d3,uid___A001_X1467_X1e2,uid___A001_X1467_X1e7,https://casdc.china-vo.org/mirror/ALMAGAL/2019.1.00195.L/QA2/science_goal.uid___A001_X1467_X1d3/group.uid___A001_X1467_X1e2/member.uid___A001_X1467_X1e7/product/member.uid___A001_X1467_X1e7._115679__sci.spw16_18_20_22.cont.I.pbcor.fits
uid___A001_X1467_X1d3,uid___A001_X1467_X1e2,uid___A001_X1467_X1e7,https://casdc.china-vo.org/mirror/ALMAGAL/2019.1.00195.L/QA2/science_goal.uid___A001_X1467_X1d3/group.uid___A001_X1467_X1e2/member.uid___A001_X1467_X1e7/product/member.uid___A001_X1467_X1e7._115936__sci.spw16_18_20_22.cont.I.pbcor.fits
uid___A001_X1467_X1d3,uid___A001_X1467_X1e2,uid___A001_X1467_X1e7,https://casdc.china-vo.org/mirror/ALMAGAL/2019.1.00195.L/QA2/science_goal.uid___A001_X1467_X1d3/group.uid___A001_X1467_X1e2/member.uid___A001_X1467_X1e7/product/member.uid___A001_X1467_X1e7._115961__sci.spw16_18_20_22.cont.I.pbcor.fits
uid___A001_X1467_X1d3,uid___A001_X1467_X1e2,uid___A001_X1467_X1e7,https://casdc.china-vo.org/mirror/ALMAGAL/2019.1.00195.L/QA2/science_goal.uid___A001_X1467_X1d3/group.uid___A001_X1467_X1e2/member.uid___A001_X1467_X1e7/product/member.uid___A001_X1467_X1e7._115972__sci.spw16_18_20_22.cont.I.pbcor.fits
uid___A001_X1467_X1d3,uid___A001_X1467_X1e2,uid___A001_X1467_X1e7,https://casdc.china-vo.org/mirror/ALMAGAL/2019.1.00195.L/QA2/science_goal.uid___A001_X1467_X1d3/group.uid___A001_X1467_X1e2/member.uid___A001_X1467_X1e7/product/member.uid___A001_X1467_X1e7._116088__sci.spw16_18_20_22.cont.I.pbcor.fits
uid___A001_X1467_X1d3,uid___A001_X1467_X1e2,uid___A001_X1467_X1e7,https://casdc.china-vo.org/mirror/ALMAGAL/2019.1.00195.L/QA2/science_goal.uid___A001_X1467_X1d3/group.uid___A001_X1467_X1e2/member.uid___A001_X1467_X1e7/product/member.uid___A001_X1467_X1e7._116415__sci.spw16_18_20_22.cont.I.pbcor.fits
uid___A001_X1467_X1d3,uid___A001_X1467_X1e2,uid___A001_X1467_X1e7,https://casdc.china-vo.org/mirror/ALMAGAL/2019.1.00195.L/QA2/science_goal.uid___A001_X1467_X1d3/group.uid___A001_X1467_X1e2/member.uid___A001_X1467_X1e7/product/member.uid___A001_X1467_X1e7._116752__sci.spw16_18_20_22.cont.I.pbcor.fits
uid___A001_X1467_X1d3,uid___A001_X1467_X1e2,uid___A001_X1467_X1e7,https://casdc.china-vo.org/mirror/ALMAGAL/2019.1.00195.L/QA2/science_goal.uid___A001_X1467_X1d3/group.uid___A001_X1467_X1e2/member.uid___A001_X1467_X1e7/product/member.uid___A001_X1467_X1e7._116842__sci.spw16_18_20_22.cont.I.pbcor.fits
uid___A001_X1467_X1d3,uid___A001_X1467_X1e2,uid___A001_X1467_X1e7,https://casdc.china-vo.org/mirror/ALMAGAL/2019.1.00195.L/QA2/science_goal.uid___A001_X1467_X1d3/group.uid___A001_X1467_X1e2/member.uid___A001_X1467_X1e7/product/member.uid___A001_X1467_X1e7._117544__sci.spw16_18_20_22.cont.I.pbcor.fits
uid___A001_X1467_X1d3,uid___A001_X1467_X1e2,uid___A001_X1467_X1e7,https://casdc.china-vo.org/mirror/ALMAGAL/2019.1.00195.L/QA2/science_goal.uid___A001_X1467_X1d3/group.uid___A001_X1467_X1e2/member.uid___A001_X1467_X1e7/product/member.uid___A001_X1467_X1e7._117909__sci.spw16_18_20_22.cont.I.pbcor.fits
uid___A001_X1467_X1d3,uid___A001_X1467_X1e2,uid___A001_X1467_X1e7,https://casdc.china-vo.org/mirror/ALMAGAL/2019.1.00195.L/QA2/science_goal.uid___A001_X1467_X1d3/group.uid___A001_X1467_X1e2/member.uid___A001_X1467_X1e7/product/member.uid___A001_X1467_X1e7._118203__sci.spw16_18_20_22.cont.I.pbcor.fits
uid___A001_X1467_X1d3,uid___A001_X1467_X1e2,uid___A001_X1467_X1e7,https://casdc.china-vo.org/mirror/ALMAGAL/2019.1.00195.L/QA2/science_goal.uid___A001_X1467_X1d3/group.uid___A001_X1467_X1e2/member.uid___A001_X1467_X1e7/product/member.uid___A001_X1467_X1e7._118234__sci.spw16_18_20_22.cont.I.pbcor.fits
uid___A001_X1467_X1d3,uid___A001_X1467_X1e2,uid___A001_X1467_X1e7,https://casdc.china-vo.org/mirror/ALMAGAL/2019.1.00195.L/QA2/science_goal.uid___A001_X1467_X1d3/group.uid___A001_X1467_X1e2/member.uid___A001_X1467_X1e7/product/member.uid___A001_X1467_X1e7._118969__sci.spw16_18_20_22.cont.I.pbcor.fits
uid___A001_X1467_X1d3,uid___A001_X1467_X1e2,uid___A001_X1467_X1e7,https://casdc.china-vo.org/mirror/ALMAGAL/2019.1.00195.L/QA2/science_goal.uid___A001_X1467_X1d3/group.uid___A001_X1467_X1e2/member.uid___A001_X1467_X1e7/product/member.uid___A001_X1467_X1e7._119012__sci.spw16_18_20_22.cont.I.pbcor.fits
uid___A001_X1467_X1d3,uid___A001_X1467_X1e2,uid___A001_X1467_X1e7,https://casdc.china-vo.org/mirror/ALMAGAL/2019.1.00195.L/QA2/science_goal.uid___A001_X1467_X1d3/group.uid___A001_X1467_X1e2/member.uid___A001_X1467_X1e7/product/member.uid___A001_X1467_X1e7._119601__sci.spw16_18_20_22.cont.I.pbcor.fits
uid___A001_X1467_X1d3,uid___A001_X1467_X1e2,uid___A001_X1467_X1e7,https://casdc.china-vo.org/mirror/ALMAGAL/2019.1.00195.L/QA2/science_goal.uid___A001_X1467_X1d3/group.uid___A001_X1467_X1e2/member.uid___A001_X1467_X1e7/product/member.uid___A001_X1467_X1e7._119837__sci.spw16_18_20_22.cont.I.pbcor.fits
uid___A001_X1467_X1d3,uid___A001_X1467_X1e2,uid___A001_X1467_X1e7,https://casdc.china-vo.org/mirror/ALMAGAL/2019.1.00195.L/QA2/science_goal.uid___A001_X1467_X1d3/group.uid___A001_X1467_X1e2/member.uid___A001_X1467_X1e7/product/member.uid___A001_X1467_X1e7._120427__sci.spw16_18_20_22.cont.I.pbcor.fits
uid___A001_X1467_X1d3,uid___A001_X1467_X1e2,uid___A001_X1467_X1e7,https://casdc.china-vo.org/mirror/ALMAGAL/2019.1.00195.L/QA2/science_goal.uid___A001_X1467_X1d3/group.uid___A001_X1467_X1e2/member.uid___A001_X1467_X1e7/product/member.uid___A001_X1467_X1e7._120736__sci.spw16_18_20_22.cont.I.pbcor.fits
uid___A001_X1467_X1d3,uid___A001_X1467_X1e2,uid___A001_X1467_X1e7,https://casdc.china-vo.org/mirror/ALMAGAL/2019.1.00195.L/QA2/science_goal.uid___A001_X1467_X1d3/group.uid___A001_X1467_X1e2/member.uid___A001_X1467_X1e7/product/member.uid___A001_X1467_X1e7._121120__sci.spw16_18_20_22.cont.I.pbcor.fits
uid___A001_X1467_X1d3,uid___A001_X1467_X1e2,uid___A001_X1467_X1e7,https://casdc.china-vo.org/mirror/ALMAGAL/2019.1.00195.L/QA2/science_goal.uid___A001_X1467_X1d3/group.uid___A001_X1467_X1e2/member.uid___A001_X1467_X1e7/product/member.uid___A001_X1467_X1e7._121327__sci.spw16_18_20_22.cont.I.pbcor.fits
uid___A001_X1467_X1d3,uid___A001_X1467_X1e2,uid___A001_X1467_X1e7,https://casdc.china-vo.org/mirror/ALMAGAL/2019.1.00195.L/QA2/science_goal.uid___A001_X1467_X1d3/group.uid___A001_X1467_X1e2/member.uid___A001_X1467_X1e7/product/member.uid___A001_X1467_X1e7._122361__sci.spw16_18_20_22.cont.I.pbcor.fits
uid___A001_X1467_X1d3,uid___A001_X1467_X1e2,uid___A001_X1467_X1e7,https://casdc.china-vo.org/mirror/ALMAGAL/2019.1.00195.L/QA2/science_goal.uid___A001_X1467_X1d3/group.uid___A001_X1467_X1e2/member.uid___A001_X1467_X1e7/product/member.uid___A001_X1467_X1e7._123353__sci.spw16_18_20_22.cont.I.pbcor.fits
uid___A001_X1467_X1d3,uid___A001_X1467_X1e2,uid___A001_X1467_X1e7,https://casdc.china-vo.org/mirror/ALMAGAL/2019.1.00195.L/QA2/science_goal.uid___A001_X1467_X1d3/group.uid___A001_X1467_X1e2/member.uid___A001_X1467_X1e7/product/member.uid___A001_X1467_X1e7._123588__sci.spw16_18_20_22.cont.I.pbcor.fits
uid___A001_X1467_X1d3,uid___A001_X1467_X1e2,uid___A001_X1467_X1e7,https://casdc.china-vo.org/mirror/ALMAGAL/2019.1.00195.L/QA2/science_goal.uid___A001_X1467_X1d3/group.uid___A001_X1467_X1e2/member.uid___A001_X1467_X1e7/product/member.uid___A001_X1467_X1e7._123833__sci.spw16_18_20_22.cont.I.pbcor.fits
uid___A001_X1467_X1d3,uid___A001_X1467_X1e2,uid___A001_X1467_X1e7,https://casdc.china-vo.org/mirror/ALMAGAL/2019.1.00195.L/QA2/science_goal.uid___A001_X1467_X1d3/group.uid___A001_X1467_X1e2/member.uid___A001_X1467_X1e7/product/member.uid___A001_X1467_X1e7._124049__sci.spw16_18_20_22.cont.I.pbcor.fits
uid___A001_X1467_X1d3,uid___A001_X1467_X1e2,uid___A001_X1467_X1e7,https://casdc.china-vo.org/mirror/ALMAGAL/2019.1.00195.L/QA2/science_goal.uid___A001_X1467_X1d3/group.uid___A001_X1467_X1e2/member.uid___A001_X1467_X1e7/product/member.uid___A001_X1467_X1e7._124103__sci.spw16_18_20_22.cont.I.pbcor.fits
uid___A001_X1467_X1d3,uid___A001_X1467_X1e2,uid___A001_X1467_X1e7,https://casdc.china-vo.org/mirror/ALMAGAL/2019.1.00195.L/QA2/science_goal.uid___A001_X1467_X1d3/group.uid___A001_X1467_X1e2/member.uid___A001_X1467_X1e7/product/member.uid___A001_X1467_X1e7._124177__sci.spw16_18_20_22.cont.I.pbcor.fits
uid___A001_X1467_X1d3,uid___A001_X1467_X1e2,uid___A001_X1467_X1e7,https://casdc.china-vo.org/mirror/ALMAGAL/2019.1.00195.L/QA2/science_goal.uid___A001_X1467_X1d3/group.uid___A001_X1467_X1e2/member.uid___A001_X1467_X1e7/product/member.uid___A001_X1467_X1e7._124513__sci.spw16_18_20_22.cont.I.pbcor.fits
uid___A001_X1467_X1d3,uid___A001_X1467_X1e2,uid___A001_X1467_X1e7,https://casdc.china-vo.org/mirror/ALMAGAL/2019.1.00195.L/QA2/science_goal.uid___A001_X1467_X1d3/group.uid___A001_X1467_X1e2/member.uid___A001_X1467_X1e7/product/member.uid___A001_X1467_X1e7._124569__sci.spw16_18_20_22.cont.I.pbcor.fits
uid___A001_X1467_X1d3,uid___A001_X1467_X1e2,uid___A001_X1467_X1e7,https://casdc.china-vo.org/mirror/ALMAGAL/2019.1.00195.L/QA2/science_goal.uid___A001_X1467_X1d3/group.uid___A001_X1467_X1e2/member.uid___A001_X1467_X1e7/product/member.uid___A001_X1467_X1e7._125404__sci.spw16_18_20_22.cont.I.pbcor.fits
uid___A001_X1467_X1d3,uid___A001_X1467_X1e2,uid___A001_X1467_X1e7,https://casdc.china-vo.org/mirror/ALMAGAL/2019.1.00195.L/QA2/science_goal.uid___A001_X1467_X1d3/group.uid___A001_X1467_X1e2/member.uid___A001_X1467_X1e7/product/member.uid___A001_X1467_X1e7._125419__sci.spw16_18_20_22.cont.I.pbcor.fits
uid___A001_X1467_X1d3,uid___A001_X1467_X1e2,uid___A001_X1467_X1e7,https://casdc.china-vo.org/mirror/ALMAGAL/2019.1.00195.L/QA2/science_goal.uid___A001_X1467_X1d3/group.uid___A001_X1467_X1e2/member.uid___A001_X1467_X1e7/product/member.uid___A001_X1467_X1e7._125470__sci.spw16_18_20_22.cont.I.pbcor.fits
uid___A001_X1467_X1d3,uid___A001_X1467_X1e2,uid___A001_X1467_X1e7,https://casdc.china-vo.org/mirror/ALMAGAL/2019.1.00195.L/QA2/science_goal.uid___A001_X1467_X1d3/group.uid___A001_X1467_X1e2/member.uid___A001_X1467_X1e7/product/member.uid___A001_X1467_X1e7._125589__sci.spw16_18_20_22.cont.I.pbcor.fits
uid___A001_X1467_X1d3,uid___A001_X1467_X1e2,uid___A001_X1467_X1e7,https://casdc.china-vo.org/mirror/ALMAGAL/2019.1.00195.L/QA2/science_goal.uid___A001_X1467_X1d3/group.uid___A001_X1467_X1e2/member.uid___A001_X1467_X1e7/product/member.uid___A001_X1467_X1e7._125727__sci.spw16_18_20_22.cont.I.pbcor.fits
uid___A001_X1467_X1d3,uid___A001_X1467_X1e2,uid___A001_X1467_X1e7,https://casdc.china-vo.org/mirror/ALMAGAL/2019.1.00195.L/QA2/science_goal.uid___A001_X1467_X1d3/group.uid___A001_X1467_X1e2/member.uid___A001_X1467_X1e7/product/member.uid___A001_X1467_X1e7._125751__sci.spw16_18_20_22.cont.I.pbcor.fits
uid___A001_X1467_X1d3,uid___A001_X1467_X1e2,uid___A001_X1467_X1e7,https://casdc.china-vo.org/mirror/ALMAGAL/2019.1.00195.L/QA2/science_goal.uid___A001_X1467_X1d3/group.uid___A001_X1467_X1e2/member.uid___A001_X1467_X1e7/product/member.uid___A001_X1467_X1e7._126057__sci.spw16_18_20_22.cont.I.pbcor.fits
uid___A001_X1467_X1d3,uid___A001_X1467_X1e2,uid___A001_X1467_X1e7,https://casdc.china-vo.org/mirror/ALMAGAL/2019.1.00195.L/QA2/science_goal.uid___A001_X1467_X1d3/group.uid___A001_X1467_X1e2/member.uid___A001_X1467_X1e7/product/member.uid___A001_X1467_X1e7._126212__sci.spw16_18_20_22.cont.I.pbcor.fits
uid___A001_X1467_X1d3,uid___A001_X1467_X1e2,uid___A001_X1467_X1e7,https://casdc.china-vo.org/mirror/ALMAGAL/2019.1.00195.L/QA2/science_goal.uid___A001_X1467_X1d3/group.uid___A001_X1467_X1e2/member.uid___A001_X1467_X1e7/product/member.uid___A001_X1467_X1e7._126427__sci.spw16_18_20_22.cont.I.pbcor.fits
uid___A001_X1467_X1d3,uid___A001_X1467_X1e2,uid___A001_X1467_X1e7,https://casdc.china-vo.org/mirror/ALMAGAL/2019.1.00195.L/QA2/science_goal.uid___A001_X1467_X1d3/group.uid___A001_X1467_X1e2/member.uid___A001_X1467_X1e7/product/member.uid___A001_X1467_X1e7._126607__sci.spw16_18_20_22.cont.I.pbcor.fits
uid___A001_X1467_X1d3,uid___A001_X1467_X1e2,uid___A001_X1467_X1e7,https://casdc.china-vo.org/mirror/ALMAGAL/2019.1.00195.L/QA2/science_goal.uid___A001_X1467_X1d3/group.uid___A001_X1467_X1e2/member.uid___A001_X1467_X1e7/product/member.uid___A001_X1467_X1e7._94582__sci.spw16_18_20_22.cont.I.pbcor.fits
uid___A001_X1467_X1d3,uid___A001_X1467_X1e2,uid___A001_X1467_X1e7,https://casdc.china-vo.org/mirror/ALMAGAL/2019.1.00195.L/QA2/science_goal.uid___A001_X1467_X1d3/group.uid___A001_X1467_X1e2/member.uid___A001_X1467_X1e7/product/member.uid___A001_X1467_X1e7._98101__sci.spw16_18_20_22.cont.I.pbcor.fits
uid___A001_X1467_X1d3,uid___A001_X1467_X1e2,uid___A001_X1467_X1e7,https://casdc.china-vo.org/mirror/ALMAGAL/2019.1.00195.L/QA2/science_goal.uid___A001_X1467_X1d3/group.uid___A001_X1467_X1e2/member.uid___A001_X1467_X1e7/product/member.uid___A001_X1467_X1e7._98539__sci.spw16_18_20_22.cont.I.pbcor.fits
uid___A001_X1467_X1d3,uid___A001_X1467_X1e2,uid___A001_X1467_X1e7,https://casdc.china-vo.org/mirror/ALMAGAL/2019.1.00195.L/QA2/science_goal.uid___A001_X1467_X1d3/group.uid___A001_X1467_X1e2/member.uid___A001_X1467_X1e7/product/member.uid___A001_X1467_X1e7._98623__sci.spw16_18_20_22.cont.I.pbcor.fits
uid___A001_X1467_X1d3,uid___A001_X1467_X1e2,uid___A001_X1467_X1e7,https://casdc.china-vo.org/mirror/ALMAGAL/2019.1.00195.L/QA2/science_goal.uid___A001_X1467_X1d3/group.uid___A001_X1467_X1e2/member.uid___A001_X1467_X1e7/product/member.uid___A001_X1467_X1e7._99085__sci.spw16_18_20_22.cont.I.pbcor.fits
uid___A001_X1467_X1d3,uid___A001_X1467_X1e2,uid___A001_X1467_X1e7,https://casdc.china-vo.org/mirror/ALMAGAL/2019.1.00195.L/QA2/science_goal.uid___A001_X1467_X1d3/group.uid___A001_X1467_X1e2/member.uid___A001_X1467_X1e7/product/member.uid___A001_X1467_X1e7._99410__sci.spw16_18_20_22.cont.I.pbcor.fits
uid___A001_X1467_X1d3,uid___A001_X1467_X1e9,uid___A001_X1467_X1ea,https://casdc.china-vo.org/mirror/ALMAGAL/2019.1.00195.L/QA2/science_goal.uid___A001_X1467_X1d3/group.uid___A001_X1467_X1e9/member.uid___A001_X1467_X1ea/product/member.uid___A001_X1467_X1ea._776981__sci.spw25_27_29_31.cont.I.pbcor.fits
uid___A001_X1467_X1d3,uid___A001_X1467_X1e9,uid___A001_X1467_X1ec,https://casdc.china-vo.org/mirror/ALMAGAL/2019.1.00195.L/QA2/science_goal.uid___A001_X1467_X1d3/group.uid___A001_X1467_X1e9/member.uid___A001_X1467_X1ec/product/member.uid___A001_X1467_X1ec._776981__sci.spw25_27_29_31.cont.I.pbcor.fits
uid___A001_X1467_X1d3,uid___A001_X1467_X1e9,uid___A001_X1467_X1ec,https://casdc.china-vo.org/mirror/ALMAGAL/2019.1.00195.L/QA2/science_goal.uid___A001_X1467_X1d3/group.uid___A001_X1467_X1e9/member.uid___A001_X1467_X1ec/product/member.uid___A001_X1467_X1ec._781946__sci.spw25_27_29_31.cont.I.pbcor.fits
uid___A001_X1467_X1d3,uid___A001_X1467_X1e9,uid___A001_X1467_X1ec,https://casdc.china-vo.org/mirror/ALMAGAL/2019.1.00195.L/QA2/science_goal.uid___A001_X1467_X1d3/group.uid___A001_X1467_X1e9/member.uid___A001_X1467_X1ec/product/member.uid___A001_X1467_X1ec._783304__sci.spw25_27_29_31.cont.I.pbcor.fits
uid___A001_X1467_X1d3,uid___A001_X1467_X1e9,uid___A001_X1467_X1ec,https://casdc.china-vo.org/mirror/ALMAGAL/2019.1.00195.L/QA2/science_goal.uid___A001_X1467_X1d3/group.uid___A001_X1467_X1e9/member.uid___A001_X1467_X1ec/product/member.uid___A001_X1467_X1ec._786515__sci.spw25_27_29_31.cont.I.pbcor.fits
uid___A001_X1467_X1d3,uid___A001_X1467_X1e9,uid___A001_X1467_X1ec,https://casdc.china-vo.org/mirror/ALMAGAL/2019.1.00195.L/QA2/science_goal.uid___A001_X1467_X1d3/group.uid___A001_X1467_X1e9/member.uid___A001_X1467_X1ec/product/member.uid___A001_X1467_X1ec._787536__sci.spw25_27_29_31.cont.I.pbcor.fits
uid___A001_X1467_X1d3,uid___A001_X1467_X1e9,uid___A001_X1467_X1ec,https://casdc.china-vo.org/mirror/ALMAGAL/2019.1.00195.L/QA2/science_goal.uid___A001_X1467_X1d3/group.uid___A001_X1467_X1e9/member.uid___A001_X1467_X1ec/product/member.uid___A001_X1467_X1ec._787998__sci.spw25_27_29_31.cont.I.pbcor.fits
uid___A001_X1467_X1d3,uid___A001_X1467_X1e9,uid___A001_X1467_X1ec,https://casdc.china-vo.org/mirror/ALMAGAL/2019.1.00195.L/QA2/science_goal.uid___A001_X1467_X1d3/group.uid___A001_X1467_X1e9/member.uid___A001_X1467_X1ec/product/member.uid___A001_X1467_X1ec._788556__sci.spw25_27_29_31.cont.I.pbcor.fits
uid___A001_X1467_X1d3,uid___A001_X1467_X1e9,uid___A001_X1467_X1ec,https://casdc.china-vo.org/mirror/ALMAGAL/2019.1.00195.L/QA2/science_goal.uid___A001_X1467_X1d3/group.uid___A001_X1467_X1e9/member.uid___A001_X1467_X1ec/product/member.uid___A001_X1467_X1ec._789814__sci.spw25_27_29_31.cont.I.pbcor.fits
uid___A001_X1467_X1d3,uid___A001_X1467_X1e9,uid___A001_X1467_X1ec,https://casdc.china-vo.org/mirror/ALMAGAL/2019.1.00195.L/QA2/science_goal.uid___A001_X1467_X1d3/group.uid___A001_X1467_X1e9/member.uid___A001_X1467_X1ec/product/member.uid___A001_X1467_X1ec._790555__sci.spw25_27_29_31.cont.I.pbcor.fits
uid___A001_X1467_X1d3,uid___A001_X1467_X1e9,uid___A001_X1467_X1ec,https://casdc.china-vo.org/mirror/ALMAGAL/2019.1.00195.L/QA2/science_goal.uid___A001_X1467_X1d3/group.uid___A001_X1467_X1e9/member.uid___A001_X1467_X1ec/product/member.uid___A001_X1467_X1ec._793967__sci.spw25_27_29_31.cont.I.pbcor.fits
uid___A001_X1467_X1d3,uid___A001_X1467_X1e9,uid___A001_X1467_X1ec,https://casdc.china-vo.org/mirror/ALMAGAL/2019.1.00195.L/QA2/science_goal.uid___A001_X1467_X1d3/group.uid___A001_X1467_X1e9/member.uid___A001_X1467_X1ec/product/member.uid___A001_X1467_X1ec._795321__sci.spw25_27_29_31.cont.I.pbcor.fits
uid___A001_X1467_X1d3,uid___A001_X1467_X1e9,uid___A001_X1467_X1ec,https://casdc.china-vo.org/mirror/ALMAGAL/2019.1.00195.L/QA2/science_goal.uid___A001_X1467_X1d3/group.uid___A001_X1467_X1e9/member.uid___A001_X1467_X1ec/product/member.uid___A001_X1467_X1ec._795627__sci.spw25_27_29_31.cont.I.pbcor.fits
uid___A001_X1467_X1d3,uid___A001_X1467_X1e9,uid___A001_X1467_X1ec,https://casdc.china-vo.org/mirror/ALMAGAL/2019.1.00195.L/QA2/science_goal.uid___A001_X1467_X1d3/group.uid___A001_X1467_X1e9/member.uid___A001_X1467_X1ec/product/member.uid___A001_X1467_X1ec._798299__sci.spw25_27_29_31.cont.I.pbcor.fits
uid___A001_X1467_X1d3,uid___A001_X1467_X1e9,uid___A001_X1467_X1ec,https://casdc.china-vo.org/mirror/ALMAGAL/2019.1.00195.L/QA2/science_goal.uid___A001_X1467_X1d3/group.uid___A001_X1467_X1e9/member.uid___A001_X1467_X1ec/product/member.uid___A001_X1467_X1ec._798710__sci.spw25_27_29_31.cont.I.pbcor.fits
uid___A001_X1467_X1d3,uid___A001_X1467_X1e9,uid___A001_X1467_X1ec,https://casdc.china-vo.org/mirror/ALMAGAL/2019.1.00195.L/QA2/science_goal.uid___A001_X1467_X1d3/group.uid___A001_X1467_X1e9/member.uid___A001_X1467_X1ec/product/member.uid___A001_X1467_X1ec._798755__sci.spw25_27_29_31.cont.I.pbcor.fits
uid___A001_X1467_X1d3,uid___A001_X1467_X1e9,uid___A001_X1467_X1ec,https://casdc.china-vo.org/mirror/ALMAGAL/2019.1.00195.L/QA2/science_goal.uid___A001_X1467_X1d3/group.uid___A001_X1467_X1e9/member.uid___A001_X1467_X1ec/product/member.uid___A001_X1467_X1ec._799461__sci.spw25_27_29_31.cont.I.pbcor.fits
uid___A001_X1467_X1d3,uid___A001_X1467_X1e9,uid___A001_X1467_X1ec,https://casdc.china-vo.org/mirror/ALMAGAL/2019.1.00195.L/QA2/science_goal.uid___A001_X1467_X1d3/group.uid___A001_X1467_X1e9/member.uid___A001_X1467_X1ec/product/member.uid___A001_X1467_X1ec._799964__sci.spw25_27_29_31.cont.I.pbcor.fits
uid___A001_X1467_X1d3,uid___A001_X1467_X1e9,uid___A001_X1467_X1ec,https://casdc.china-vo.org/mirror/ALMAGAL/2019.1.00195.L/QA2/science_goal.uid___A001_X1467_X1d3/group.uid___A001_X1467_X1e9/member.uid___A001_X1467_X1ec/product/member.uid___A001_X1467_X1ec._800287__sci.spw25_27_29_31.cont.I.pbcor.fits
uid___A001_X1467_X1d3,uid___A001_X1467_X1e9,uid___A001_X1467_X1ec,https://casdc.china-vo.org/mirror/ALMAGAL/2019.1.00195.L/QA2/science_goal.uid___A001_X1467_X1d3/group.uid___A001_X1467_X1e9/member.uid___A001_X1467_X1ec/product/member.uid___A001_X1467_X1ec._801753__sci.spw25_27_29_31.cont.I.pbcor.fits
uid___A001_X1467_X1d3,uid___A001_X1467_X1e9,uid___A001_X1467_X1ec,https://casdc.china-vo.org/mirror/ALMAGAL/2019.1.00195.L/QA2/science_goal.uid___A001_X1467_X1d3/group.uid___A001_X1467_X1e9/member.uid___A001_X1467_X1ec/product/member.uid___A001_X1467_X1ec._801906__sci.spw25_27_29_31.cont.I.pbcor.fits
uid___A001_X1467_X1d3,uid___A001_X1467_X1e9,uid___A001_X1467_X1ec,https://casdc.china-vo.org/mirror/ALMAGAL/2019.1.00195.L/QA2/science_goal.uid___A001_X1467_X1d3/group.uid___A001_X1467_X1e9/member.uid___A001_X1467_X1ec/product/member.uid___A001_X1467_X1ec._802233__sci.spw25_27_29_31.cont.I.pbcor.fits
uid___A001_X1467_X1d3,uid___A001_X1467_X1e9,uid___A001_X1467_X1ec,https://casdc.china-vo.org/mirror/ALMAGAL/2019.1.00195.L/QA2/science_goal.uid___A001_X1467_X1d3/group.uid___A001_X1467_X1e9/member.uid___A001_X1467_X1ec/product/member.uid___A001_X1467_X1ec._806597__sci.spw25_27_29_31.cont.I.pbcor.fits
uid___A001_X1467_X1d3,uid___A001_X1467_X1e9,uid___A001_X1467_X1ec,https://casdc.china-vo.org/mirror/ALMAGAL/2019.1.00195.L/QA2/science_goal.uid___A001_X1467_X1d3/group.uid___A001_X1467_X1e9/member.uid___A001_X1467_X1ec/product/member.uid___A001_X1467_X1ec._807681__sci.spw25_27_29_31.cont.I.pbcor.fits
uid___A001_X1467_X1d3,uid___A001_X1467_X1e9,uid___A001_X1467_X1ec,https://casdc.china-vo.org/mirror/ALMAGAL/2019.1.00195.L/QA2/science_goal.uid___A001_X1467_X1d3/group.uid___A001_X1467_X1e9/member.uid___A001_X1467_X1ec/product/member.uid___A001_X1467_X1ec._812338__sci.spw25_27_29_31.cont.I.pbcor.fits
uid___A001_X1467_X1d3,uid___A001_X1467_X1e9,uid___A001_X1467_X1ec,https://casdc.china-vo.org/mirror/ALMAGAL/2019.1.00195.L/QA2/science_goal.uid___A001_X1467_X1d3/group.uid___A001_X1467_X1e9/member.uid___A001_X1467_X1ec/product/member.uid___A001_X1467_X1ec._813396__sci.spw25_27_29_31.cont.I.pbcor.fits
uid___A001_X1467_X1d3,uid___A001_X1467_X1e9,uid___A001_X1467_X1ec,https://casdc.china-vo.org/mirror/ALMAGAL/2019.1.00195.L/QA2/science_goal.uid___A001_X1467_X1d3/group.uid___A001_X1467_X1e9/member.uid___A001_X1467_X1ec/product/member.uid___A001_X1467_X1ec._813737__sci.spw25_27_29_31.cont.I.pbcor.fits
uid___A001_X1467_X1d3,uid___A001_X1467_X1e9,uid___A001_X1467_X1ec,https://casdc.china-vo.org/mirror/ALMAGAL/2019.1.00195.L/QA2/science_goal.uid___A001_X1467_X1d3/group.uid___A001_X1467_X1e9/member.uid___A001_X1467_X1ec/product/member.uid___A001_X1467_X1ec._G327.1192p00.5103__sci.spw25_27_29_31.cont.I.pbcor.fits
uid___A001_X1467_X1d3,uid___A001_X1467_X1e9,uid___A001_X1467_X1ee,https://casdc.china-vo.org/mirror/ALMAGAL/2019.1.00195.L/QA2/science_goal.uid___A001_X1467_X1d3/group.uid___A001_X1467_X1e9/member.uid___A001_X1467_X1ee/product/member.uid___A001_X1467_X1ee._776981__sci.spw16_18_20_22.cont.I.pbcor.fits
uid___A001_X1467_X1d3,uid___A001_X1467_X1e9,uid___A001_X1467_X1ee,https://casdc.china-vo.org/mirror/ALMAGAL/2019.1.00195.L/QA2/science_goal.uid___A001_X1467_X1d3/group.uid___A001_X1467_X1e9/member.uid___A001_X1467_X1ee/product/member.uid___A001_X1467_X1ee._781946__sci.spw16_18_20_22.cont.I.pbcor.fits
uid___A001_X1467_X1d3,uid___A001_X1467_X1e9,uid___A001_X1467_X1ee,https://casdc.china-vo.org/mirror/ALMAGAL/2019.1.00195.L/QA2/science_goal.uid___A001_X1467_X1d3/group.uid___A001_X1467_X1e9/member.uid___A001_X1467_X1ee/product/member.uid___A001_X1467_X1ee._783304__sci.spw16_18_20_22.cont.I.pbcor.fits
uid___A001_X1467_X1d3,uid___A001_X1467_X1e9,uid___A001_X1467_X1ee,https://casdc.china-vo.org/mirror/ALMAGAL/2019.1.00195.L/QA2/science_goal.uid___A001_X1467_X1d3/group.uid___A001_X1467_X1e9/member.uid___A001_X1467_X1ee/product/member.uid___A001_X1467_X1ee._784393__sci.spw16_18_20_22.cont.I.pbcor.fits
uid___A001_X1467_X1d3,uid___A001_X1467_X1e9,uid___A001_X1467_X1ee,https://casdc.china-vo.org/mirror/ALMAGAL/2019.1.00195.L/QA2/science_goal.uid___A001_X1467_X1d3/group.uid___A001_X1467_X1e9/member.uid___A001_X1467_X1ee/product/member.uid___A001_X1467_X1ee._786515__sci.spw16_18_20_22.cont.I.pbcor.fits
uid___A001_X1467_X1d3,uid___A001_X1467_X1e9,uid___A001_X1467_X1ee,https://casdc.china-vo.org/mirror/ALMAGAL/2019.1.00195.L/QA2/science_goal.uid___A001_X1467_X1d3/group.uid___A001_X1467_X1e9/member.uid___A001_X1467_X1ee/product/member.uid___A001_X1467_X1ee._786608__sci.spw16_18_20_22.cont.I.pbcor.fits
uid___A001_X1467_X1d3,uid___A001_X1467_X1e9,uid___A001_X1467_X1ee,https://casdc.china-vo.org/mirror/ALMAGAL/2019.1.00195.L/QA2/science_goal.uid___A001_X1467_X1d3/group.uid___A001_X1467_X1e9/member.uid___A001_X1467_X1ee/product/member.uid___A001_X1467_X1ee._787536__sci.spw16_18_20_22.cont.I.pbcor.fits
uid___A001_X1467_X1d3,uid___A001_X1467_X1e9,uid___A001_X1467_X1ee,https://casdc.china-vo.org/mirror/ALMAGAL/2019.1.00195.L/QA2/science_goal.uid___A001_X1467_X1d3/group.uid___A001_X1467_X1e9/member.uid___A001_X1467_X1ee/product/member.uid___A001_X1467_X1ee._787998__sci.spw16_18_20_22.cont.I.pbcor.fits
uid___A001_X1467_X1d3,uid___A001_X1467_X1e9,uid___A001_X1467_X1ee,https://casdc.china-vo.org/mirror/ALMAGAL/2019.1.00195.L/QA2/science_goal.uid___A001_X1467_X1d3/group.uid___A001_X1467_X1e9/member.uid___A001_X1467_X1ee/product/member.uid___A001_X1467_X1ee._788556__sci.spw16_18_20_22.cont.I.pbcor.fits
uid___A001_X1467_X1d3,uid___A001_X1467_X1e9,uid___A001_X1467_X1ee,https://casdc.china-vo.org/mirror/ALMAGAL/2019.1.00195.L/QA2/science_goal.uid___A001_X1467_X1d3/group.uid___A001_X1467_X1e9/member.uid___A001_X1467_X1ee/product/member.uid___A001_X1467_X1ee._789250__sci.spw16_18_20_22.cont.I.pbcor.fits
uid___A001_X1467_X1d3,uid___A001_X1467_X1e9,uid___A001_X1467_X1ee,https://casdc.china-vo.org/mirror/ALMAGAL/2019.1.00195.L/QA2/science_goal.uid___A001_X1467_X1d3/group.uid___A001_X1467_X1e9/member.uid___A001_X1467_X1ee/product/member.uid___A001_X1467_X1ee._789814__sci.spw16_18_20_22.cont.I.pbcor.fits
uid___A001_X1467_X1d3,uid___A001_X1467_X1e9,uid___A001_X1467_X1ee,https://casdc.china-vo.org/mirror/ALMAGAL/2019.1.00195.L/QA2/science_goal.uid___A001_X1467_X1d3/group.uid___A001_X1467_X1e9/member.uid___A001_X1467_X1ee/product/member.uid___A001_X1467_X1ee._789993__sci.spw16_18_20_22.cont.I.pbcor.fits
uid___A001_X1467_X1d3,uid___A001_X1467_X1e9,uid___A001_X1467_X1ee,https://casdc.china-vo.org/mirror/ALMAGAL/2019.1.00195.L/QA2/science_goal.uid___A001_X1467_X1d3/group.uid___A001_X1467_X1e9/member.uid___A001_X1467_X1ee/product/member.uid___A001_X1467_X1ee._790555__sci.spw16_18_20_22.cont.I.pbcor.fits
uid___A001_X1467_X1d3,uid___A001_X1467_X1e9,uid___A001_X1467_X1ee,https://casdc.china-vo.org/mirror/ALMAGAL/2019.1.00195.L/QA2/science_goal.uid___A001_X1467_X1d3/group.uid___A001_X1467_X1e9/member.uid___A001_X1467_X1ee/product/member.uid___A001_X1467_X1ee._792407__sci.spw16_18_20_22.cont.I.pbcor.fits
uid___A001_X1467_X1d3,uid___A001_X1467_X1e9,uid___A001_X1467_X1ee,https://casdc.china-vo.org/mirror/ALMAGAL/2019.1.00195.L/QA2/science_goal.uid___A001_X1467_X1d3/group.uid___A001_X1467_X1e9/member.uid___A001_X1467_X1ee/product/member.uid___A001_X1467_X1ee._792881__sci.spw16_18_20_22.cont.I.pbcor.fits
uid___A001_X1467_X1d3,uid___A001_X1467_X1e9,uid___A001_X1467_X1ee,https://casdc.china-vo.org/mirror/ALMAGAL/2019.1.00195.L/QA2/science_goal.uid___A001_X1467_X1d3/group.uid___A001_X1467_X1e9/member.uid___A001_X1467_X1ee/product/member.uid___A001_X1467_X1ee._793728__sci.spw16_18_20_22.cont.I.pbcor.fits
uid___A001_X1467_X1d3,uid___A001_X1467_X1e9,uid___A001_X1467_X1ee,https://casdc.china-vo.org/mirror/ALMAGAL/2019.1.00195.L/QA2/science_goal.uid___A001_X1467_X1d3/group.uid___A001_X1467_X1e9/member.uid___A001_X1467_X1ee/product/member.uid___A001_X1467_X1ee._793967__sci.spw16_18_20_22.cont.I.pbcor.fits
uid___A001_X1467_X1d3,uid___A001_X1467_X1e9,uid___A001_X1467_X1ee,https://casdc.china-vo.org/mirror/ALMAGAL/2019.1.00195.L/QA2/science_goal.uid___A001_X1467_X1d3/group.uid___A001_X1467_X1e9/member.uid___A001_X1467_X1ee/product/member.uid___A001_X1467_X1ee._794763__sci.spw16_18_20_22.cont.I.pbcor.fits
uid___A001_X1467_X1d3,uid___A001_X1467_X1e9,uid___A001_X1467_X1ee,https://casdc.china-vo.org/mirror/ALMAGAL/2019.1.00195.L/QA2/science_goal.uid___A001_X1467_X1d3/group.uid___A001_X1467_X1e9/member.uid___A001_X1467_X1ee/product/member.uid___A001_X1467_X1ee._795321__sci.spw16_18_20_22.cont.I.pbcor.fits
uid___A001_X1467_X1d3,uid___A001_X1467_X1e9,uid___A001_X1467_X1ee,https://casdc.china-vo.org/mirror/ALMAGAL/2019.1.00195.L/QA2/science_goal.uid___A001_X1467_X1d3/group.uid___A001_X1467_X1e9/member.uid___A001_X1467_X1ee/product/member.uid___A001_X1467_X1ee._795627__sci.spw16_18_20_22.cont.I.pbcor.fits
uid___A001_X1467_X1d3,uid___A001_X1467_X1e9,uid___A001_X1467_X1ee,https://casdc.china-vo.org/mirror/ALMAGAL/2019.1.00195.L/QA2/science_goal.uid___A001_X1467_X1d3/group.uid___A001_X1467_X1e9/member.uid___A001_X1467_X1ee/product/member.uid___A001_X1467_X1ee._795664__sci.spw16_18_20_22.cont.I.pbcor.fits
uid___A001_X1467_X1d3,uid___A001_X1467_X1e9,uid___A001_X1467_X1ee,https://casdc.china-vo.org/mirror/ALMAGAL/2019.1.00195.L/QA2/science_goal.uid___A001_X1467_X1d3/group.uid___A001_X1467_X1e9/member.uid___A001_X1467_X1ee/product/member.uid___A001_X1467_X1ee._798254__sci.spw16_18_20_22.cont.I.pbcor.fits
uid___A001_X1467_X1d3,uid___A001_X1467_X1e9,uid___A001_X1467_X1ee,https://casdc.china-vo.org/mirror/ALMAGAL/2019.1.00195.L/QA2/science_goal.uid___A001_X1467_X1d3/group.uid___A001_X1467_X1e9/member.uid___A001_X1467_X1ee/product/member.uid___A001_X1467_X1ee._798299__sci.spw16_18_20_22.cont.I.pbcor.fits
uid___A001_X1467_X1d3,uid___A001_X1467_X1e9,uid___A001_X1467_X1ee,https://casdc.china-vo.org/mirror/ALMAGAL/2019.1.00195.L/QA2/science_goal.uid___A001_X1467_X1d3/group.uid___A001_X1467_X1e9/member.uid___A001_X1467_X1ee/product/member.uid___A001_X1467_X1ee._798398__sci.spw16_18_20_22.cont.I.pbcor.fits
uid___A001_X1467_X1d3,uid___A001_X1467_X1e9,uid___A001_X1467_X1ee,https://casdc.china-vo.org/mirror/ALMAGAL/2019.1.00195.L/QA2/science_goal.uid___A001_X1467_X1d3/group.uid___A001_X1467_X1e9/member.uid___A001_X1467_X1ee/product/member.uid___A001_X1467_X1ee._798478__sci.spw16_18_20_22.cont.I.pbcor.fits
uid___A001_X1467_X1d3,uid___A001_X1467_X1e9,uid___A001_X1467_X1ee,https://casdc.china-vo.org/mirror/ALMAGAL/2019.1.00195.L/QA2/science_goal.uid___A001_X1467_X1d3/group.uid___A001_X1467_X1e9/member.uid___A001_X1467_X1ee/product/member.uid___A001_X1467_X1ee._798710__sci.spw16_18_20_22.cont.I.pbcor.fits
uid___A001_X1467_X1d3,uid___A001_X1467_X1e9,uid___A001_X1467_X1ee,https://casdc.china-vo.org/mirror/ALMAGAL/2019.1.00195.L/QA2/science_goal.uid___A001_X1467_X1d3/group.uid___A001_X1467_X1e9/member.uid___A001_X1467_X1ee/product/member.uid___A001_X1467_X1ee._798755__sci.spw16_18_20_22.cont.I.pbcor.fits
uid___A001_X1467_X1d3,uid___A001_X1467_X1e9,uid___A001_X1467_X1ee,https://casdc.china-vo.org/mirror/ALMAGAL/2019.1.00195.L/QA2/science_goal.uid___A001_X1467_X1d3/group.uid___A001_X1467_X1e9/member.uid___A001_X1467_X1ee/product/member.uid___A001_X1467_X1ee._799034__sci.spw16_18_20_22.cont.I.pbcor.fits
uid___A001_X1467_X1d3,uid___A001_X1467_X1e9,uid___A001_X1467_X1ee,https://casdc.china-vo.org/mirror/ALMAGAL/2019.1.00195.L/QA2/science_goal.uid___A001_X1467_X1d3/group.uid___A001_X1467_X1e9/member.uid___A001_X1467_X1ee/product/member.uid___A001_X1467_X1ee._799107__sci.spw16_18_20_22.cont.I.pbcor.fits
uid___A001_X1467_X1d3,uid___A001_X1467_X1e9,uid___A001_X1467_X1ee,https://casdc.china-vo.org/mirror/ALMAGAL/2019.1.00195.L/QA2/science_goal.uid___A001_X1467_X1d3/group.uid___A001_X1467_X1e9/member.uid___A001_X1467_X1ee/product/member.uid___A001_X1467_X1ee._799461__sci.spw16_18_20_22.cont.I.pbcor.fits
uid___A001_X1467_X1d3,uid___A001_X1467_X1e9,uid___A001_X1467_X1ee,https://casdc.china-vo.org/mirror/ALMAGAL/2019.1.00195.L/QA2/science_goal.uid___A001_X1467_X1d3/group.uid___A001_X1467_X1e9/member.uid___A001_X1467_X1ee/product/member.uid___A001_X1467_X1ee._799475__sci.spw16_18_20_22.cont.I.pbcor.fits
uid___A001_X1467_X1d3,uid___A001_X1467_X1e9,uid___A001_X1467_X1ee,https://casdc.china-vo.org/mirror/ALMAGAL/2019.1.00195.L/QA2/science_goal.uid___A001_X1467_X1d3/group.uid___A001_X1467_X1e9/member.uid___A001_X1467_X1ee/product/member.uid___A001_X1467_X1ee._799915__sci.spw16_18_20_22.cont.I.pbcor.fits
uid___A001_X1467_X1d3,uid___A001_X1467_X1e9,uid___A001_X1467_X1ee,https://casdc.china-vo.org/mirror/ALMAGAL/2019.1.00195.L/QA2/science_goal.uid___A001_X1467_X1d3/group.uid___A001_X1467_X1e9/member.uid___A001_X1467_X1ee/product/member.uid___A001_X1467_X1ee._799964__sci.spw16_18_20_22.cont.I.pbcor.fits
uid___A001_X1467_X1d3,uid___A001_X1467_X1e9,uid___A001_X1467_X1ee,https://casdc.china-vo.org/mirror/ALMAGAL/2019.1.00195.L/QA2/science_goal.uid___A001_X1467_X1d3/group.uid___A001_X1467_X1e9/member.uid___A001_X1467_X1ee/product/member.uid___A001_X1467_X1ee._800079__sci.spw16_18_20_22.cont.I.pbcor.fits
uid___A001_X1467_X1d3,uid___A001_X1467_X1e9,uid___A001_X1467_X1ee,https://casdc.china-vo.org/mirror/ALMAGAL/2019.1.00195.L/QA2/science_goal.uid___A001_X1467_X1d3/group.uid___A001_X1467_X1e9/member.uid___A001_X1467_X1ee/product/member.uid___A001_X1467_X1ee._800287__sci.spw16_18_20_22.cont.I.pbcor.fits
uid___A001_X1467_X1d3,uid___A001_X1467_X1e9,uid___A001_X1467_X1ee,https://casdc.china-vo.org/mirror/ALMAGAL/2019.1.00195.L/QA2/science_goal.uid___A001_X1467_X1d3/group.uid___A001_X1467_X1e9/member.uid___A001_X1467_X1ee/product/member.uid___A001_X1467_X1ee._801184__sci.spw16_18_20_22.cont.I.pbcor.fits
uid___A001_X1467_X1d3,uid___A001_X1467_X1e9,uid___A001_X1467_X1ee,https://casdc.china-vo.org/mirror/ALMAGAL/2019.1.00195.L/QA2/science_goal.uid___A001_X1467_X1d3/group.uid___A001_X1467_X1e9/member.uid___A001_X1467_X1ee/product/member.uid___A001_X1467_X1ee._801599__sci.spw16_18_20_22.cont.I.pbcor.fits
uid___A001_X1467_X1d3,uid___A001_X1467_X1e9,uid___A001_X1467_X1ee,https://casdc.china-vo.org/mirror/ALMAGAL/2019.1.00195.L/QA2/science_goal.uid___A001_X1467_X1d3/group.uid___A001_X1467_X1e9/member.uid___A001_X1467_X1ee/product/member.uid___A001_X1467_X1ee._801651__sci.spw16_18_20_22.cont.I.pbcor.fits
uid___A001_X1467_X1d3,uid___A001_X1467_X1e9,uid___A001_X1467_X1ee,https://casdc.china-vo.org/mirror/ALMAGAL/2019.1.00195.L/QA2/science_goal.uid___A001_X1467_X1d3/group.uid___A001_X1467_X1e9/member.uid___A001_X1467_X1ee/product/member.uid___A001_X1467_X1ee._801672__sci.spw16_18_20_22.cont.I.pbcor.fits
uid___A001_X1467_X1d3,uid___A001_X1467_X1e9,uid___A001_X1467_X1ee,https://casdc.china-vo.org/mirror/ALMAGAL/2019.1.00195.L/QA2/science_goal.uid___A001_X1467_X1d3/group.uid___A001_X1467_X1e9/member.uid___A001_X1467_X1ee/product/member.uid___A001_X1467_X1ee._801753__sci.spw16_18_20_22.cont.I.pbcor.fits
uid___A001_X1467_X1d3,uid___A001_X1467_X1e9,uid___A001_X1467_X1ee,https://casdc.china-vo.org/mirror/ALMAGAL/2019.1.00195.L/QA2/science_goal.uid___A001_X1467_X1d3/group.uid___A001_X1467_X1e9/member.uid___A001_X1467_X1ee/product/member.uid___A001_X1467_X1ee._801906__sci.spw16_18_20_22.cont.I.pbcor.fits
uid___A001_X1467_X1d3,uid___A001_X1467_X1e9,uid___A001_X1467_X1ee,https://casdc.china-vo.org/mirror/ALMAGAL/2019.1.00195.L/QA2/science_goal.uid___A001_X1467_X1d3/group.uid___A001_X1467_X1e9/member.uid___A001_X1467_X1ee/product/member.uid___A001_X1467_X1ee._801981__sci.spw16_18_20_22.cont.I.pbcor.fits
uid___A001_X1467_X1d3,uid___A001_X1467_X1e9,uid___A001_X1467_X1ee,https://casdc.china-vo.org/mirror/ALMAGAL/2019.1.00195.L/QA2/science_goal.uid___A001_X1467_X1d3/group.uid___A001_X1467_X1e9/member.uid___A001_X1467_X1ee/product/member.uid___A001_X1467_X1ee._802233__sci.spw16_18_20_22.cont.I.pbcor.fits
uid___A001_X1467_X1d3,uid___A001_X1467_X1e9,uid___A001_X1467_X1ee,https://casdc.china-vo.org/mirror/ALMAGAL/2019.1.00195.L/QA2/science_goal.uid___A001_X1467_X1d3/group.uid___A001_X1467_X1e9/member.uid___A001_X1467_X1ee/product/member.uid___A001_X1467_X1ee._802515__sci.spw16_18_20_22.cont.I.pbcor.fits
uid___A001_X1467_X1d3,uid___A001_X1467_X1e9,uid___A001_X1467_X1ee,https://casdc.china-vo.org/mirror/ALMAGAL/2019.1.00195.L/QA2/science_goal.uid___A001_X1467_X1d3/group.uid___A001_X1467_X1e9/member.uid___A001_X1467_X1ee/product/member.uid___A001_X1467_X1ee._804334__sci.spw16_18_20_22.cont.I.pbcor.fits
uid___A001_X1467_X1d3,uid___A001_X1467_X1e9,uid___A001_X1467_X1ee,https://casdc.china-vo.org/mirror/ALMAGAL/2019.1.00195.L/QA2/science_goal.uid___A001_X1467_X1d3/group.uid___A001_X1467_X1e9/member.uid___A001_X1467_X1ee/product/member.uid___A001_X1467_X1ee._806597__sci.spw16_18_20_22.cont.I.pbcor.fits
uid___A001_X1467_X1d3,uid___A001_X1467_X1e9,uid___A001_X1467_X1ee,https://casdc.china-vo.org/mirror/ALMAGAL/2019.1.00195.L/QA2/science_goal.uid___A001_X1467_X1d3/group.uid___A001_X1467_X1e9/member.uid___A001_X1467_X1ee/product/member.uid___A001_X1467_X1ee._807635__sci.spw16_18_20_22.cont.I.pbcor.fits
uid___A001_X1467_X1d3,uid___A001_X1467_X1e9,uid___A001_X1467_X1ee,https://casdc.china-vo.org/mirror/ALMAGAL/2019.1.00195.L/QA2/science_goal.uid___A001_X1467_X1d3/group.uid___A001_X1467_X1e9/member.uid___A001_X1467_X1ee/product/member.uid___A001_X1467_X1ee._807681__sci.spw16_18_20_22.cont.I.pbcor.fits
uid___A001_X1467_X1d3,uid___A001_X1467_X1e9,uid___A001_X1467_X1ee,https://casdc.china-vo.org/mirror/ALMAGAL/2019.1.00195.L/QA2/science_goal.uid___A001_X1467_X1d3/group.uid___A001_X1467_X1e9/member.uid___A001_X1467_X1ee/product/member.uid___A001_X1467_X1ee._810498__sci.spw16_18_20_22.cont.I.pbcor.fits
uid___A001_X1467_X1d3,uid___A001_X1467_X1e9,uid___A001_X1467_X1ee,https://casdc.china-vo.org/mirror/ALMAGAL/2019.1.00195.L/QA2/science_goal.uid___A001_X1467_X1d3/group.uid___A001_X1467_X1e9/member.uid___A001_X1467_X1ee/product/member.uid___A001_X1467_X1ee._812338__sci.spw16_18_20_22.cont.I.pbcor.fits
uid___A001_X1467_X1d3,uid___A001_X1467_X1e9,uid___A001_X1467_X1ee,https://casdc.china-vo.org/mirror/ALMAGAL/2019.1.00195.L/QA2/science_goal.uid___A001_X1467_X1d3/group.uid___A001_X1467_X1e9/member.uid___A001_X1467_X1ee/product/member.uid___A001_X1467_X1ee._813396__sci.spw16_18_20_22.cont.I.pbcor.fits
uid___A001_X1467_X1d3,uid___A001_X1467_X1e9,uid___A001_X1467_X1ee,https://casdc.china-vo.org/mirror/ALMAGAL/2019.1.00195.L/QA2/science_goal.uid___A001_X1467_X1d3/group.uid___A001_X1467_X1e9/member.uid___A001_X1467_X1ee/product/member.uid___A001_X1467_X1ee._813737__sci.spw16_18_20_22.cont.I.pbcor.fits
uid___A001_X1467_X1d3,uid___A001_X1467_X1e9,uid___A001_X1467_X1ee,https://casdc.china-vo.org/mirror/ALMAGAL/2019.1.00195.L/QA2/science_goal.uid___A001_X1467_X1d3/group.uid___A001_X1467_X1e9/member.uid___A001_X1467_X1ee/product/member.uid___A001_X1467_X1ee._G324.1581p00.2359__sci.spw16_18_20_22.cont.I.pbcor.fits
uid___A001_X1467_X1d3,uid___A001_X1467_X1e9,uid___A001_X1467_X1ee,https://casdc.china-vo.org/mirror/ALMAGAL/2019.1.00195.L/QA2/science_goal.uid___A001_X1467_X1d3/group.uid___A001_X1467_X1e9/member.uid___A001_X1467_X1ee/product/member.uid___A001_X1467_X1ee._G324.1594p00.2622__sci.spw16_18_20_22.cont.I.pbcor.fits
uid___A001_X1467_X1d3,uid___A001_X1467_X1e9,uid___A001_X1467_X1ee,https://casdc.china-vo.org/mirror/ALMAGAL/2019.1.00195.L/QA2/science_goal.uid___A001_X1467_X1d3/group.uid___A001_X1467_X1e9/member.uid___A001_X1467_X1ee/product/member.uid___A001_X1467_X1ee._G327.1192p00.5103__sci.spw16_18_20_22.cont.I.pbcor.fits
uid___A001_X1467_X1d3,uid___A001_X1467_X1e9,uid___A001_X1467_X1ee,https://casdc.china-vo.org/mirror/ALMAGAL/2019.1.00195.L/QA2/science_goal.uid___A001_X1467_X1d3/group.uid___A001_X1467_X1e9/member.uid___A001_X1467_X1ee/product/member.uid___A001_X1467_X1ee._G331.5180-00.0947A__sci.spw16_18_20_22.cont.I.pbcor.fits
uid___A001_X1467_X1d3,uid___A001_X1467_X1f0,uid___A001_X1467_X1f1,https://casdc.china-vo.org/mirror/ALMAGAL/2019.1.00195.L/QA2/science_goal.uid___A001_X1467_X1d3/group.uid___A001_X1467_X1f0/member.uid___A001_X1467_X1f1/product/member.uid___A001_X1467_X1f1._859783__sci.spw25_27_29_31.cont.I.pbcor.fits
uid___A001_X1467_X1d3,uid___A001_X1467_X1f0,uid___A001_X1467_X1f3,https://casdc.china-vo.org/mirror/ALMAGAL/2019.1.00195.L/QA2/science_goal.uid___A001_X1467_X1d3/group.uid___A001_X1467_X1f0/member.uid___A001_X1467_X1f3/product/member.uid___A001_X1467_X1f3._859783__sci.spw25_27_29_31.cont.I.pbcor.fits
uid___A001_X1467_X1d3,uid___A001_X1467_X1f0,uid___A001_X1467_X1f3,https://casdc.china-vo.org/mirror/ALMAGAL/2019.1.00195.L/QA2/science_goal.uid___A001_X1467_X1d3/group.uid___A001_X1467_X1f0/member.uid___A001_X1467_X1f3/product/member.uid___A001_X1467_X1f3._860231__sci.spw25_27_29_31.cont.I.pbcor.fits
uid___A001_X1467_X1d3,uid___A001_X1467_X1f0,uid___A001_X1467_X1f3,https://casdc.china-vo.org/mirror/ALMAGAL/2019.1.00195.L/QA2/science_goal.uid___A001_X1467_X1d3/group.uid___A001_X1467_X1f0/member.uid___A001_X1467_X1f3/product/member.uid___A001_X1467_X1f3._863312__sci.spw25_27_29_31.cont.I.pbcor.fits
uid___A001_X1467_X1d3,uid___A001_X1467_X1f0,uid___A001_X1467_X1f3,https://casdc.china-vo.org/mirror/ALMAGAL/2019.1.00195.L/QA2/science_goal.uid___A001_X1467_X1d3/group.uid___A001_X1467_X1f0/member.uid___A001_X1467_X1f3/product/member.uid___A001_X1467_X1f3._864968__sci.spw25_27_29_31.cont.I.pbcor.fits
uid___A001_X1467_X1d3,uid___A001_X1467_X1f0,uid___A001_X1467_X1f3,https://casdc.china-vo.org/mirror/ALMAGAL/2019.1.00195.L/QA2/science_goal.uid___A001_X1467_X1d3/group.uid___A001_X1467_X1f0/member.uid___A001_X1467_X1f3/product/member.uid___A001_X1467_X1f3._865840__sci.spw25_27_29_31.cont.I.pbcor.fits
uid___A001_X1467_X1d3,uid___A001_X1467_X1f0,uid___A001_X1467_X1f3,https://casdc.china-vo.org/mirror/ALMAGAL/2019.1.00195.L/QA2/science_goal.uid___A001_X1467_X1d3/group.uid___A001_X1467_X1f0/member.uid___A001_X1467_X1f3/product/member.uid___A001_X1467_X1f3._868710__sci.spw25_27_29_31.cont.I.pbcor.fits
uid___A001_X1467_X1d3,uid___A001_X1467_X1f0,uid___A001_X1467_X1f3,https://casdc.china-vo.org/mirror/ALMAGAL/2019.1.00195.L/QA2/science_goal.uid___A001_X1467_X1d3/group.uid___A001_X1467_X1f0/member.uid___A001_X1467_X1f3/product/member.uid___A001_X1467_X1f3._869399__sci.spw25_27_29_31.cont.I.pbcor.fits
uid___A001_X1467_X1d3,uid___A001_X1467_X1f0,uid___A001_X1467_X1f3,https://casdc.china-vo.org/mirror/ALMAGAL/2019.1.00195.L/QA2/science_goal.uid___A001_X1467_X1d3/group.uid___A001_X1467_X1f0/member.uid___A001_X1467_X1f3/product/member.uid___A001_X1467_X1f3._869548__sci.spw25_27_29_31.cont.I.pbcor.fits
uid___A001_X1467_X1d3,uid___A001_X1467_X1f0,uid___A001_X1467_X1f3,https://casdc.china-vo.org/mirror/ALMAGAL/2019.1.00195.L/QA2/science_goal.uid___A001_X1467_X1d3/group.uid___A001_X1467_X1f0/member.uid___A001_X1467_X1f3/product/member.uid___A001_X1467_X1f3._871581__sci.spw25_27_29_31.cont.I.pbcor.fits
uid___A001_X1467_X1d3,uid___A001_X1467_X1f0,uid___A001_X1467_X1f3,https://casdc.china-vo.org/mirror/ALMAGAL/2019.1.00195.L/QA2/science_goal.uid___A001_X1467_X1d3/group.uid___A001_X1467_X1f0/member.uid___A001_X1467_X1f3/product/member.uid___A001_X1467_X1f3._872668__sci.spw25_27_29_31.cont.I.pbcor.fits
uid___A001_X1467_X1d3,uid___A001_X1467_X1f0,uid___A001_X1467_X1f3,https://casdc.china-vo.org/mirror/ALMAGAL/2019.1.00195.L/QA2/science_goal.uid___A001_X1467_X1d3/group.uid___A001_X1467_X1f0/member.uid___A001_X1467_X1f3/product/member.uid___A001_X1467_X1f3._876093__sci.spw25_27_29_31.cont.I.pbcor.fits
uid___A001_X1467_X1d3,uid___A001_X1467_X1f0,uid___A001_X1467_X1f3,https://casdc.china-vo.org/mirror/ALMAGAL/2019.1.00195.L/QA2/science_goal.uid___A001_X1467_X1d3/group.uid___A001_X1467_X1f0/member.uid___A001_X1467_X1f3/product/member.uid___A001_X1467_X1f3._876288__sci.spw25_27_29_31.cont.I.pbcor.fits
uid___A001_X1467_X1d3,uid___A001_X1467_X1f0,uid___A001_X1467_X1f3,https://casdc.china-vo.org/mirror/ALMAGAL/2019.1.00195.L/QA2/science_goal.uid___A001_X1467_X1d3/group.uid___A001_X1467_X1f0/member.uid___A001_X1467_X1f3/product/member.uid___A001_X1467_X1f3._876416__sci.spw25_27_29_31.cont.I.pbcor.fits
uid___A001_X1467_X1d3,uid___A001_X1467_X1f0,uid___A001_X1467_X1f3,https://casdc.china-vo.org/mirror/ALMAGAL/2019.1.00195.L/QA2/science_goal.uid___A001_X1467_X1d3/group.uid___A001_X1467_X1f0/member.uid___A001_X1467_X1f3/product/member.uid___A001_X1467_X1f3._876418__sci.spw25_27_29_31.cont.I.pbcor.fits
uid___A001_X1467_X1d3,uid___A001_X1467_X1f0,uid___A001_X1467_X1f3,https://casdc.china-vo.org/mirror/ALMAGAL/2019.1.00195.L/QA2/science_goal.uid___A001_X1467_X1d3/group.uid___A001_X1467_X1f0/member.uid___A001_X1467_X1f3/product/member.uid___A001_X1467_X1f3._877212__sci.spw25_27_29_31.cont.I.pbcor.fits
uid___A001_X1467_X1d3,uid___A001_X1467_X1f0,uid___A001_X1467_X1f3,https://casdc.china-vo.org/mirror/ALMAGAL/2019.1.00195.L/QA2/science_goal.uid___A001_X1467_X1d3/group.uid___A001_X1467_X1f0/member.uid___A001_X1467_X1f3/product/member.uid___A001_X1467_X1f3._877566__sci.spw25_27_29_31.cont.I.pbcor.fits
uid___A001_X1467_X1d3,uid___A001_X1467_X1f0,uid___A001_X1467_X1f3,https://casdc.china-vo.org/mirror/ALMAGAL/2019.1.00195.L/QA2/science_goal.uid___A001_X1467_X1d3/group.uid___A001_X1467_X1f0/member.uid___A001_X1467_X1f3/product/member.uid___A001_X1467_X1f3._877689__sci.spw25_27_29_31.cont.I.pbcor.fits
uid___A001_X1467_X1d3,uid___A001_X1467_X1f0,uid___A001_X1467_X1f3,https://casdc.china-vo.org/mirror/ALMAGAL/2019.1.00195.L/QA2/science_goal.uid___A001_X1467_X1d3/group.uid___A001_X1467_X1f0/member.uid___A001_X1467_X1f3/product/member.uid___A001_X1467_X1f3._880472__sci.spw25_27_29_31.cont.I.pbcor.fits
uid___A001_X1467_X1d3,uid___A001_X1467_X1f0,uid___A001_X1467_X1f3,https://casdc.china-vo.org/mirror/ALMAGAL/2019.1.00195.L/QA2/science_goal.uid___A001_X1467_X1d3/group.uid___A001_X1467_X1f0/member.uid___A001_X1467_X1f3/product/member.uid___A001_X1467_X1f3._882131__sci.spw25_27_29_31.cont.I.pbcor.fits
uid___A001_X1467_X1d3,uid___A001_X1467_X1f0,uid___A001_X1467_X1f3,https://casdc.china-vo.org/mirror/ALMAGAL/2019.1.00195.L/QA2/science_goal.uid___A001_X1467_X1d3/group.uid___A001_X1467_X1f0/member.uid___A001_X1467_X1f3/product/member.uid___A001_X1467_X1f3._886687__sci.spw25_27_29_31.cont.I.pbcor.fits
uid___A001_X1467_X1d3,uid___A001_X1467_X1f0,uid___A001_X1467_X1f5,https://casdc.china-vo.org/mirror/ALMAGAL/2019.1.00195.L/QA2/science_goal.uid___A001_X1467_X1d3/group.uid___A001_X1467_X1f0/member.uid___A001_X1467_X1f5/product/member.uid___A001_X1467_X1f5._859783__sci.spw16_18_20_22.cont.I.pbcor.fits
uid___A001_X1467_X1d3,uid___A001_X1467_X1f0,uid___A001_X1467_X1f5,https://casdc.china-vo.org/mirror/ALMAGAL/2019.1.00195.L/QA2/science_goal.uid___A001_X1467_X1d3/group.uid___A001_X1467_X1f0/member.uid___A001_X1467_X1f5/product/member.uid___A001_X1467_X1f5._860231__sci.spw16_18_20_22.cont.I.pbcor.fits
uid___A001_X1467_X1d3,uid___A001_X1467_X1f0,uid___A001_X1467_X1f5,https://casdc.china-vo.org/mirror/ALMAGAL/2019.1.00195.L/QA2/science_goal.uid___A001_X1467_X1d3/group.uid___A001_X1467_X1f0/member.uid___A001_X1467_X1f5/product/member.uid___A001_X1467_X1f5._863312__sci.spw16_18_20_22.cont.I.pbcor.fits
uid___A001_X1467_X1d3,uid___A001_X1467_X1f0,uid___A001_X1467_X1f5,https://casdc.china-vo.org/mirror/ALMAGAL/2019.1.00195.L/QA2/science_goal.uid___A001_X1467_X1d3/group.uid___A001_X1467_X1f0/member.uid___A001_X1467_X1f5/product/member.uid___A001_X1467_X1f5._864968__sci.spw16_18_20_22.cont.I.pbcor.fits
uid___A001_X1467_X1d3,uid___A001_X1467_X1f0,uid___A001_X1467_X1f5,https://casdc.china-vo.org/mirror/ALMAGAL/2019.1.00195.L/QA2/science_goal.uid___A001_X1467_X1d3/group.uid___A001_X1467_X1f0/member.uid___A001_X1467_X1f5/product/member.uid___A001_X1467_X1f5._865840__sci.spw16_18_20_22.cont.I.pbcor.fits
uid___A001_X1467_X1d3,uid___A001_X1467_X1f0,uid___A001_X1467_X1f5,https://casdc.china-vo.org/mirror/ALMAGAL/2019.1.00195.L/QA2/science_goal.uid___A001_X1467_X1d3/group.uid___A001_X1467_X1f0/member.uid___A001_X1467_X1f5/product/member.uid___A001_X1467_X1f5._868710__sci.spw16_18_20_22.cont.I.pbcor.fits
uid___A001_X1467_X1d3,uid___A001_X1467_X1f0,uid___A001_X1467_X1f5,https://casdc.china-vo.org/mirror/ALMAGAL/2019.1.00195.L/QA2/science_goal.uid___A001_X1467_X1d3/group.uid___A001_X1467_X1f0/member.uid___A001_X1467_X1f5/product/member.uid___A001_X1467_X1f5._869399__sci.spw16_18_20_22.cont.I.pbcor.fits
uid___A001_X1467_X1d3,uid___A001_X1467_X1f0,uid___A001_X1467_X1f5,https://casdc.china-vo.org/mirror/ALMAGAL/2019.1.00195.L/QA2/science_goal.uid___A001_X1467_X1d3/group.uid___A001_X1467_X1f0/member.uid___A001_X1467_X1f5/product/member.uid___A001_X1467_X1f5._869548__sci.spw16_18_20_22.cont.I.pbcor.fits
uid___A001_X1467_X1d3,uid___A001_X1467_X1f0,uid___A001_X1467_X1f5,https://casdc.china-vo.org/mirror/ALMAGAL/2019.1.00195.L/QA2/science_goal.uid___A001_X1467_X1d3/group.uid___A001_X1467_X1f0/member.uid___A001_X1467_X1f5/product/member.uid___A001_X1467_X1f5._871581__sci.spw16_18_20_22.cont.I.pbcor.fits
uid___A001_X1467_X1d3,uid___A001_X1467_X1f0,uid___A001_X1467_X1f5,https://casdc.china-vo.org/mirror/ALMAGAL/2019.1.00195.L/QA2/science_goal.uid___A001_X1467_X1d3/group.uid___A001_X1467_X1f0/member.uid___A001_X1467_X1f5/product/member.uid___A001_X1467_X1f5._872668__sci.spw16_18_20_22.cont.I.pbcor.fits
uid___A001_X1467_X1d3,uid___A001_X1467_X1f0,uid___A001_X1467_X1f5,https://casdc.china-vo.org/mirror/ALMAGAL/2019.1.00195.L/QA2/science_goal.uid___A001_X1467_X1d3/group.uid___A001_X1467_X1f0/member.uid___A001_X1467_X1f5/product/member.uid___A001_X1467_X1f5._876093__sci.spw16_18_20_22.cont.I.pbcor.fits
uid___A001_X1467_X1d3,uid___A001_X1467_X1f0,uid___A001_X1467_X1f5,https://casdc.china-vo.org/mirror/ALMAGAL/2019.1.00195.L/QA2/science_goal.uid___A001_X1467_X1d3/group.uid___A001_X1467_X1f0/member.uid___A001_X1467_X1f5/product/member.uid___A001_X1467_X1f5._876288__sci.spw16_18_20_22.cont.I.pbcor.fits
uid___A001_X1467_X1d3,uid___A001_X1467_X1f0,uid___A001_X1467_X1f5,https://casdc.china-vo.org/mirror/ALMAGAL/2019.1.00195.L/QA2/science_goal.uid___A001_X1467_X1d3/group.uid___A001_X1467_X1f0/member.uid___A001_X1467_X1f5/product/member.uid___A001_X1467_X1f5._876416__sci.spw16_18_20_22.cont.I.pbcor.fits
uid___A001_X1467_X1d3,uid___A001_X1467_X1f0,uid___A001_X1467_X1f5,https://casdc.china-vo.org/mirror/ALMAGAL/2019.1.00195.L/QA2/science_goal.uid___A001_X1467_X1d3/group.uid___A001_X1467_X1f0/member.uid___A001_X1467_X1f5/product/member.uid___A001_X1467_X1f5._876418__sci.spw16_18_20_22.cont.I.pbcor.fits
uid___A001_X1467_X1d3,uid___A001_X1467_X1f0,uid___A001_X1467_X1f5,https://casdc.china-vo.org/mirror/ALMAGAL/2019.1.00195.L/QA2/science_goal.uid___A001_X1467_X1d3/group.uid___A001_X1467_X1f0/member.uid___A001_X1467_X1f5/product/member.uid___A001_X1467_X1f5._877212__sci.spw16_18_20_22.cont.I.pbcor.fits
uid___A001_X1467_X1d3,uid___A001_X1467_X1f0,uid___A001_X1467_X1f5,https://casdc.china-vo.org/mirror/ALMAGAL/2019.1.00195.L/QA2/science_goal.uid___A001_X1467_X1d3/group.uid___A001_X1467_X1f0/member.uid___A001_X1467_X1f5/product/member.uid___A001_X1467_X1f5._877566__sci.spw16_18_20_22.cont.I.pbcor.fits
uid___A001_X1467_X1d3,uid___A001_X1467_X1f0,uid___A001_X1467_X1f5,https://casdc.china-vo.org/mirror/ALMAGAL/2019.1.00195.L/QA2/science_goal.uid___A001_X1467_X1d3/group.uid___A001_X1467_X1f0/member.uid___A001_X1467_X1f5/product/member.uid___A001_X1467_X1f5._877689__sci.spw16_18_20_22.cont.I.pbcor.fits
uid___A001_X1467_X1d3,uid___A001_X1467_X1f0,uid___A001_X1467_X1f5,https://casdc.china-vo.org/mirror/ALMAGAL/2019.1.00195.L/QA2/science_goal.uid___A001_X1467_X1d3/group.uid___A001_X1467_X1f0/member.uid___A001_X1467_X1f5/product/member.uid___A001_X1467_X1f5._880472__sci.spw16_18_20_22.cont.I.pbcor.fits
uid___A001_X1467_X1d3,uid___A001_X1467_X1f0,uid___A001_X1467_X1f5,https://casdc.china-vo.org/mirror/ALMAGAL/2019.1.00195.L/QA2/science_goal.uid___A001_X1467_X1d3/group.uid___A001_X1467_X1f0/member.uid___A001_X1467_X1f5/product/member.uid___A001_X1467_X1f5._882131__sci.spw16_18_20_22.cont.I.pbcor.fits
uid___A001_X1467_X1d3,uid___A001_X1467_X1f0,uid___A001_X1467_X1f5,https://casdc.china-vo.org/mirror/ALMAGAL/2019.1.00195.L/QA2/science_goal.uid___A001_X1467_X1d3/group.uid___A001_X1467_X1f0/member.uid___A001_X1467_X1f5/product/member.uid___A001_X1467_X1f5._886687__sci.spw16_18_20_22.cont.I.pbcor.fits
uid___A001_X1467_X1d3,uid___A001_X1467_X1f7,uid___A001_X1467_X1f8,https://casdc.china-vo.org/mirror/ALMAGAL/2019.1.00195.L/QA2/science_goal.uid___A001_X1467_X1d3/group.uid___A001_X1467_X1f7/member.uid___A001_X1467_X1f8/product/member.uid___A001_X1467_X1f8._818184__sci.spw25_27_29_31.cont.I.pbcor.fits
uid___A001_X1467_X1d3,uid___A001_X1467_X1f7,uid___A001_X1467_X1fa,https://casdc.china-vo.org/mirror/ALMAGAL/2019.1.00195.L/QA2/science_goal.uid___A001_X1467_X1d3/group.uid___A001_X1467_X1f7/member.uid___A001_X1467_X1fa/product/member.uid___A001_X1467_X1fa._818184__sci.spw25_27_29_31.cont.I.pbcor.fits
uid___A001_X1467_X1d3,uid___A001_X1467_X1f7,uid___A001_X1467_X1fa,https://casdc.china-vo.org/mirror/ALMAGAL/2019.1.00195.L/QA2/science_goal.uid___A001_X1467_X1d3/group.uid___A001_X1467_X1f7/member.uid___A001_X1467_X1fa/product/member.uid___A001_X1467_X1fa._818870__sci.spw25_27_29_31.cont.I.pbcor.fits
uid___A001_X1467_X1d3,uid___A001_X1467_X1f7,uid___A001_X1467_X1fa,https://casdc.china-vo.org/mirror/ALMAGAL/2019.1.00195.L/QA2/science_goal.uid___A001_X1467_X1d3/group.uid___A001_X1467_X1f7/member.uid___A001_X1467_X1fa/product/member.uid___A001_X1467_X1fa._818893__sci.spw25_27_29_31.cont.I.pbcor.fits
uid___A001_X1467_X1d3,uid___A001_X1467_X1f7,uid___A001_X1467_X1fa,https://casdc.china-vo.org/mirror/ALMAGAL/2019.1.00195.L/QA2/science_goal.uid___A001_X1467_X1d3/group.uid___A001_X1467_X1f7/member.uid___A001_X1467_X1fa/product/member.uid___A001_X1467_X1fa._826894__sci.spw25_27_29_31.cont.I.pbcor.fits
uid___A001_X1467_X1d3,uid___A001_X1467_X1f7,uid___A001_X1467_X1fa,https://casdc.china-vo.org/mirror/ALMAGAL/2019.1.00195.L/QA2/science_goal.uid___A001_X1467_X1d3/group.uid___A001_X1467_X1f7/member.uid___A001_X1467_X1fa/product/member.uid___A001_X1467_X1fa._826927__sci.spw25_27_29_31.cont.I.pbcor.fits
uid___A001_X1467_X1d3,uid___A001_X1467_X1f7,uid___A001_X1467_X1fa,https://casdc.china-vo.org/mirror/ALMAGAL/2019.1.00195.L/QA2/science_goal.uid___A001_X1467_X1d3/group.uid___A001_X1467_X1f7/member.uid___A001_X1467_X1fa/product/member.uid___A001_X1467_X1fa._829066__sci.spw25_27_29_31.cont.I.pbcor.fits
uid___A001_X1467_X1d3,uid___A001_X1467_X1f7,uid___A001_X1467_X1fa,https://casdc.china-vo.org/mirror/ALMAGAL/2019.1.00195.L/QA2/science_goal.uid___A001_X1467_X1d3/group.uid___A001_X1467_X1f7/member.uid___A001_X1467_X1fa/product/member.uid___A001_X1467_X1fa._832316__sci.spw25_27_29_31.cont.I.pbcor.fits
uid___A001_X1467_X1d3,uid___A001_X1467_X1f7,uid___A001_X1467_X1fa,https://casdc.china-vo.org/mirror/ALMAGAL/2019.1.00195.L/QA2/science_goal.uid___A001_X1467_X1d3/group.uid___A001_X1467_X1f7/member.uid___A001_X1467_X1fa/product/member.uid___A001_X1467_X1fa._832620__sci.spw25_27_29_31.cont.I.pbcor.fits
uid___A001_X1467_X1d3,uid___A001_X1467_X1f7,uid___A001_X1467_X1fa,https://casdc.china-vo.org/mirror/ALMAGAL/2019.1.00195.L/QA2/science_goal.uid___A001_X1467_X1d3/group.uid___A001_X1467_X1f7/member.uid___A001_X1467_X1fa/product/member.uid___A001_X1467_X1fa._833955__sci.spw25_27_29_31.cont.I.pbcor.fits
uid___A001_X1467_X1d3,uid___A001_X1467_X1f7,uid___A001_X1467_X1fa,https://casdc.china-vo.org/mirror/ALMAGAL/2019.1.00195.L/QA2/science_goal.uid___A001_X1467_X1d3/group.uid___A001_X1467_X1f7/member.uid___A001_X1467_X1fa/product/member.uid___A001_X1467_X1fa._837491__sci.spw25_27_29_31.cont.I.pbcor.fits
uid___A001_X1467_X1d3,uid___A001_X1467_X1f7,uid___A001_X1467_X1fa,https://casdc.china-vo.org/mirror/ALMAGAL/2019.1.00195.L/QA2/science_goal.uid___A001_X1467_X1d3/group.uid___A001_X1467_X1f7/member.uid___A001_X1467_X1fa/product/member.uid___A001_X1467_X1fa._839208__sci.spw25_27_29_31.cont.I.pbcor.fits
uid___A001_X1467_X1d3,uid___A001_X1467_X1f7,uid___A001_X1467_X1fa,https://casdc.china-vo.org/mirror/ALMAGAL/2019.1.00195.L/QA2/science_goal.uid___A001_X1467_X1d3/group.uid___A001_X1467_X1f7/member.uid___A001_X1467_X1fa/product/member.uid___A001_X1467_X1fa._840350__sci.spw25_27_29_31.cont.I.pbcor.fits
uid___A001_X1467_X1d3,uid___A001_X1467_X1f7,uid___A001_X1467_X1fa,https://casdc.china-vo.org/mirror/ALMAGAL/2019.1.00195.L/QA2/science_goal.uid___A001_X1467_X1d3/group.uid___A001_X1467_X1f7/member.uid___A001_X1467_X1fa/product/member.uid___A001_X1467_X1fa._840609__sci.spw25_27_29_31.cont.I.pbcor.fits
uid___A001_X1467_X1d3,uid___A001_X1467_X1f7,uid___A001_X1467_X1fa,https://casdc.china-vo.org/mirror/ALMAGAL/2019.1.00195.L/QA2/science_goal.uid___A001_X1467_X1d3/group.uid___A001_X1467_X1f7/member.uid___A001_X1467_X1fa/product/member.uid___A001_X1467_X1fa._840675__sci.spw25_27_29_31.cont.I.pbcor.fits
uid___A001_X1467_X1d3,uid___A001_X1467_X1f7,uid___A001_X1467_X1fa,https://casdc.china-vo.org/mirror/ALMAGAL/2019.1.00195.L/QA2/science_goal.uid___A001_X1467_X1d3/group.uid___A001_X1467_X1f7/member.uid___A001_X1467_X1fa/product/member.uid___A001_X1467_X1fa._842359__sci.spw25_27_29_31.cont.I.pbcor.fits
uid___A001_X1467_X1d3,uid___A001_X1467_X1f7,uid___A001_X1467_X1fa,https://casdc.china-vo.org/mirror/ALMAGAL/2019.1.00195.L/QA2/science_goal.uid___A001_X1467_X1d3/group.uid___A001_X1467_X1f7/member.uid___A001_X1467_X1fa/product/member.uid___A001_X1467_X1fa._842580__sci.spw25_27_29_31.cont.I.pbcor.fits
uid___A001_X1467_X1d3,uid___A001_X1467_X1f7,uid___A001_X1467_X1fa,https://casdc.china-vo.org/mirror/ALMAGAL/2019.1.00195.L/QA2/science_goal.uid___A001_X1467_X1d3/group.uid___A001_X1467_X1f7/member.uid___A001_X1467_X1fa/product/member.uid___A001_X1467_X1fa._848271__sci.spw25_27_29_31.cont.I.pbcor.fits
uid___A001_X1467_X1d3,uid___A001_X1467_X1f7,uid___A001_X1467_X1fa,https://casdc.china-vo.org/mirror/ALMAGAL/2019.1.00195.L/QA2/science_goal.uid___A001_X1467_X1d3/group.uid___A001_X1467_X1f7/member.uid___A001_X1467_X1fa/product/member.uid___A001_X1467_X1fa._854306__sci.spw25_27_29_31.cont.I.pbcor.fits
uid___A001_X1467_X1d3,uid___A001_X1467_X1f7,uid___A001_X1467_X1fa,https://casdc.china-vo.org/mirror/ALMAGAL/2019.1.00195.L/QA2/science_goal.uid___A001_X1467_X1d3/group.uid___A001_X1467_X1f7/member.uid___A001_X1467_X1fa/product/member.uid___A001_X1467_X1fa._855739__sci.spw25_27_29_31.cont.I.pbcor.fits
uid___A001_X1467_X1d3,uid___A001_X1467_X1f7,uid___A001_X1467_X1fc,https://casdc.china-vo.org/mirror/ALMAGAL/2019.1.00195.L/QA2/science_goal.uid___A001_X1467_X1d3/group.uid___A001_X1467_X1f7/member.uid___A001_X1467_X1fc/product/member.uid___A001_X1467_X1fc._818184__sci.spw16_18_20_22.cont.I.pbcor.fits
uid___A001_X1467_X1d3,uid___A001_X1467_X1f7,uid___A001_X1467_X1fc,https://casdc.china-vo.org/mirror/ALMAGAL/2019.1.00195.L/QA2/science_goal.uid___A001_X1467_X1d3/group.uid___A001_X1467_X1f7/member.uid___A001_X1467_X1fc/product/member.uid___A001_X1467_X1fc._818870__sci.spw16_18_20_22.cont.I.pbcor.fits
uid___A001_X1467_X1d3,uid___A001_X1467_X1f7,uid___A001_X1467_X1fc,https://casdc.china-vo.org/mirror/ALMAGAL/2019.1.00195.L/QA2/science_goal.uid___A001_X1467_X1d3/group.uid___A001_X1467_X1f7/member.uid___A001_X1467_X1fc/product/member.uid___A001_X1467_X1fc._818893__sci.spw16_18_20_22.cont.I.pbcor.fits
uid___A001_X1467_X1d3,uid___A001_X1467_X1f7,uid___A001_X1467_X1fc,https://casdc.china-vo.org/mirror/ALMAGAL/2019.1.00195.L/QA2/science_goal.uid___A001_X1467_X1d3/group.uid___A001_X1467_X1f7/member.uid___A001_X1467_X1fc/product/member.uid___A001_X1467_X1fc._824909__sci.spw16_18_20_22.cont.I.pbcor.fits
uid___A001_X1467_X1d3,uid___A001_X1467_X1f7,uid___A001_X1467_X1fc,https://casdc.china-vo.org/mirror/ALMAGAL/2019.1.00195.L/QA2/science_goal.uid___A001_X1467_X1d3/group.uid___A001_X1467_X1f7/member.uid___A001_X1467_X1fc/product/member.uid___A001_X1467_X1fc._826894__sci.spw16_18_20_22.cont.I.pbcor.fits
uid___A001_X1467_X1d3,uid___A001_X1467_X1f7,uid___A001_X1467_X1fc,https://casdc.china-vo.org/mirror/ALMAGAL/2019.1.00195.L/QA2/science_goal.uid___A001_X1467_X1d3/group.uid___A001_X1467_X1f7/member.uid___A001_X1467_X1fc/product/member.uid___A001_X1467_X1fc._826927__sci.spw16_18_20_22.cont.I.pbcor.fits
uid___A001_X1467_X1d3,uid___A001_X1467_X1f7,uid___A001_X1467_X1fc,https://casdc.china-vo.org/mirror/ALMAGAL/2019.1.00195.L/QA2/science_goal.uid___A001_X1467_X1d3/group.uid___A001_X1467_X1f7/member.uid___A001_X1467_X1fc/product/member.uid___A001_X1467_X1fc._829066__sci.spw16_18_20_22.cont.I.pbcor.fits
uid___A001_X1467_X1d3,uid___A001_X1467_X1f7,uid___A001_X1467_X1fc,https://casdc.china-vo.org/mirror/ALMAGAL/2019.1.00195.L/QA2/science_goal.uid___A001_X1467_X1d3/group.uid___A001_X1467_X1f7/member.uid___A001_X1467_X1fc/product/member.uid___A001_X1467_X1fc._829764__sci.spw16_18_20_22.cont.I.pbcor.fits
uid___A001_X1467_X1d3,uid___A001_X1467_X1f7,uid___A001_X1467_X1fc,https://casdc.china-vo.org/mirror/ALMAGAL/2019.1.00195.L/QA2/science_goal.uid___A001_X1467_X1d3/group.uid___A001_X1467_X1f7/member.uid___A001_X1467_X1fc/product/member.uid___A001_X1467_X1fc._832138__sci.spw16_18_20_22.cont.I.pbcor.fits
uid___A001_X1467_X1d3,uid___A001_X1467_X1f7,uid___A001_X1467_X1fc,https://casdc.china-vo.org/mirror/ALMAGAL/2019.1.00195.L/QA2/science_goal.uid___A001_X1467_X1d3/group.uid___A001_X1467_X1f7/member.uid___A001_X1467_X1fc/product/member.uid___A001_X1467_X1fc._832316__sci.spw16_18_20_22.cont.I.pbcor.fits
uid___A001_X1467_X1d3,uid___A001_X1467_X1f7,uid___A001_X1467_X1fc,https://casdc.china-vo.org/mirror/ALMAGAL/2019.1.00195.L/QA2/science_goal.uid___A001_X1467_X1d3/group.uid___A001_X1467_X1f7/member.uid___A001_X1467_X1fc/product/member.uid___A001_X1467_X1fc._832462__sci.spw16_18_20_22.cont.I.pbcor.fits
uid___A001_X1467_X1d3,uid___A001_X1467_X1f7,uid___A001_X1467_X1fc,https://casdc.china-vo.org/mirror/ALMAGAL/2019.1.00195.L/QA2/science_goal.uid___A001_X1467_X1d3/group.uid___A001_X1467_X1f7/member.uid___A001_X1467_X1fc/product/member.uid___A001_X1467_X1fc._832620__sci.spw16_18_20_22.cont.I.pbcor.fits
uid___A001_X1467_X1d3,uid___A001_X1467_X1f7,uid___A001_X1467_X1fc,https://casdc.china-vo.org/mirror/ALMAGAL/2019.1.00195.L/QA2/science_goal.uid___A001_X1467_X1d3/group.uid___A001_X1467_X1f7/member.uid___A001_X1467_X1fc/product/member.uid___A001_X1467_X1fc._833276__sci.spw16_18_20_22.cont.I.pbcor.fits
uid___A001_X1467_X1d3,uid___A001_X1467_X1f7,uid___A001_X1467_X1fc,https://casdc.china-vo.org/mirror/ALMAGAL/2019.1.00195.L/QA2/science_goal.uid___A001_X1467_X1d3/group.uid___A001_X1467_X1f7/member.uid___A001_X1467_X1fc/product/member.uid___A001_X1467_X1fc._833955__sci.spw16_18_20_22.cont.I.pbcor.fits
uid___A001_X1467_X1d3,uid___A001_X1467_X1f7,uid___A001_X1467_X1fc,https://casdc.china-vo.org/mirror/ALMAGAL/2019.1.00195.L/QA2/science_goal.uid___A001_X1467_X1d3/group.uid___A001_X1467_X1f7/member.uid___A001_X1467_X1fc/product/member.uid___A001_X1467_X1fc._835403__sci.spw16_18_20_22.cont.I.pbcor.fits
uid___A001_X1467_X1d3,uid___A001_X1467_X1f7,uid___A001_X1467_X1fc,https://casdc.china-vo.org/mirror/ALMAGAL/2019.1.00195.L/QA2/science_goal.uid___A001_X1467_X1d3/group.uid___A001_X1467_X1f7/member.uid___A001_X1467_X1fc/product/member.uid___A001_X1467_X1fc._836078__sci.spw16_18_20_22.cont.I.pbcor.fits
uid___A001_X1467_X1d3,uid___A001_X1467_X1f7,uid___A001_X1467_X1fc,https://casdc.china-vo.org/mirror/ALMAGAL/2019.1.00195.L/QA2/science_goal.uid___A001_X1467_X1d3/group.uid___A001_X1467_X1f7/member.uid___A001_X1467_X1fc/product/member.uid___A001_X1467_X1fc._836407__sci.spw16_18_20_22.cont.I.pbcor.fits
uid___A001_X1467_X1d3,uid___A001_X1467_X1f7,uid___A001_X1467_X1fc,https://casdc.china-vo.org/mirror/ALMAGAL/2019.1.00195.L/QA2/science_goal.uid___A001_X1467_X1d3/group.uid___A001_X1467_X1f7/member.uid___A001_X1467_X1fc/product/member.uid___A001_X1467_X1fc._837491__sci.spw16_18_20_22.cont.I.pbcor.fits
uid___A001_X1467_X1d3,uid___A001_X1467_X1f7,uid___A001_X1467_X1fc,https://casdc.china-vo.org/mirror/ALMAGAL/2019.1.00195.L/QA2/science_goal.uid___A001_X1467_X1d3/group.uid___A001_X1467_X1f7/member.uid___A001_X1467_X1fc/product/member.uid___A001_X1467_X1fc._837948__sci.spw16_18_20_22.cont.I.pbcor.fits
uid___A001_X1467_X1d3,uid___A001_X1467_X1f7,uid___A001_X1467_X1fc,https://casdc.china-vo.org/mirror/ALMAGAL/2019.1.00195.L/QA2/science_goal.uid___A001_X1467_X1d3/group.uid___A001_X1467_X1f7/member.uid___A001_X1467_X1fc/product/member.uid___A001_X1467_X1fc._838005__sci.spw16_18_20_22.cont.I.pbcor.fits
uid___A001_X1467_X1d3,uid___A001_X1467_X1f7,uid___A001_X1467_X1fc,https://casdc.china-vo.org/mirror/ALMAGAL/2019.1.00195.L/QA2/science_goal.uid___A001_X1467_X1d3/group.uid___A001_X1467_X1f7/member.uid___A001_X1467_X1fc/product/member.uid___A001_X1467_X1fc._839208__sci.spw16_18_20_22.cont.I.pbcor.fits
uid___A001_X1467_X1d3,uid___A001_X1467_X1f7,uid___A001_X1467_X1fc,https://casdc.china-vo.org/mirror/ALMAGAL/2019.1.00195.L/QA2/science_goal.uid___A001_X1467_X1d3/group.uid___A001_X1467_X1f7/member.uid___A001_X1467_X1fc/product/member.uid___A001_X1467_X1fc._840350__sci.spw16_18_20_22.cont.I.pbcor.fits
uid___A001_X1467_X1d3,uid___A001_X1467_X1f7,uid___A001_X1467_X1fc,https://casdc.china-vo.org/mirror/ALMAGAL/2019.1.00195.L/QA2/science_goal.uid___A001_X1467_X1d3/group.uid___A001_X1467_X1f7/member.uid___A001_X1467_X1fc/product/member.uid___A001_X1467_X1fc._840609__sci.spw16_18_20_22.cont.I.pbcor.fits
uid___A001_X1467_X1d3,uid___A001_X1467_X1f7,uid___A001_X1467_X1fc,https://casdc.china-vo.org/mirror/ALMAGAL/2019.1.00195.L/QA2/science_goal.uid___A001_X1467_X1d3/group.uid___A001_X1467_X1f7/member.uid___A001_X1467_X1fc/product/member.uid___A001_X1467_X1fc._840675__sci.spw16_18_20_22.cont.I.pbcor.fits
uid___A001_X1467_X1d3,uid___A001_X1467_X1f7,uid___A001_X1467_X1fc,https://casdc.china-vo.org/mirror/ALMAGAL/2019.1.00195.L/QA2/science_goal.uid___A001_X1467_X1d3/group.uid___A001_X1467_X1f7/member.uid___A001_X1467_X1fc/product/member.uid___A001_X1467_X1fc._841169__sci.spw16_18_20_22.cont.I.pbcor.fits
uid___A001_X1467_X1d3,uid___A001_X1467_X1f7,uid___A001_X1467_X1fc,https://casdc.china-vo.org/mirror/ALMAGAL/2019.1.00195.L/QA2/science_goal.uid___A001_X1467_X1d3/group.uid___A001_X1467_X1f7/member.uid___A001_X1467_X1fc/product/member.uid___A001_X1467_X1fc._842248__sci.spw16_18_20_22.cont.I.pbcor.fits
uid___A001_X1467_X1d3,uid___A001_X1467_X1f7,uid___A001_X1467_X1fc,https://casdc.china-vo.org/mirror/ALMAGAL/2019.1.00195.L/QA2/science_goal.uid___A001_X1467_X1d3/group.uid___A001_X1467_X1f7/member.uid___A001_X1467_X1fc/product/member.uid___A001_X1467_X1fc._842359__sci.spw16_18_20_22.cont.I.pbcor.fits
uid___A001_X1467_X1d3,uid___A001_X1467_X1f7,uid___A001_X1467_X1fc,https://casdc.china-vo.org/mirror/ALMAGAL/2019.1.00195.L/QA2/science_goal.uid___A001_X1467_X1d3/group.uid___A001_X1467_X1f7/member.uid___A001_X1467_X1fc/product/member.uid___A001_X1467_X1fc._842580__sci.spw16_18_20_22.cont.I.pbcor.fits
uid___A001_X1467_X1d3,uid___A001_X1467_X1f7,uid___A001_X1467_X1fc,https://casdc.china-vo.org/mirror/ALMAGAL/2019.1.00195.L/QA2/science_goal.uid___A001_X1467_X1d3/group.uid___A001_X1467_X1f7/member.uid___A001_X1467_X1fc/product/member.uid___A001_X1467_X1fc._842823__sci.spw16_18_20_22.cont.I.pbcor.fits
uid___A001_X1467_X1d3,uid___A001_X1467_X1f7,uid___A001_X1467_X1fc,https://casdc.china-vo.org/mirror/ALMAGAL/2019.1.00195.L/QA2/science_goal.uid___A001_X1467_X1d3/group.uid___A001_X1467_X1f7/member.uid___A001_X1467_X1fc/product/member.uid___A001_X1467_X1fc._844742__sci.spw16_18_20_22.cont.I.pbcor.fits
uid___A001_X1467_X1d3,uid___A001_X1467_X1f7,uid___A001_X1467_X1fc,https://casdc.china-vo.org/mirror/ALMAGAL/2019.1.00195.L/QA2/science_goal.uid___A001_X1467_X1d3/group.uid___A001_X1467_X1f7/member.uid___A001_X1467_X1fc/product/member.uid___A001_X1467_X1fc._848271__sci.spw16_18_20_22.cont.I.pbcor.fits
uid___A001_X1467_X1d3,uid___A001_X1467_X1f7,uid___A001_X1467_X1fc,https://casdc.china-vo.org/mirror/ALMAGAL/2019.1.00195.L/QA2/science_goal.uid___A001_X1467_X1d3/group.uid___A001_X1467_X1f7/member.uid___A001_X1467_X1fc/product/member.uid___A001_X1467_X1fc._851446__sci.spw16_18_20_22.cont.I.pbcor.fits
uid___A001_X1467_X1d3,uid___A001_X1467_X1f7,uid___A001_X1467_X1fc,https://casdc.china-vo.org/mirror/ALMAGAL/2019.1.00195.L/QA2/science_goal.uid___A001_X1467_X1d3/group.uid___A001_X1467_X1f7/member.uid___A001_X1467_X1fc/product/member.uid___A001_X1467_X1fc._852473__sci.spw16_18_20_22.cont.I.pbcor.fits
uid___A001_X1467_X1d3,uid___A001_X1467_X1f7,uid___A001_X1467_X1fc,https://casdc.china-vo.org/mirror/ALMAGAL/2019.1.00195.L/QA2/science_goal.uid___A001_X1467_X1d3/group.uid___A001_X1467_X1f7/member.uid___A001_X1467_X1fc/product/member.uid___A001_X1467_X1fc._854306__sci.spw16_18_20_22.cont.I.pbcor.fits
uid___A001_X1467_X1d3,uid___A001_X1467_X1f7,uid___A001_X1467_X1fc,https://casdc.china-vo.org/mirror/ALMAGAL/2019.1.00195.L/QA2/science_goal.uid___A001_X1467_X1d3/group.uid___A001_X1467_X1f7/member.uid___A001_X1467_X1fc/product/member.uid___A001_X1467_X1fc._855739__sci.spw16_18_20_22.cont.I.pbcor.fits
uid___A001_X1467_X1d3,uid___A001_X1467_X1f7,uid___A001_X1467_X1fc,https://casdc.china-vo.org/mirror/ALMAGAL/2019.1.00195.L/QA2/science_goal.uid___A001_X1467_X1d3/group.uid___A001_X1467_X1f7/member.uid___A001_X1467_X1fc/product/member.uid___A001_X1467_X1fc._856381__sci.spw16_18_20_22.cont.I.pbcor.fits
uid___A001_X1467_X1d3,uid___A001_X1467_X1fe,uid___A001_X1467_X1ff,https://casdc.china-vo.org/mirror/ALMAGAL/2019.1.00195.L/QA2/science_goal.uid___A001_X1467_X1d3/group.uid___A001_X1467_X1fe/member.uid___A001_X1467_X1ff/product/member.uid___A001_X1467_X1ff._519029__sci.spw25_27_29_31.cont.I.pbcor.fits
uid___A001_X1467_X1d3,uid___A001_X1467_X1fe,uid___A001_X1467_X201,https://casdc.china-vo.org/mirror/ALMAGAL/2019.1.00195.L/QA2/science_goal.uid___A001_X1467_X1d3/group.uid___A001_X1467_X1fe/member.uid___A001_X1467_X201/product/member.uid___A001_X1467_X201._519029__sci.spw25_27_29_31.cont.I.pbcor.fits
uid___A001_X1467_X1d3,uid___A001_X1467_X1fe,uid___A001_X1467_X201,https://casdc.china-vo.org/mirror/ALMAGAL/2019.1.00195.L/QA2/science_goal.uid___A001_X1467_X1d3/group.uid___A001_X1467_X1fe/member.uid___A001_X1467_X201/product/member.uid___A001_X1467_X201._519248__sci.spw25_27_29_31.cont.I.pbcor.fits
uid___A001_X1467_X1d3,uid___A001_X1467_X1fe,uid___A001_X1467_X201,https://casdc.china-vo.org/mirror/ALMAGAL/2019.1.00195.L/QA2/science_goal.uid___A001_X1467_X1d3/group.uid___A001_X1467_X1fe/member.uid___A001_X1467_X201/product/member.uid___A001_X1467_X201._G217.0441-00.0584__sci.spw25_27_29_31.cont.I.pbcor.fits
uid___A001_X1467_X1d3,uid___A001_X1467_X1fe,uid___A001_X1467_X203,https://casdc.china-vo.org/mirror/ALMAGAL/2019.1.00195.L/QA2/science_goal.uid___A001_X1467_X1d3/group.uid___A001_X1467_X1fe/member.uid___A001_X1467_X203/product/member.uid___A001_X1467_X203._519029__sci.spw16_18_20_22.cont.I.pbcor.fits
uid___A001_X1467_X1d3,uid___A001_X1467_X1fe,uid___A001_X1467_X203,https://casdc.china-vo.org/mirror/ALMAGAL/2019.1.00195.L/QA2/science_goal.uid___A001_X1467_X1d3/group.uid___A001_X1467_X1fe/member.uid___A001_X1467_X203/product/member.uid___A001_X1467_X203._519248__sci.spw16_18_20_22.cont.I.pbcor.fits
uid___A001_X1467_X1d3,uid___A001_X1467_X1fe,uid___A001_X1467_X203,https://casdc.china-vo.org/mirror/ALMAGAL/2019.1.00195.L/QA2/science_goal.uid___A001_X1467_X1d3/group.uid___A001_X1467_X1fe/member.uid___A001_X1467_X203/product/member.uid___A001_X1467_X203._G217.0441-00.0584__sci.spw16_18_20_22.cont.I.pbcor.fits
uid___A001_X1467_X1d3,uid___A001_X1467_X205,uid___A001_X1467_X206,https://casdc.china-vo.org/mirror/ALMAGAL/2019.1.00195.L/QA2/science_goal.uid___A001_X1467_X1d3/group.uid___A001_X1467_X205/member.uid___A001_X1467_X206/product/member.uid___A001_X1467_X206._545969__sci.spw25_27_29_31.cont.I.pbcor.fits
uid___A001_X1467_X1d3,uid___A001_X1467_X205,uid___A001_X1467_X208,https://casdc.china-vo.org/mirror/ALMAGAL/2019.1.00195.L/QA2/science_goal.uid___A001_X1467_X1d3/group.uid___A001_X1467_X205/member.uid___A001_X1467_X208/product/member.uid___A001_X1467_X208._545969__sci.spw25_27_29_31.cont.I.pbcor.fits
uid___A001_X1467_X1d3,uid___A001_X1467_X205,uid___A001_X1467_X208,https://casdc.china-vo.org/mirror/ALMAGAL/2019.1.00195.L/QA2/science_goal.uid___A001_X1467_X1d3/group.uid___A001_X1467_X205/member.uid___A001_X1467_X208/product/member.uid___A001_X1467_X208._548966__sci.spw25_27_29_31.cont.I.pbcor.fits
uid___A001_X1467_X1d3,uid___A001_X1467_X205,uid___A001_X1467_X208,https://casdc.china-vo.org/mirror/ALMAGAL/2019.1.00195.L/QA2/science_goal.uid___A001_X1467_X1d3/group.uid___A001_X1467_X205/member.uid___A001_X1467_X208/product/member.uid___A001_X1467_X208._549061__sci.spw25_27_29_31.cont.I.pbcor.fits
uid___A001_X1467_X1d3,uid___A001_X1467_X205,uid___A001_X1467_X208,https://casdc.china-vo.org/mirror/ALMAGAL/2019.1.00195.L/QA2/science_goal.uid___A001_X1467_X1d3/group.uid___A001_X1467_X205/member.uid___A001_X1467_X208/product/member.uid___A001_X1467_X208._551585__sci.spw25_27_29_31.cont.I.pbcor.fits
uid___A001_X1467_X1d3,uid___A001_X1467_X205,uid___A001_X1467_X208,https://casdc.china-vo.org/mirror/ALMAGAL/2019.1.00195.L/QA2/science_goal.uid___A001_X1467_X1d3/group.uid___A001_X1467_X205/member.uid___A001_X1467_X208/product/member.uid___A001_X1467_X208._552040__sci.spw25_27_29_31.cont.I.pbcor.fits
uid___A001_X1467_X1d3,uid___A001_X1467_X205,uid___A001_X1467_X208,https://casdc.china-vo.org/mirror/ALMAGAL/2019.1.00195.L/QA2/science_goal.uid___A001_X1467_X1d3/group.uid___A001_X1467_X205/member.uid___A001_X1467_X208/product/member.uid___A001_X1467_X208._554367__sci.spw25_27_29_31.cont.I.pbcor.fits
uid___A001_X1467_X1d3,uid___A001_X1467_X205,uid___A001_X1467_X208,https://casdc.china-vo.org/mirror/ALMAGAL/2019.1.00195.L/QA2/science_goal.uid___A001_X1467_X1d3/group.uid___A001_X1467_X205/member.uid___A001_X1467_X208/product/member.uid___A001_X1467_X208._554507__sci.spw25_27_29_31.cont.I.pbcor.fits
uid___A001_X1467_X1d3,uid___A001_X1467_X205,uid___A001_X1467_X208,https://casdc.china-vo.org/mirror/ALMAGAL/2019.1.00195.L/QA2/science_goal.uid___A001_X1467_X1d3/group.uid___A001_X1467_X205/member.uid___A001_X1467_X208/product/member.uid___A001_X1467_X208._G242.9402-00.4501__sci.spw25_27_29_31.cont.I.pbcor.fits
uid___A001_X1467_X1d3,uid___A001_X1467_X205,uid___A001_X1467_X20a,https://casdc.china-vo.org/mirror/ALMAGAL/2019.1.00195.L/QA2/science_goal.uid___A001_X1467_X1d3/group.uid___A001_X1467_X205/member.uid___A001_X1467_X20a/product/member.uid___A001_X1467_X20a._545969__sci.spw16_18_20_22.cont.I.pbcor.fits
uid___A001_X1467_X1d3,uid___A001_X1467_X205,uid___A001_X1467_X20a,https://casdc.china-vo.org/mirror/ALMAGAL/2019.1.00195.L/QA2/science_goal.uid___A001_X1467_X1d3/group.uid___A001_X1467_X205/member.uid___A001_X1467_X20a/product/member.uid___A001_X1467_X20a._548966__sci.spw16_18_20_22.cont.I.pbcor.fits
uid___A001_X1467_X1d3,uid___A001_X1467_X205,uid___A001_X1467_X20a,https://casdc.china-vo.org/mirror/ALMAGAL/2019.1.00195.L/QA2/science_goal.uid___A001_X1467_X1d3/group.uid___A001_X1467_X205/member.uid___A001_X1467_X20a/product/member.uid___A001_X1467_X20a._549061__sci.spw16_18_20_22.cont.I.pbcor.fits
uid___A001_X1467_X1d3,uid___A001_X1467_X205,uid___A001_X1467_X20a,https://casdc.china-vo.org/mirror/ALMAGAL/2019.1.00195.L/QA2/science_goal.uid___A001_X1467_X1d3/group.uid___A001_X1467_X205/member.uid___A001_X1467_X20a/product/member.uid___A001_X1467_X20a._551585__sci.spw16_18_20_22.cont.I.pbcor.fits
uid___A001_X1467_X1d3,uid___A001_X1467_X205,uid___A001_X1467_X20a,https://casdc.china-vo.org/mirror/ALMAGAL/2019.1.00195.L/QA2/science_goal.uid___A001_X1467_X1d3/group.uid___A001_X1467_X205/member.uid___A001_X1467_X20a/product/member.uid___A001_X1467_X20a._552040__sci.spw16_18_20_22.cont.I.pbcor.fits
uid___A001_X1467_X1d3,uid___A001_X1467_X205,uid___A001_X1467_X20a,https://casdc.china-vo.org/mirror/ALMAGAL/2019.1.00195.L/QA2/science_goal.uid___A001_X1467_X1d3/group.uid___A001_X1467_X205/member.uid___A001_X1467_X20a/product/member.uid___A001_X1467_X20a._554367__sci.spw16_18_20_22.cont.I.pbcor.fits
uid___A001_X1467_X1d3,uid___A001_X1467_X205,uid___A001_X1467_X20a,https://casdc.china-vo.org/mirror/ALMAGAL/2019.1.00195.L/QA2/science_goal.uid___A001_X1467_X1d3/group.uid___A001_X1467_X205/member.uid___A001_X1467_X20a/product/member.uid___A001_X1467_X20a._554507__sci.spw16_18_20_22.cont.I.pbcor.fits
uid___A001_X1467_X1d3,uid___A001_X1467_X205,uid___A001_X1467_X20a,https://casdc.china-vo.org/mirror/ALMAGAL/2019.1.00195.L/QA2/science_goal.uid___A001_X1467_X1d3/group.uid___A001_X1467_X205/member.uid___A001_X1467_X20a/product/member.uid___A001_X1467_X20a._G242.9402-00.4501__sci.spw16_18_20_22.cont.I.pbcor.fits
uid___A001_X1467_X1d3,uid___A001_X1467_X20c,uid___A001_X1467_X20d,https://casdc.china-vo.org/mirror/ALMAGAL/2019.1.00195.L/QA2/science_goal.uid___A001_X1467_X1d3/group.uid___A001_X1467_X20c/member.uid___A001_X1467_X20d/product/member.uid___A001_X1467_X20d._561782__sci.spw25_27_29_31.cont.I.pbcor.fits
uid___A001_X1467_X1d3,uid___A001_X1467_X20c,uid___A001_X1467_X20f,https://casdc.china-vo.org/mirror/ALMAGAL/2019.1.00195.L/QA2/science_goal.uid___A001_X1467_X1d3/group.uid___A001_X1467_X20c/member.uid___A001_X1467_X20f/product/member.uid___A001_X1467_X20f._561782__sci.spw25_27_29_31.cont.I.pbcor.fits
uid___A001_X1467_X1d3,uid___A001_X1467_X20c,uid___A001_X1467_X20f,https://casdc.china-vo.org/mirror/ALMAGAL/2019.1.00195.L/QA2/science_goal.uid___A001_X1467_X1d3/group.uid___A001_X1467_X20c/member.uid___A001_X1467_X20f/product/member.uid___A001_X1467_X20f._565926__sci.spw25_27_29_31.cont.I.pbcor.fits
uid___A001_X1467_X1d3,uid___A001_X1467_X20c,uid___A001_X1467_X211,https://casdc.china-vo.org/mirror/ALMAGAL/2019.1.00195.L/QA2/science_goal.uid___A001_X1467_X1d3/group.uid___A001_X1467_X20c/member.uid___A001_X1467_X211/product/member.uid___A001_X1467_X211._561782__sci.spw16_18_20_22.cont.I.pbcor.fits
uid___A001_X1467_X1d3,uid___A001_X1467_X20c,uid___A001_X1467_X211,https://casdc.china-vo.org/mirror/ALMAGAL/2019.1.00195.L/QA2/science_goal.uid___A001_X1467_X1d3/group.uid___A001_X1467_X20c/member.uid___A001_X1467_X211/product/member.uid___A001_X1467_X211._565926__sci.spw16_18_20_22.cont.I.pbcor.fits
uid___A001_X1467_X1d3,uid___A001_X1467_X213,uid___A001_X1467_X214,https://casdc.china-vo.org/mirror/ALMAGAL/2019.1.00195.L/QA2/science_goal.uid___A001_X1467_X1d3/group.uid___A001_X1467_X213/member.uid___A001_X1467_X214/product/member.uid___A001_X1467_X214._575097__sci.spw25_27_29_31.cont.I.pbcor.fits
uid___A001_X1467_X1d3,uid___A001_X1467_X21a,uid___A001_X1467_X21b,https://casdc.china-vo.org/mirror/ALMAGAL/2019.1.00195.L/QA2/science_goal.uid___A001_X1467_X1d3/group.uid___A001_X1467_X21a/member.uid___A001_X1467_X21b/product/member.uid___A001_X1467_X21b._604868__sci.spw25_27_29_31.cont.I.pbcor.fits
uid___A001_X1467_X1d3,uid___A001_X1467_X21a,uid___A001_X1467_X21d,https://casdc.china-vo.org/mirror/ALMAGAL/2019.1.00195.L/QA2/science_goal.uid___A001_X1467_X1d3/group.uid___A001_X1467_X21a/member.uid___A001_X1467_X21d/product/member.uid___A001_X1467_X21d._604868__sci.spw25_27_29_31.cont.I.pbcor.fits
uid___A001_X1467_X1d3,uid___A001_X1467_X21a,uid___A001_X1467_X21d,https://casdc.china-vo.org/mirror/ALMAGAL/2019.1.00195.L/QA2/science_goal.uid___A001_X1467_X1d3/group.uid___A001_X1467_X21a/member.uid___A001_X1467_X21d/product/member.uid___A001_X1467_X21d._615347__sci.spw25_27_29_31.cont.I.pbcor.fits
uid___A001_X1467_X1d3,uid___A001_X1467_X21a,uid___A001_X1467_X21d,https://casdc.china-vo.org/mirror/ALMAGAL/2019.1.00195.L/QA2/science_goal.uid___A001_X1467_X1d3/group.uid___A001_X1467_X21a/member.uid___A001_X1467_X21d/product/member.uid___A001_X1467_X21d._615483__sci.spw25_27_29_31.cont.I.pbcor.fits
uid___A001_X1467_X1d3,uid___A001_X1467_X21a,uid___A001_X1467_X21d,https://casdc.china-vo.org/mirror/ALMAGAL/2019.1.00195.L/QA2/science_goal.uid___A001_X1467_X1d3/group.uid___A001_X1467_X21a/member.uid___A001_X1467_X21d/product/member.uid___A001_X1467_X21d._615590__sci.spw25_27_29_31.cont.I.pbcor.fits
uid___A001_X1467_X1d3,uid___A001_X1467_X21a,uid___A001_X1467_X21d,https://casdc.china-vo.org/mirror/ALMAGAL/2019.1.00195.L/QA2/science_goal.uid___A001_X1467_X1d3/group.uid___A001_X1467_X21a/member.uid___A001_X1467_X21d/product/member.uid___A001_X1467_X21d._G270.8247-01.1112__sci.spw25_27_29_31.cont.I.pbcor.fits
uid___A001_X1467_X1d3,uid___A001_X1467_X21a,uid___A001_X1467_X21d,https://casdc.china-vo.org/mirror/ALMAGAL/2019.1.00195.L/QA2/science_goal.uid___A001_X1467_X1d3/group.uid___A001_X1467_X21a/member.uid___A001_X1467_X21d/product/member.uid___A001_X1467_X21d._G274.0649-01.1460A__sci.spw25_27_29_31.cont.I.pbcor.fits
uid___A001_X1467_X1d3,uid___A001_X1467_X21a,uid___A001_X1467_X21f,https://casdc.china-vo.org/mirror/ALMAGAL/2019.1.00195.L/QA2/science_goal.uid___A001_X1467_X1d3/group.uid___A001_X1467_X21a/member.uid___A001_X1467_X21f/product/member.uid___A001_X1467_X21f._604868__sci.spw16_18_20_22.cont.I.pbcor.fits
uid___A001_X1467_X1d3,uid___A001_X1467_X21a,uid___A001_X1467_X21f,https://casdc.china-vo.org/mirror/ALMAGAL/2019.1.00195.L/QA2/science_goal.uid___A001_X1467_X1d3/group.uid___A001_X1467_X21a/member.uid___A001_X1467_X21f/product/member.uid___A001_X1467_X21f._615347__sci.spw16_18_20_22.cont.I.pbcor.fits
uid___A001_X1467_X1d3,uid___A001_X1467_X21a,uid___A001_X1467_X21f,https://casdc.china-vo.org/mirror/ALMAGAL/2019.1.00195.L/QA2/science_goal.uid___A001_X1467_X1d3/group.uid___A001_X1467_X21a/member.uid___A001_X1467_X21f/product/member.uid___A001_X1467_X21f._615483__sci.spw16_18_20_22.cont.I.pbcor.fits
uid___A001_X1467_X1d3,uid___A001_X1467_X21a,uid___A001_X1467_X21f,https://casdc.china-vo.org/mirror/ALMAGAL/2019.1.00195.L/QA2/science_goal.uid___A001_X1467_X1d3/group.uid___A001_X1467_X21a/member.uid___A001_X1467_X21f/product/member.uid___A001_X1467_X21f._615590__sci.spw16_18_20_22.cont.I.pbcor.fits
uid___A001_X1467_X1d3,uid___A001_X1467_X21a,uid___A001_X1467_X21f,https://casdc.china-vo.org/mirror/ALMAGAL/2019.1.00195.L/QA2/science_goal.uid___A001_X1467_X1d3/group.uid___A001_X1467_X21a/member.uid___A001_X1467_X21f/product/member.uid___A001_X1467_X21f._G270.8247-01.1112__sci.spw16_18_20_22.cont.I.pbcor.fits
uid___A001_X1467_X1d3,uid___A001_X1467_X21a,uid___A001_X1467_X21f,https://casdc.china-vo.org/mirror/ALMAGAL/2019.1.00195.L/QA2/science_goal.uid___A001_X1467_X1d3/group.uid___A001_X1467_X21a/member.uid___A001_X1467_X21f/product/member.uid___A001_X1467_X21f._G274.0649-01.1460A__sci.spw16_18_20_22.cont.I.pbcor.fits
uid___A001_X1467_X1d3,uid___A001_X1467_X221,uid___A001_X1467_X222,https://casdc.china-vo.org/mirror/ALMAGAL/2019.1.00195.L/QA2/science_goal.uid___A001_X1467_X1d3/group.uid___A001_X1467_X221/member.uid___A001_X1467_X222/product/member.uid___A001_X1467_X222._633013__sci.spw25_27_29_31.cont.I.pbcor.fits
uid___A001_X1467_X1d3,uid___A001_X1467_X221,uid___A001_X1467_X222,https://casdc.china-vo.org/mirror/ALMAGAL/2019.1.00195.L/QA2/science_goal.uid___A001_X1467_X1d3/group.uid___A001_X1467_X221/member.uid___A001_X1467_X222/product/member.uid___A001_X1467_X222._638718__sci.spw25_27_29_31.cont.I.pbcor.fits
uid___A001_X1467_X1d3,uid___A001_X1467_X221,uid___A001_X1467_X224,https://casdc.china-vo.org/mirror/ALMAGAL/2019.1.00195.L/QA2/science_goal.uid___A001_X1467_X1d3/group.uid___A001_X1467_X221/member.uid___A001_X1467_X224/product/member.uid___A001_X1467_X224._633013__sci.spw25_27_29_31.cont.I.pbcor.fits
uid___A001_X1467_X1d3,uid___A001_X1467_X221,uid___A001_X1467_X224,https://casdc.china-vo.org/mirror/ALMAGAL/2019.1.00195.L/QA2/science_goal.uid___A001_X1467_X1d3/group.uid___A001_X1467_X221/member.uid___A001_X1467_X224/product/member.uid___A001_X1467_X224._633219__sci.spw25_27_29_31.cont.I.pbcor.fits
uid___A001_X1467_X1d3,uid___A001_X1467_X221,uid___A001_X1467_X224,https://casdc.china-vo.org/mirror/ALMAGAL/2019.1.00195.L/QA2/science_goal.uid___A001_X1467_X1d3/group.uid___A001_X1467_X221/member.uid___A001_X1467_X224/product/member.uid___A001_X1467_X224._638718__sci.spw25_27_29_31.cont.I.pbcor.fits
uid___A001_X1467_X1d3,uid___A001_X1467_X221,uid___A001_X1467_X224,https://casdc.china-vo.org/mirror/ALMAGAL/2019.1.00195.L/QA2/science_goal.uid___A001_X1467_X1d3/group.uid___A001_X1467_X221/member.uid___A001_X1467_X224/product/member.uid___A001_X1467_X224._638752__sci.spw25_27_29_31.cont.I.pbcor.fits
uid___A001_X1467_X1d3,uid___A001_X1467_X221,uid___A001_X1467_X224,https://casdc.china-vo.org/mirror/ALMAGAL/2019.1.00195.L/QA2/science_goal.uid___A001_X1467_X1d3/group.uid___A001_X1467_X221/member.uid___A001_X1467_X224/product/member.uid___A001_X1467_X224._638974__sci.spw25_27_29_31.cont.I.pbcor.fits
uid___A001_X1467_X1d3,uid___A001_X1467_X221,uid___A001_X1467_X224,https://casdc.china-vo.org/mirror/ALMAGAL/2019.1.00195.L/QA2/science_goal.uid___A001_X1467_X1d3/group.uid___A001_X1467_X221/member.uid___A001_X1467_X224/product/member.uid___A001_X1467_X224._639498__sci.spw25_27_29_31.cont.I.pbcor.fits
uid___A001_X1467_X1d3,uid___A001_X1467_X221,uid___A001_X1467_X224,https://casdc.china-vo.org/mirror/ALMAGAL/2019.1.00195.L/QA2/science_goal.uid___A001_X1467_X1d3/group.uid___A001_X1467_X221/member.uid___A001_X1467_X224/product/member.uid___A001_X1467_X224._640046__sci.spw25_27_29_31.cont.I.pbcor.fits
uid___A001_X1467_X1d3,uid___A001_X1467_X221,uid___A001_X1467_X224,https://casdc.china-vo.org/mirror/ALMAGAL/2019.1.00195.L/QA2/science_goal.uid___A001_X1467_X1d3/group.uid___A001_X1467_X221/member.uid___A001_X1467_X224/product/member.uid___A001_X1467_X224._640076__sci.spw25_27_29_31.cont.I.pbcor.fits
uid___A001_X1467_X1d3,uid___A001_X1467_X221,uid___A001_X1467_X224,https://casdc.china-vo.org/mirror/ALMAGAL/2019.1.00195.L/QA2/science_goal.uid___A001_X1467_X1d3/group.uid___A001_X1467_X221/member.uid___A001_X1467_X224/product/member.uid___A001_X1467_X224._640255__sci.spw25_27_29_31.cont.I.pbcor.fits
uid___A001_X1467_X1d3,uid___A001_X1467_X221,uid___A001_X1467_X224,https://casdc.china-vo.org/mirror/ALMAGAL/2019.1.00195.L/QA2/science_goal.uid___A001_X1467_X1d3/group.uid___A001_X1467_X221/member.uid___A001_X1467_X224/product/member.uid___A001_X1467_X224._640923__sci.spw25_27_29_31.cont.I.pbcor.fits
uid___A001_X1467_X1d3,uid___A001_X1467_X221,uid___A001_X1467_X224,https://casdc.china-vo.org/mirror/ALMAGAL/2019.1.00195.L/QA2/science_goal.uid___A001_X1467_X1d3/group.uid___A001_X1467_X221/member.uid___A001_X1467_X224/product/member.uid___A001_X1467_X224._640979__sci.spw25_27_29_31.cont.I.pbcor.fits
uid___A001_X1467_X1d3,uid___A001_X1467_X221,uid___A001_X1467_X224,https://casdc.china-vo.org/mirror/ALMAGAL/2019.1.00195.L/QA2/science_goal.uid___A001_X1467_X1d3/group.uid___A001_X1467_X221/member.uid___A001_X1467_X224/product/member.uid___A001_X1467_X224._641014__sci.spw25_27_29_31.cont.I.pbcor.fits
uid___A001_X1467_X1d3,uid___A001_X1467_X221,uid___A001_X1467_X224,https://casdc.china-vo.org/mirror/ALMAGAL/2019.1.00195.L/QA2/science_goal.uid___A001_X1467_X1d3/group.uid___A001_X1467_X221/member.uid___A001_X1467_X224/product/member.uid___A001_X1467_X224._641028__sci.spw25_27_29_31.cont.I.pbcor.fits
uid___A001_X1467_X1d3,uid___A001_X1467_X221,uid___A001_X1467_X224,https://casdc.china-vo.org/mirror/ALMAGAL/2019.1.00195.L/QA2/science_goal.uid___A001_X1467_X1d3/group.uid___A001_X1467_X221/member.uid___A001_X1467_X224/product/member.uid___A001_X1467_X224._641210__sci.spw25_27_29_31.cont.I.pbcor.fits
uid___A001_X1467_X1d3,uid___A001_X1467_X221,uid___A001_X1467_X224,https://casdc.china-vo.org/mirror/ALMAGAL/2019.1.00195.L/QA2/science_goal.uid___A001_X1467_X1d3/group.uid___A001_X1467_X221/member.uid___A001_X1467_X224/product/member.uid___A001_X1467_X224._641310__sci.spw25_27_29_31.cont.I.pbcor.fits
uid___A001_X1467_X1d3,uid___A001_X1467_X221,uid___A001_X1467_X224,https://casdc.china-vo.org/mirror/ALMAGAL/2019.1.00195.L/QA2/science_goal.uid___A001_X1467_X1d3/group.uid___A001_X1467_X221/member.uid___A001_X1467_X224/product/member.uid___A001_X1467_X224._641402__sci.spw25_27_29_31.cont.I.pbcor.fits
uid___A001_X1467_X1d3,uid___A001_X1467_X221,uid___A001_X1467_X224,https://casdc.china-vo.org/mirror/ALMAGAL/2019.1.00195.L/QA2/science_goal.uid___A001_X1467_X1d3/group.uid___A001_X1467_X221/member.uid___A001_X1467_X224/product/member.uid___A001_X1467_X224._641440__sci.spw25_27_29_31.cont.I.pbcor.fits
uid___A001_X1467_X1d3,uid___A001_X1467_X221,uid___A001_X1467_X224,https://casdc.china-vo.org/mirror/ALMAGAL/2019.1.00195.L/QA2/science_goal.uid___A001_X1467_X1d3/group.uid___A001_X1467_X221/member.uid___A001_X1467_X224/product/member.uid___A001_X1467_X224._641463__sci.spw25_27_29_31.cont.I.pbcor.fits
uid___A001_X1467_X1d3,uid___A001_X1467_X221,uid___A001_X1467_X224,https://casdc.china-vo.org/mirror/ALMAGAL/2019.1.00195.L/QA2/science_goal.uid___A001_X1467_X1d3/group.uid___A001_X1467_X221/member.uid___A001_X1467_X224/product/member.uid___A001_X1467_X224._641469__sci.spw25_27_29_31.cont.I.pbcor.fits
uid___A001_X1467_X1d3,uid___A001_X1467_X221,uid___A001_X1467_X224,https://casdc.china-vo.org/mirror/ALMAGAL/2019.1.00195.L/QA2/science_goal.uid___A001_X1467_X1d3/group.uid___A001_X1467_X221/member.uid___A001_X1467_X224/product/member.uid___A001_X1467_X224._641751__sci.spw25_27_29_31.cont.I.pbcor.fits
uid___A001_X1467_X1d3,uid___A001_X1467_X221,uid___A001_X1467_X224,https://casdc.china-vo.org/mirror/ALMAGAL/2019.1.00195.L/QA2/science_goal.uid___A001_X1467_X1d3/group.uid___A001_X1467_X221/member.uid___A001_X1467_X224/product/member.uid___A001_X1467_X224._641838__sci.spw25_27_29_31.cont.I.pbcor.fits
uid___A001_X1467_X1d3,uid___A001_X1467_X221,uid___A001_X1467_X224,https://casdc.china-vo.org/mirror/ALMAGAL/2019.1.00195.L/QA2/science_goal.uid___A001_X1467_X1d3/group.uid___A001_X1467_X221/member.uid___A001_X1467_X224/product/member.uid___A001_X1467_X224._644237__sci.spw25_27_29_31.cont.I.pbcor.fits
uid___A001_X1467_X1d3,uid___A001_X1467_X221,uid___A001_X1467_X224,https://casdc.china-vo.org/mirror/ALMAGAL/2019.1.00195.L/QA2/science_goal.uid___A001_X1467_X1d3/group.uid___A001_X1467_X221/member.uid___A001_X1467_X224/product/member.uid___A001_X1467_X224._644273__sci.spw25_27_29_31.cont.I.pbcor.fits
uid___A001_X1467_X1d3,uid___A001_X1467_X221,uid___A001_X1467_X224,https://casdc.china-vo.org/mirror/ALMAGAL/2019.1.00195.L/QA2/science_goal.uid___A001_X1467_X1d3/group.uid___A001_X1467_X221/member.uid___A001_X1467_X224/product/member.uid___A001_X1467_X224._644284__sci.spw25_27_29_31.cont.I.pbcor.fits
uid___A001_X1467_X1d3,uid___A001_X1467_X221,uid___A001_X1467_X224,https://casdc.china-vo.org/mirror/ALMAGAL/2019.1.00195.L/QA2/science_goal.uid___A001_X1467_X1d3/group.uid___A001_X1467_X221/member.uid___A001_X1467_X224/product/member.uid___A001_X1467_X224._645113__sci.spw25_27_29_31.cont.I.pbcor.fits
uid___A001_X1467_X1d3,uid___A001_X1467_X221,uid___A001_X1467_X224,https://casdc.china-vo.org/mirror/ALMAGAL/2019.1.00195.L/QA2/science_goal.uid___A001_X1467_X1d3/group.uid___A001_X1467_X221/member.uid___A001_X1467_X224/product/member.uid___A001_X1467_X224._645152__sci.spw25_27_29_31.cont.I.pbcor.fits
uid___A001_X1467_X1d3,uid___A001_X1467_X221,uid___A001_X1467_X224,https://casdc.china-vo.org/mirror/ALMAGAL/2019.1.00195.L/QA2/science_goal.uid___A001_X1467_X1d3/group.uid___A001_X1467_X221/member.uid___A001_X1467_X224/product/member.uid___A001_X1467_X224._645690__sci.spw25_27_29_31.cont.I.pbcor.fits
uid___A001_X1467_X1d3,uid___A001_X1467_X221,uid___A001_X1467_X224,https://casdc.china-vo.org/mirror/ALMAGAL/2019.1.00195.L/QA2/science_goal.uid___A001_X1467_X1d3/group.uid___A001_X1467_X221/member.uid___A001_X1467_X224/product/member.uid___A001_X1467_X224._646390__sci.spw25_27_29_31.cont.I.pbcor.fits
uid___A001_X1467_X1d3,uid___A001_X1467_X221,uid___A001_X1467_X224,https://casdc.china-vo.org/mirror/ALMAGAL/2019.1.00195.L/QA2/science_goal.uid___A001_X1467_X1d3/group.uid___A001_X1467_X221/member.uid___A001_X1467_X224/product/member.uid___A001_X1467_X224._646708__sci.spw25_27_29_31.cont.I.pbcor.fits
uid___A001_X1467_X1d3,uid___A001_X1467_X221,uid___A001_X1467_X224,https://casdc.china-vo.org/mirror/ALMAGAL/2019.1.00195.L/QA2/science_goal.uid___A001_X1467_X1d3/group.uid___A001_X1467_X221/member.uid___A001_X1467_X224/product/member.uid___A001_X1467_X224._646895__sci.spw25_27_29_31.cont.I.pbcor.fits
uid___A001_X1467_X1d3,uid___A001_X1467_X221,uid___A001_X1467_X224,https://casdc.china-vo.org/mirror/ALMAGAL/2019.1.00195.L/QA2/science_goal.uid___A001_X1467_X1d3/group.uid___A001_X1467_X221/member.uid___A001_X1467_X224/product/member.uid___A001_X1467_X224._647876__sci.spw25_27_29_31.cont.I.pbcor.fits
uid___A001_X1467_X1d3,uid___A001_X1467_X221,uid___A001_X1467_X224,https://casdc.china-vo.org/mirror/ALMAGAL/2019.1.00195.L/QA2/science_goal.uid___A001_X1467_X1d3/group.uid___A001_X1467_X221/member.uid___A001_X1467_X224/product/member.uid___A001_X1467_X224._G279.4100-01.6681__sci.spw25_27_29_31.cont.I.pbcor.fits
uid___A001_X1467_X1d3,uid___A001_X1467_X221,uid___A001_X1467_X224,https://casdc.china-vo.org/mirror/ALMAGAL/2019.1.00195.L/QA2/science_goal.uid___A001_X1467_X1d3/group.uid___A001_X1467_X221/member.uid___A001_X1467_X224/product/member.uid___A001_X1467_X224._G281.9780-01.3712__sci.spw25_27_29_31.cont.I.pbcor.fits
uid___A001_X1467_X1d3,uid___A001_X1467_X221,uid___A001_X1467_X224,https://casdc.china-vo.org/mirror/ALMAGAL/2019.1.00195.L/QA2/science_goal.uid___A001_X1467_X1d3/group.uid___A001_X1467_X221/member.uid___A001_X1467_X224/product/member.uid___A001_X1467_X224._G283.9146-01.0485__sci.spw25_27_29_31.cont.I.pbcor.fits
uid___A001_X1467_X1d3,uid___A001_X1467_X221,uid___A001_X1467_X226,https://casdc.china-vo.org/mirror/ALMAGAL/2019.1.00195.L/QA2/science_goal.uid___A001_X1467_X1d3/group.uid___A001_X1467_X221/member.uid___A001_X1467_X226/product/member.uid___A001_X1467_X226._633013__sci.spw16_18_20_22.cont.I.pbcor.fits
uid___A001_X1467_X1d3,uid___A001_X1467_X221,uid___A001_X1467_X226,https://casdc.china-vo.org/mirror/ALMAGAL/2019.1.00195.L/QA2/science_goal.uid___A001_X1467_X1d3/group.uid___A001_X1467_X221/member.uid___A001_X1467_X226/product/member.uid___A001_X1467_X226._633219__sci.spw16_18_20_22.cont.I.pbcor.fits
uid___A001_X1467_X1d3,uid___A001_X1467_X221,uid___A001_X1467_X226,https://casdc.china-vo.org/mirror/ALMAGAL/2019.1.00195.L/QA2/science_goal.uid___A001_X1467_X1d3/group.uid___A001_X1467_X221/member.uid___A001_X1467_X226/product/member.uid___A001_X1467_X226._638718__sci.spw16_18_20_22.cont.I.pbcor.fits
uid___A001_X1467_X1d3,uid___A001_X1467_X221,uid___A001_X1467_X226,https://casdc.china-vo.org/mirror/ALMAGAL/2019.1.00195.L/QA2/science_goal.uid___A001_X1467_X1d3/group.uid___A001_X1467_X221/member.uid___A001_X1467_X226/product/member.uid___A001_X1467_X226._638752__sci.spw16_18_20_22.cont.I.pbcor.fits
uid___A001_X1467_X1d3,uid___A001_X1467_X221,uid___A001_X1467_X226,https://casdc.china-vo.org/mirror/ALMAGAL/2019.1.00195.L/QA2/science_goal.uid___A001_X1467_X1d3/group.uid___A001_X1467_X221/member.uid___A001_X1467_X226/product/member.uid___A001_X1467_X226._638974__sci.spw16_18_20_22.cont.I.pbcor.fits
uid___A001_X1467_X1d3,uid___A001_X1467_X221,uid___A001_X1467_X226,https://casdc.china-vo.org/mirror/ALMAGAL/2019.1.00195.L/QA2/science_goal.uid___A001_X1467_X1d3/group.uid___A001_X1467_X221/member.uid___A001_X1467_X226/product/member.uid___A001_X1467_X226._639498__sci.spw16_18_20_22.cont.I.pbcor.fits
uid___A001_X1467_X1d3,uid___A001_X1467_X221,uid___A001_X1467_X226,https://casdc.china-vo.org/mirror/ALMAGAL/2019.1.00195.L/QA2/science_goal.uid___A001_X1467_X1d3/group.uid___A001_X1467_X221/member.uid___A001_X1467_X226/product/member.uid___A001_X1467_X226._640046__sci.spw16_18_20_22.cont.I.pbcor.fits
uid___A001_X1467_X1d3,uid___A001_X1467_X221,uid___A001_X1467_X226,https://casdc.china-vo.org/mirror/ALMAGAL/2019.1.00195.L/QA2/science_goal.uid___A001_X1467_X1d3/group.uid___A001_X1467_X221/member.uid___A001_X1467_X226/product/member.uid___A001_X1467_X226._640076__sci.spw16_18_20_22.cont.I.pbcor.fits
uid___A001_X1467_X1d3,uid___A001_X1467_X221,uid___A001_X1467_X226,https://casdc.china-vo.org/mirror/ALMAGAL/2019.1.00195.L/QA2/science_goal.uid___A001_X1467_X1d3/group.uid___A001_X1467_X221/member.uid___A001_X1467_X226/product/member.uid___A001_X1467_X226._640255__sci.spw16_18_20_22.cont.I.pbcor.fits
uid___A001_X1467_X1d3,uid___A001_X1467_X221,uid___A001_X1467_X226,https://casdc.china-vo.org/mirror/ALMAGAL/2019.1.00195.L/QA2/science_goal.uid___A001_X1467_X1d3/group.uid___A001_X1467_X221/member.uid___A001_X1467_X226/product/member.uid___A001_X1467_X226._640923__sci.spw16_18_20_22.cont.I.pbcor.fits
uid___A001_X1467_X1d3,uid___A001_X1467_X221,uid___A001_X1467_X226,https://casdc.china-vo.org/mirror/ALMAGAL/2019.1.00195.L/QA2/science_goal.uid___A001_X1467_X1d3/group.uid___A001_X1467_X221/member.uid___A001_X1467_X226/product/member.uid___A001_X1467_X226._640979__sci.spw16_18_20_22.cont.I.pbcor.fits
uid___A001_X1467_X1d3,uid___A001_X1467_X221,uid___A001_X1467_X226,https://casdc.china-vo.org/mirror/ALMAGAL/2019.1.00195.L/QA2/science_goal.uid___A001_X1467_X1d3/group.uid___A001_X1467_X221/member.uid___A001_X1467_X226/product/member.uid___A001_X1467_X226._641014__sci.spw16_18_20_22.cont.I.pbcor.fits
uid___A001_X1467_X1d3,uid___A001_X1467_X221,uid___A001_X1467_X226,https://casdc.china-vo.org/mirror/ALMAGAL/2019.1.00195.L/QA2/science_goal.uid___A001_X1467_X1d3/group.uid___A001_X1467_X221/member.uid___A001_X1467_X226/product/member.uid___A001_X1467_X226._641028__sci.spw16_18_20_22.cont.I.pbcor.fits
uid___A001_X1467_X1d3,uid___A001_X1467_X221,uid___A001_X1467_X226,https://casdc.china-vo.org/mirror/ALMAGAL/2019.1.00195.L/QA2/science_goal.uid___A001_X1467_X1d3/group.uid___A001_X1467_X221/member.uid___A001_X1467_X226/product/member.uid___A001_X1467_X226._641210__sci.spw16_18_20_22.cont.I.pbcor.fits
uid___A001_X1467_X1d3,uid___A001_X1467_X221,uid___A001_X1467_X226,https://casdc.china-vo.org/mirror/ALMAGAL/2019.1.00195.L/QA2/science_goal.uid___A001_X1467_X1d3/group.uid___A001_X1467_X221/member.uid___A001_X1467_X226/product/member.uid___A001_X1467_X226._641310__sci.spw16_18_20_22.cont.I.pbcor.fits
uid___A001_X1467_X1d3,uid___A001_X1467_X221,uid___A001_X1467_X226,https://casdc.china-vo.org/mirror/ALMAGAL/2019.1.00195.L/QA2/science_goal.uid___A001_X1467_X1d3/group.uid___A001_X1467_X221/member.uid___A001_X1467_X226/product/member.uid___A001_X1467_X226._641402__sci.spw16_18_20_22.cont.I.pbcor.fits
uid___A001_X1467_X1d3,uid___A001_X1467_X221,uid___A001_X1467_X226,https://casdc.china-vo.org/mirror/ALMAGAL/2019.1.00195.L/QA2/science_goal.uid___A001_X1467_X1d3/group.uid___A001_X1467_X221/member.uid___A001_X1467_X226/product/member.uid___A001_X1467_X226._641440__sci.spw16_18_20_22.cont.I.pbcor.fits
uid___A001_X1467_X1d3,uid___A001_X1467_X221,uid___A001_X1467_X226,https://casdc.china-vo.org/mirror/ALMAGAL/2019.1.00195.L/QA2/science_goal.uid___A001_X1467_X1d3/group.uid___A001_X1467_X221/member.uid___A001_X1467_X226/product/member.uid___A001_X1467_X226._641463__sci.spw16_18_20_22.cont.I.pbcor.fits
uid___A001_X1467_X1d3,uid___A001_X1467_X221,uid___A001_X1467_X226,https://casdc.china-vo.org/mirror/ALMAGAL/2019.1.00195.L/QA2/science_goal.uid___A001_X1467_X1d3/group.uid___A001_X1467_X221/member.uid___A001_X1467_X226/product/member.uid___A001_X1467_X226._641469__sci.spw16_18_20_22.cont.I.pbcor.fits
uid___A001_X1467_X1d3,uid___A001_X1467_X221,uid___A001_X1467_X226,https://casdc.china-vo.org/mirror/ALMAGAL/2019.1.00195.L/QA2/science_goal.uid___A001_X1467_X1d3/group.uid___A001_X1467_X221/member.uid___A001_X1467_X226/product/member.uid___A001_X1467_X226._641751__sci.spw16_18_20_22.cont.I.pbcor.fits
uid___A001_X1467_X1d3,uid___A001_X1467_X221,uid___A001_X1467_X226,https://casdc.china-vo.org/mirror/ALMAGAL/2019.1.00195.L/QA2/science_goal.uid___A001_X1467_X1d3/group.uid___A001_X1467_X221/member.uid___A001_X1467_X226/product/member.uid___A001_X1467_X226._641838__sci.spw16_18_20_22.cont.I.pbcor.fits
uid___A001_X1467_X1d3,uid___A001_X1467_X221,uid___A001_X1467_X226,https://casdc.china-vo.org/mirror/ALMAGAL/2019.1.00195.L/QA2/science_goal.uid___A001_X1467_X1d3/group.uid___A001_X1467_X221/member.uid___A001_X1467_X226/product/member.uid___A001_X1467_X226._644237__sci.spw16_18_20_22.cont.I.pbcor.fits
uid___A001_X1467_X1d3,uid___A001_X1467_X221,uid___A001_X1467_X226,https://casdc.china-vo.org/mirror/ALMAGAL/2019.1.00195.L/QA2/science_goal.uid___A001_X1467_X1d3/group.uid___A001_X1467_X221/member.uid___A001_X1467_X226/product/member.uid___A001_X1467_X226._644273__sci.spw16_18_20_22.cont.I.pbcor.fits
uid___A001_X1467_X1d3,uid___A001_X1467_X221,uid___A001_X1467_X226,https://casdc.china-vo.org/mirror/ALMAGAL/2019.1.00195.L/QA2/science_goal.uid___A001_X1467_X1d3/group.uid___A001_X1467_X221/member.uid___A001_X1467_X226/product/member.uid___A001_X1467_X226._644284__sci.spw16_18_20_22.cont.I.pbcor.fits
uid___A001_X1467_X1d3,uid___A001_X1467_X221,uid___A001_X1467_X226,https://casdc.china-vo.org/mirror/ALMAGAL/2019.1.00195.L/QA2/science_goal.uid___A001_X1467_X1d3/group.uid___A001_X1467_X221/member.uid___A001_X1467_X226/product/member.uid___A001_X1467_X226._645113__sci.spw16_18_20_22.cont.I.pbcor.fits
uid___A001_X1467_X1d3,uid___A001_X1467_X221,uid___A001_X1467_X226,https://casdc.china-vo.org/mirror/ALMAGAL/2019.1.00195.L/QA2/science_goal.uid___A001_X1467_X1d3/group.uid___A001_X1467_X221/member.uid___A001_X1467_X226/product/member.uid___A001_X1467_X226._645152__sci.spw16_18_20_22.cont.I.pbcor.fits
uid___A001_X1467_X1d3,uid___A001_X1467_X221,uid___A001_X1467_X226,https://casdc.china-vo.org/mirror/ALMAGAL/2019.1.00195.L/QA2/science_goal.uid___A001_X1467_X1d3/group.uid___A001_X1467_X221/member.uid___A001_X1467_X226/product/member.uid___A001_X1467_X226._645690__sci.spw16_18_20_22.cont.I.pbcor.fits
uid___A001_X1467_X1d3,uid___A001_X1467_X221,uid___A001_X1467_X226,https://casdc.china-vo.org/mirror/ALMAGAL/2019.1.00195.L/QA2/science_goal.uid___A001_X1467_X1d3/group.uid___A001_X1467_X221/member.uid___A001_X1467_X226/product/member.uid___A001_X1467_X226._646390__sci.spw16_18_20_22.cont.I.pbcor.fits
uid___A001_X1467_X1d3,uid___A001_X1467_X221,uid___A001_X1467_X226,https://casdc.china-vo.org/mirror/ALMAGAL/2019.1.00195.L/QA2/science_goal.uid___A001_X1467_X1d3/group.uid___A001_X1467_X221/member.uid___A001_X1467_X226/product/member.uid___A001_X1467_X226._646708__sci.spw16_18_20_22.cont.I.pbcor.fits
uid___A001_X1467_X1d3,uid___A001_X1467_X221,uid___A001_X1467_X226,https://casdc.china-vo.org/mirror/ALMAGAL/2019.1.00195.L/QA2/science_goal.uid___A001_X1467_X1d3/group.uid___A001_X1467_X221/member.uid___A001_X1467_X226/product/member.uid___A001_X1467_X226._646895__sci.spw16_18_20_22.cont.I.pbcor.fits
uid___A001_X1467_X1d3,uid___A001_X1467_X221,uid___A001_X1467_X226,https://casdc.china-vo.org/mirror/ALMAGAL/2019.1.00195.L/QA2/science_goal.uid___A001_X1467_X1d3/group.uid___A001_X1467_X221/member.uid___A001_X1467_X226/product/member.uid___A001_X1467_X226._647876__sci.spw16_18_20_22.cont.I.pbcor.fits
uid___A001_X1467_X1d3,uid___A001_X1467_X221,uid___A001_X1467_X226,https://casdc.china-vo.org/mirror/ALMAGAL/2019.1.00195.L/QA2/science_goal.uid___A001_X1467_X1d3/group.uid___A001_X1467_X221/member.uid___A001_X1467_X226/product/member.uid___A001_X1467_X226._G279.4100-01.6681__sci.spw16_18_20_22.cont.I.pbcor.fits
uid___A001_X1467_X1d3,uid___A001_X1467_X221,uid___A001_X1467_X226,https://casdc.china-vo.org/mirror/ALMAGAL/2019.1.00195.L/QA2/science_goal.uid___A001_X1467_X1d3/group.uid___A001_X1467_X221/member.uid___A001_X1467_X226/product/member.uid___A001_X1467_X226._G281.9780-01.3712__sci.spw16_18_20_22.cont.I.pbcor.fits
uid___A001_X1467_X1d3,uid___A001_X1467_X221,uid___A001_X1467_X226,https://casdc.china-vo.org/mirror/ALMAGAL/2019.1.00195.L/QA2/science_goal.uid___A001_X1467_X1d3/group.uid___A001_X1467_X221/member.uid___A001_X1467_X226/product/member.uid___A001_X1467_X226._G283.9146-01.0485__sci.spw16_18_20_22.cont.I.pbcor.fits
uid___A001_X1467_X1d3,uid___A001_X1467_X228,uid___A001_X1467_X229,https://casdc.china-vo.org/mirror/ALMAGAL/2019.1.00195.L/QA2/science_goal.uid___A001_X1467_X1d3/group.uid___A001_X1467_X228/member.uid___A001_X1467_X229/product/member.uid___A001_X1467_X229._724566__sci.spw25_27_29_31.cont.I.pbcor.fits
uid___A001_X1467_X1d3,uid___A001_X1467_X228,uid___A001_X1467_X22b,https://casdc.china-vo.org/mirror/ALMAGAL/2019.1.00195.L/QA2/science_goal.uid___A001_X1467_X1d3/group.uid___A001_X1467_X228/member.uid___A001_X1467_X22b/product/member.uid___A001_X1467_X22b._724566__sci.spw25_27_29_31.cont.I.pbcor.fits
uid___A001_X1467_X1d3,uid___A001_X1467_X228,uid___A001_X1467_X22b,https://casdc.china-vo.org/mirror/ALMAGAL/2019.1.00195.L/QA2/science_goal.uid___A001_X1467_X1d3/group.uid___A001_X1467_X228/member.uid___A001_X1467_X22b/product/member.uid___A001_X1467_X22b._726096__sci.spw25_27_29_31.cont.I.pbcor.fits
uid___A001_X1467_X1d3,uid___A001_X1467_X228,uid___A001_X1467_X22b,https://casdc.china-vo.org/mirror/ALMAGAL/2019.1.00195.L/QA2/science_goal.uid___A001_X1467_X1d3/group.uid___A001_X1467_X228/member.uid___A001_X1467_X22b/product/member.uid___A001_X1467_X22b._726482__sci.spw25_27_29_31.cont.I.pbcor.fits
uid___A001_X1467_X1d3,uid___A001_X1467_X228,uid___A001_X1467_X22b,https://casdc.china-vo.org/mirror/ALMAGAL/2019.1.00195.L/QA2/science_goal.uid___A001_X1467_X1d3/group.uid___A001_X1467_X228/member.uid___A001_X1467_X22b/product/member.uid___A001_X1467_X22b._727263__sci.spw25_27_29_31.cont.I.pbcor.fits
uid___A001_X1467_X1d3,uid___A001_X1467_X228,uid___A001_X1467_X22b,https://casdc.china-vo.org/mirror/ALMAGAL/2019.1.00195.L/QA2/science_goal.uid___A001_X1467_X1d3/group.uid___A001_X1467_X228/member.uid___A001_X1467_X22b/product/member.uid___A001_X1467_X22b._727600__sci.spw25_27_29_31.cont.I.pbcor.fits
uid___A001_X1467_X1d3,uid___A001_X1467_X228,uid___A001_X1467_X22b,https://casdc.china-vo.org/mirror/ALMAGAL/2019.1.00195.L/QA2/science_goal.uid___A001_X1467_X1d3/group.uid___A001_X1467_X228/member.uid___A001_X1467_X22b/product/member.uid___A001_X1467_X22b._727702__sci.spw25_27_29_31.cont.I.pbcor.fits
uid___A001_X1467_X1d3,uid___A001_X1467_X228,uid___A001_X1467_X22b,https://casdc.china-vo.org/mirror/ALMAGAL/2019.1.00195.L/QA2/science_goal.uid___A001_X1467_X1d3/group.uid___A001_X1467_X228/member.uid___A001_X1467_X22b/product/member.uid___A001_X1467_X22b._727758__sci.spw25_27_29_31.cont.I.pbcor.fits
uid___A001_X1467_X1d3,uid___A001_X1467_X228,uid___A001_X1467_X22b,https://casdc.china-vo.org/mirror/ALMAGAL/2019.1.00195.L/QA2/science_goal.uid___A001_X1467_X1d3/group.uid___A001_X1467_X228/member.uid___A001_X1467_X22b/product/member.uid___A001_X1467_X22b._727769__sci.spw25_27_29_31.cont.I.pbcor.fits
uid___A001_X1467_X1d3,uid___A001_X1467_X228,uid___A001_X1467_X22b,https://casdc.china-vo.org/mirror/ALMAGAL/2019.1.00195.L/QA2/science_goal.uid___A001_X1467_X1d3/group.uid___A001_X1467_X228/member.uid___A001_X1467_X22b/product/member.uid___A001_X1467_X22b._727831__sci.spw25_27_29_31.cont.I.pbcor.fits
uid___A001_X1467_X1d3,uid___A001_X1467_X228,uid___A001_X1467_X22b,https://casdc.china-vo.org/mirror/ALMAGAL/2019.1.00195.L/QA2/science_goal.uid___A001_X1467_X1d3/group.uid___A001_X1467_X228/member.uid___A001_X1467_X22b/product/member.uid___A001_X1467_X22b._727996__sci.spw25_27_29_31.cont.I.pbcor.fits
uid___A001_X1467_X1d3,uid___A001_X1467_X228,uid___A001_X1467_X22b,https://casdc.china-vo.org/mirror/ALMAGAL/2019.1.00195.L/QA2/science_goal.uid___A001_X1467_X1d3/group.uid___A001_X1467_X228/member.uid___A001_X1467_X22b/product/member.uid___A001_X1467_X22b._728411__sci.spw25_27_29_31.cont.I.pbcor.fits
uid___A001_X1467_X1d3,uid___A001_X1467_X228,uid___A001_X1467_X22b,https://casdc.china-vo.org/mirror/ALMAGAL/2019.1.00195.L/QA2/science_goal.uid___A001_X1467_X1d3/group.uid___A001_X1467_X228/member.uid___A001_X1467_X22b/product/member.uid___A001_X1467_X22b._728716__sci.spw25_27_29_31.cont.I.pbcor.fits
uid___A001_X1467_X1d3,uid___A001_X1467_X228,uid___A001_X1467_X22b,https://casdc.china-vo.org/mirror/ALMAGAL/2019.1.00195.L/QA2/science_goal.uid___A001_X1467_X1d3/group.uid___A001_X1467_X228/member.uid___A001_X1467_X22b/product/member.uid___A001_X1467_X22b._730135__sci.spw25_27_29_31.cont.I.pbcor.fits
uid___A001_X1467_X1d3,uid___A001_X1467_X228,uid___A001_X1467_X22b,https://casdc.china-vo.org/mirror/ALMAGAL/2019.1.00195.L/QA2/science_goal.uid___A001_X1467_X1d3/group.uid___A001_X1467_X228/member.uid___A001_X1467_X22b/product/member.uid___A001_X1467_X22b._731221__sci.spw25_27_29_31.cont.I.pbcor.fits
uid___A001_X1467_X1d3,uid___A001_X1467_X228,uid___A001_X1467_X22b,https://casdc.china-vo.org/mirror/ALMAGAL/2019.1.00195.L/QA2/science_goal.uid___A001_X1467_X1d3/group.uid___A001_X1467_X228/member.uid___A001_X1467_X22b/product/member.uid___A001_X1467_X22b._731492__sci.spw25_27_29_31.cont.I.pbcor.fits
uid___A001_X1467_X1d3,uid___A001_X1467_X228,uid___A001_X1467_X22b,https://casdc.china-vo.org/mirror/ALMAGAL/2019.1.00195.L/QA2/science_goal.uid___A001_X1467_X1d3/group.uid___A001_X1467_X228/member.uid___A001_X1467_X22b/product/member.uid___A001_X1467_X22b._731997__sci.spw25_27_29_31.cont.I.pbcor.fits
uid___A001_X1467_X1d3,uid___A001_X1467_X228,uid___A001_X1467_X22b,https://casdc.china-vo.org/mirror/ALMAGAL/2019.1.00195.L/QA2/science_goal.uid___A001_X1467_X1d3/group.uid___A001_X1467_X228/member.uid___A001_X1467_X22b/product/member.uid___A001_X1467_X22b._732038__sci.spw25_27_29_31.cont.I.pbcor.fits
uid___A001_X1467_X1d3,uid___A001_X1467_X228,uid___A001_X1467_X22b,https://casdc.china-vo.org/mirror/ALMAGAL/2019.1.00195.L/QA2/science_goal.uid___A001_X1467_X1d3/group.uid___A001_X1467_X228/member.uid___A001_X1467_X22b/product/member.uid___A001_X1467_X22b._732540__sci.spw25_27_29_31.cont.I.pbcor.fits
uid___A001_X1467_X1d3,uid___A001_X1467_X228,uid___A001_X1467_X22b,https://casdc.china-vo.org/mirror/ALMAGAL/2019.1.00195.L/QA2/science_goal.uid___A001_X1467_X1d3/group.uid___A001_X1467_X228/member.uid___A001_X1467_X22b/product/member.uid___A001_X1467_X22b._732713__sci.spw25_27_29_31.cont.I.pbcor.fits
uid___A001_X1467_X1d3,uid___A001_X1467_X228,uid___A001_X1467_X22b,https://casdc.china-vo.org/mirror/ALMAGAL/2019.1.00195.L/QA2/science_goal.uid___A001_X1467_X1d3/group.uid___A001_X1467_X228/member.uid___A001_X1467_X22b/product/member.uid___A001_X1467_X22b._737232__sci.spw25_27_29_31.cont.I.pbcor.fits
uid___A001_X1467_X1d3,uid___A001_X1467_X228,uid___A001_X1467_X22b,https://casdc.china-vo.org/mirror/ALMAGAL/2019.1.00195.L/QA2/science_goal.uid___A001_X1467_X1d3/group.uid___A001_X1467_X228/member.uid___A001_X1467_X22b/product/member.uid___A001_X1467_X22b._737436__sci.spw25_27_29_31.cont.I.pbcor.fits
uid___A001_X1467_X1d3,uid___A001_X1467_X228,uid___A001_X1467_X22b,https://casdc.china-vo.org/mirror/ALMAGAL/2019.1.00195.L/QA2/science_goal.uid___A001_X1467_X1d3/group.uid___A001_X1467_X228/member.uid___A001_X1467_X22b/product/member.uid___A001_X1467_X22b._737488__sci.spw25_27_29_31.cont.I.pbcor.fits
uid___A001_X1467_X1d3,uid___A001_X1467_X228,uid___A001_X1467_X22b,https://casdc.china-vo.org/mirror/ALMAGAL/2019.1.00195.L/QA2/science_goal.uid___A001_X1467_X1d3/group.uid___A001_X1467_X228/member.uid___A001_X1467_X22b/product/member.uid___A001_X1467_X22b._737579__sci.spw25_27_29_31.cont.I.pbcor.fits
uid___A001_X1467_X1d3,uid___A001_X1467_X228,uid___A001_X1467_X22b,https://casdc.china-vo.org/mirror/ALMAGAL/2019.1.00195.L/QA2/science_goal.uid___A001_X1467_X1d3/group.uid___A001_X1467_X228/member.uid___A001_X1467_X22b/product/member.uid___A001_X1467_X22b._737588__sci.spw25_27_29_31.cont.I.pbcor.fits
uid___A001_X1467_X1d3,uid___A001_X1467_X228,uid___A001_X1467_X22b,https://casdc.china-vo.org/mirror/ALMAGAL/2019.1.00195.L/QA2/science_goal.uid___A001_X1467_X1d3/group.uid___A001_X1467_X228/member.uid___A001_X1467_X22b/product/member.uid___A001_X1467_X22b._737671__sci.spw25_27_29_31.cont.I.pbcor.fits
uid___A001_X1467_X1d3,uid___A001_X1467_X228,uid___A001_X1467_X22b,https://casdc.china-vo.org/mirror/ALMAGAL/2019.1.00195.L/QA2/science_goal.uid___A001_X1467_X1d3/group.uid___A001_X1467_X228/member.uid___A001_X1467_X22b/product/member.uid___A001_X1467_X22b._737673__sci.spw25_27_29_31.cont.I.pbcor.fits
uid___A001_X1467_X1d3,uid___A001_X1467_X228,uid___A001_X1467_X22b,https://casdc.china-vo.org/mirror/ALMAGAL/2019.1.00195.L/QA2/science_goal.uid___A001_X1467_X1d3/group.uid___A001_X1467_X228/member.uid___A001_X1467_X22b/product/member.uid___A001_X1467_X22b._737702__sci.spw25_27_29_31.cont.I.pbcor.fits
uid___A001_X1467_X1d3,uid___A001_X1467_X228,uid___A001_X1467_X22d,https://casdc.china-vo.org/mirror/ALMAGAL/2019.1.00195.L/QA2/science_goal.uid___A001_X1467_X1d3/group.uid___A001_X1467_X228/member.uid___A001_X1467_X22d/product/member.uid___A001_X1467_X22d._724566__sci.spw16_18_20_22.cont.I.pbcor.fits
uid___A001_X1467_X1d3,uid___A001_X1467_X228,uid___A001_X1467_X22d,https://casdc.china-vo.org/mirror/ALMAGAL/2019.1.00195.L/QA2/science_goal.uid___A001_X1467_X1d3/group.uid___A001_X1467_X228/member.uid___A001_X1467_X22d/product/member.uid___A001_X1467_X22d._726096__sci.spw16_18_20_22.cont.I.pbcor.fits
uid___A001_X1467_X1d3,uid___A001_X1467_X228,uid___A001_X1467_X22d,https://casdc.china-vo.org/mirror/ALMAGAL/2019.1.00195.L/QA2/science_goal.uid___A001_X1467_X1d3/group.uid___A001_X1467_X228/member.uid___A001_X1467_X22d/product/member.uid___A001_X1467_X22d._726482__sci.spw16_18_20_22.cont.I.pbcor.fits
uid___A001_X1467_X1d3,uid___A001_X1467_X228,uid___A001_X1467_X22d,https://casdc.china-vo.org/mirror/ALMAGAL/2019.1.00195.L/QA2/science_goal.uid___A001_X1467_X1d3/group.uid___A001_X1467_X228/member.uid___A001_X1467_X22d/product/member.uid___A001_X1467_X22d._727263__sci.spw16_18_20_22.cont.I.pbcor.fits
uid___A001_X1467_X1d3,uid___A001_X1467_X228,uid___A001_X1467_X22d,https://casdc.china-vo.org/mirror/ALMAGAL/2019.1.00195.L/QA2/science_goal.uid___A001_X1467_X1d3/group.uid___A001_X1467_X228/member.uid___A001_X1467_X22d/product/member.uid___A001_X1467_X22d._727600__sci.spw16_18_20_22.cont.I.pbcor.fits
uid___A001_X1467_X1d3,uid___A001_X1467_X228,uid___A001_X1467_X22d,https://casdc.china-vo.org/mirror/ALMAGAL/2019.1.00195.L/QA2/science_goal.uid___A001_X1467_X1d3/group.uid___A001_X1467_X228/member.uid___A001_X1467_X22d/product/member.uid___A001_X1467_X22d._727702__sci.spw16_18_20_22.cont.I.pbcor.fits
uid___A001_X1467_X1d3,uid___A001_X1467_X228,uid___A001_X1467_X22d,https://casdc.china-vo.org/mirror/ALMAGAL/2019.1.00195.L/QA2/science_goal.uid___A001_X1467_X1d3/group.uid___A001_X1467_X228/member.uid___A001_X1467_X22d/product/member.uid___A001_X1467_X22d._727758__sci.spw16_18_20_22.cont.I.pbcor.fits
uid___A001_X1467_X1d3,uid___A001_X1467_X228,uid___A001_X1467_X22d,https://casdc.china-vo.org/mirror/ALMAGAL/2019.1.00195.L/QA2/science_goal.uid___A001_X1467_X1d3/group.uid___A001_X1467_X228/member.uid___A001_X1467_X22d/product/member.uid___A001_X1467_X22d._727769__sci.spw16_18_20_22.cont.I.pbcor.fits
uid___A001_X1467_X1d3,uid___A001_X1467_X228,uid___A001_X1467_X22d,https://casdc.china-vo.org/mirror/ALMAGAL/2019.1.00195.L/QA2/science_goal.uid___A001_X1467_X1d3/group.uid___A001_X1467_X228/member.uid___A001_X1467_X22d/product/member.uid___A001_X1467_X22d._727831__sci.spw16_18_20_22.cont.I.pbcor.fits
uid___A001_X1467_X1d3,uid___A001_X1467_X228,uid___A001_X1467_X22d,https://casdc.china-vo.org/mirror/ALMAGAL/2019.1.00195.L/QA2/science_goal.uid___A001_X1467_X1d3/group.uid___A001_X1467_X228/member.uid___A001_X1467_X22d/product/member.uid___A001_X1467_X22d._727996__sci.spw16_18_20_22.cont.I.pbcor.fits
uid___A001_X1467_X1d3,uid___A001_X1467_X228,uid___A001_X1467_X22d,https://casdc.china-vo.org/mirror/ALMAGAL/2019.1.00195.L/QA2/science_goal.uid___A001_X1467_X1d3/group.uid___A001_X1467_X228/member.uid___A001_X1467_X22d/product/member.uid___A001_X1467_X22d._728411__sci.spw16_18_20_22.cont.I.pbcor.fits
uid___A001_X1467_X1d3,uid___A001_X1467_X228,uid___A001_X1467_X22d,https://casdc.china-vo.org/mirror/ALMAGAL/2019.1.00195.L/QA2/science_goal.uid___A001_X1467_X1d3/group.uid___A001_X1467_X228/member.uid___A001_X1467_X22d/product/member.uid___A001_X1467_X22d._728432__sci.spw16_18_20_22.cont.I.pbcor.fits
uid___A001_X1467_X1d3,uid___A001_X1467_X228,uid___A001_X1467_X22d,https://casdc.china-vo.org/mirror/ALMAGAL/2019.1.00195.L/QA2/science_goal.uid___A001_X1467_X1d3/group.uid___A001_X1467_X228/member.uid___A001_X1467_X22d/product/member.uid___A001_X1467_X22d._728513__sci.spw16_18_20_22.cont.I.pbcor.fits
uid___A001_X1467_X1d3,uid___A001_X1467_X228,uid___A001_X1467_X22d,https://casdc.china-vo.org/mirror/ALMAGAL/2019.1.00195.L/QA2/science_goal.uid___A001_X1467_X1d3/group.uid___A001_X1467_X228/member.uid___A001_X1467_X22d/product/member.uid___A001_X1467_X22d._728716__sci.spw16_18_20_22.cont.I.pbcor.fits
uid___A001_X1467_X1d3,uid___A001_X1467_X228,uid___A001_X1467_X22d,https://casdc.china-vo.org/mirror/ALMAGAL/2019.1.00195.L/QA2/science_goal.uid___A001_X1467_X1d3/group.uid___A001_X1467_X228/member.uid___A001_X1467_X22d/product/member.uid___A001_X1467_X22d._729061__sci.spw16_18_20_22.cont.I.pbcor.fits
uid___A001_X1467_X1d3,uid___A001_X1467_X228,uid___A001_X1467_X22d,https://casdc.china-vo.org/mirror/ALMAGAL/2019.1.00195.L/QA2/science_goal.uid___A001_X1467_X1d3/group.uid___A001_X1467_X228/member.uid___A001_X1467_X22d/product/member.uid___A001_X1467_X22d._730127__sci.spw16_18_20_22.cont.I.pbcor.fits
uid___A001_X1467_X1d3,uid___A001_X1467_X228,uid___A001_X1467_X22d,https://casdc.china-vo.org/mirror/ALMAGAL/2019.1.00195.L/QA2/science_goal.uid___A001_X1467_X1d3/group.uid___A001_X1467_X228/member.uid___A001_X1467_X22d/product/member.uid___A001_X1467_X22d._730135__sci.spw16_18_20_22.cont.I.pbcor.fits
uid___A001_X1467_X1d3,uid___A001_X1467_X228,uid___A001_X1467_X22d,https://casdc.china-vo.org/mirror/ALMAGAL/2019.1.00195.L/QA2/science_goal.uid___A001_X1467_X1d3/group.uid___A001_X1467_X228/member.uid___A001_X1467_X22d/product/member.uid___A001_X1467_X22d._731221__sci.spw16_18_20_22.cont.I.pbcor.fits
uid___A001_X1467_X1d3,uid___A001_X1467_X228,uid___A001_X1467_X22d,https://casdc.china-vo.org/mirror/ALMAGAL/2019.1.00195.L/QA2/science_goal.uid___A001_X1467_X1d3/group.uid___A001_X1467_X228/member.uid___A001_X1467_X22d/product/member.uid___A001_X1467_X22d._731492__sci.spw16_18_20_22.cont.I.pbcor.fits
uid___A001_X1467_X1d3,uid___A001_X1467_X228,uid___A001_X1467_X22d,https://casdc.china-vo.org/mirror/ALMAGAL/2019.1.00195.L/QA2/science_goal.uid___A001_X1467_X1d3/group.uid___A001_X1467_X228/member.uid___A001_X1467_X22d/product/member.uid___A001_X1467_X22d._731997__sci.spw16_18_20_22.cont.I.pbcor.fits
uid___A001_X1467_X1d3,uid___A001_X1467_X228,uid___A001_X1467_X22d,https://casdc.china-vo.org/mirror/ALMAGAL/2019.1.00195.L/QA2/science_goal.uid___A001_X1467_X1d3/group.uid___A001_X1467_X228/member.uid___A001_X1467_X22d/product/member.uid___A001_X1467_X22d._732038__sci.spw16_18_20_22.cont.I.pbcor.fits
uid___A001_X1467_X1d3,uid___A001_X1467_X228,uid___A001_X1467_X22d,https://casdc.china-vo.org/mirror/ALMAGAL/2019.1.00195.L/QA2/science_goal.uid___A001_X1467_X1d3/group.uid___A001_X1467_X228/member.uid___A001_X1467_X22d/product/member.uid___A001_X1467_X22d._732540__sci.spw16_18_20_22.cont.I.pbcor.fits
uid___A001_X1467_X1d3,uid___A001_X1467_X228,uid___A001_X1467_X22d,https://casdc.china-vo.org/mirror/ALMAGAL/2019.1.00195.L/QA2/science_goal.uid___A001_X1467_X1d3/group.uid___A001_X1467_X228/member.uid___A001_X1467_X22d/product/member.uid___A001_X1467_X22d._732713__sci.spw16_18_20_22.cont.I.pbcor.fits
uid___A001_X1467_X1d3,uid___A001_X1467_X228,uid___A001_X1467_X22d,https://casdc.china-vo.org/mirror/ALMAGAL/2019.1.00195.L/QA2/science_goal.uid___A001_X1467_X1d3/group.uid___A001_X1467_X228/member.uid___A001_X1467_X22d/product/member.uid___A001_X1467_X22d._732775__sci.spw16_18_20_22.cont.I.pbcor.fits
uid___A001_X1467_X1d3,uid___A001_X1467_X228,uid___A001_X1467_X22d,https://casdc.china-vo.org/mirror/ALMAGAL/2019.1.00195.L/QA2/science_goal.uid___A001_X1467_X1d3/group.uid___A001_X1467_X228/member.uid___A001_X1467_X22d/product/member.uid___A001_X1467_X22d._737232__sci.spw16_18_20_22.cont.I.pbcor.fits
uid___A001_X1467_X1d3,uid___A001_X1467_X228,uid___A001_X1467_X22d,https://casdc.china-vo.org/mirror/ALMAGAL/2019.1.00195.L/QA2/science_goal.uid___A001_X1467_X1d3/group.uid___A001_X1467_X228/member.uid___A001_X1467_X22d/product/member.uid___A001_X1467_X22d._737436__sci.spw16_18_20_22.cont.I.pbcor.fits
uid___A001_X1467_X1d3,uid___A001_X1467_X228,uid___A001_X1467_X22d,https://casdc.china-vo.org/mirror/ALMAGAL/2019.1.00195.L/QA2/science_goal.uid___A001_X1467_X1d3/group.uid___A001_X1467_X228/member.uid___A001_X1467_X22d/product/member.uid___A001_X1467_X22d._737488__sci.spw16_18_20_22.cont.I.pbcor.fits
uid___A001_X1467_X1d3,uid___A001_X1467_X228,uid___A001_X1467_X22d,https://casdc.china-vo.org/mirror/ALMAGAL/2019.1.00195.L/QA2/science_goal.uid___A001_X1467_X1d3/group.uid___A001_X1467_X228/member.uid___A001_X1467_X22d/product/member.uid___A001_X1467_X22d._737579__sci.spw16_18_20_22.cont.I.pbcor.fits
uid___A001_X1467_X1d3,uid___A001_X1467_X228,uid___A001_X1467_X22d,https://casdc.china-vo.org/mirror/ALMAGAL/2019.1.00195.L/QA2/science_goal.uid___A001_X1467_X1d3/group.uid___A001_X1467_X228/member.uid___A001_X1467_X22d/product/member.uid___A001_X1467_X22d._737588__sci.spw16_18_20_22.cont.I.pbcor.fits
uid___A001_X1467_X1d3,uid___A001_X1467_X228,uid___A001_X1467_X22d,https://casdc.china-vo.org/mirror/ALMAGAL/2019.1.00195.L/QA2/science_goal.uid___A001_X1467_X1d3/group.uid___A001_X1467_X228/member.uid___A001_X1467_X22d/product/member.uid___A001_X1467_X22d._737671__sci.spw16_18_20_22.cont.I.pbcor.fits
uid___A001_X1467_X1d3,uid___A001_X1467_X228,uid___A001_X1467_X22d,https://casdc.china-vo.org/mirror/ALMAGAL/2019.1.00195.L/QA2/science_goal.uid___A001_X1467_X1d3/group.uid___A001_X1467_X228/member.uid___A001_X1467_X22d/product/member.uid___A001_X1467_X22d._737673__sci.spw16_18_20_22.cont.I.pbcor.fits
uid___A001_X1467_X1d3,uid___A001_X1467_X228,uid___A001_X1467_X22d,https://casdc.china-vo.org/mirror/ALMAGAL/2019.1.00195.L/QA2/science_goal.uid___A001_X1467_X1d3/group.uid___A001_X1467_X228/member.uid___A001_X1467_X22d/product/member.uid___A001_X1467_X22d._737702__sci.spw16_18_20_22.cont.I.pbcor.fits
uid___A001_X1467_X1d3,uid___A001_X1467_X228,uid___A001_X1467_X22d,https://casdc.china-vo.org/mirror/ALMAGAL/2019.1.00195.L/QA2/science_goal.uid___A001_X1467_X1d3/group.uid___A001_X1467_X228/member.uid___A001_X1467_X22d/product/member.uid___A001_X1467_X22d._737762__sci.spw16_18_20_22.cont.I.pbcor.fits
uid___A001_X1467_X1d3,uid___A001_X1467_X22f,uid___A001_X1467_X230,https://casdc.china-vo.org/mirror/ALMAGAL/2019.1.00195.L/QA2/science_goal.uid___A001_X1467_X1d3/group.uid___A001_X1467_X22f/member.uid___A001_X1467_X230/product/member.uid___A001_X1467_X230._701007__sci.spw25_27_29_31.cont.I.pbcor.fits
uid___A001_X1467_X1d3,uid___A001_X1467_X22f,uid___A001_X1467_X232,https://casdc.china-vo.org/mirror/ALMAGAL/2019.1.00195.L/QA2/science_goal.uid___A001_X1467_X1d3/group.uid___A001_X1467_X22f/member.uid___A001_X1467_X232/product/member.uid___A001_X1467_X232._701007__sci.spw25_27_29_31.cont.I.pbcor.fits
uid___A001_X1467_X1d3,uid___A001_X1467_X22f,uid___A001_X1467_X232,https://casdc.china-vo.org/mirror/ALMAGAL/2019.1.00195.L/QA2/science_goal.uid___A001_X1467_X1d3/group.uid___A001_X1467_X22f/member.uid___A001_X1467_X232/product/member.uid___A001_X1467_X232._702356__sci.spw25_27_29_31.cont.I.pbcor.fits
uid___A001_X1467_X1d3,uid___A001_X1467_X22f,uid___A001_X1467_X232,https://casdc.china-vo.org/mirror/ALMAGAL/2019.1.00195.L/QA2/science_goal.uid___A001_X1467_X1d3/group.uid___A001_X1467_X22f/member.uid___A001_X1467_X232/product/member.uid___A001_X1467_X232._703040__sci.spw25_27_29_31.cont.I.pbcor.fits
uid___A001_X1467_X1d3,uid___A001_X1467_X22f,uid___A001_X1467_X232,https://casdc.china-vo.org/mirror/ALMAGAL/2019.1.00195.L/QA2/science_goal.uid___A001_X1467_X1d3/group.uid___A001_X1467_X22f/member.uid___A001_X1467_X232/product/member.uid___A001_X1467_X232._703088__sci.spw25_27_29_31.cont.I.pbcor.fits
uid___A001_X1467_X1d3,uid___A001_X1467_X22f,uid___A001_X1467_X232,https://casdc.china-vo.org/mirror/ALMAGAL/2019.1.00195.L/QA2/science_goal.uid___A001_X1467_X1d3/group.uid___A001_X1467_X22f/member.uid___A001_X1467_X232/product/member.uid___A001_X1467_X232._703167__sci.spw25_27_29_31.cont.I.pbcor.fits
uid___A001_X1467_X1d3,uid___A001_X1467_X22f,uid___A001_X1467_X232,https://casdc.china-vo.org/mirror/ALMAGAL/2019.1.00195.L/QA2/science_goal.uid___A001_X1467_X1d3/group.uid___A001_X1467_X22f/member.uid___A001_X1467_X232/product/member.uid___A001_X1467_X232._703465__sci.spw25_27_29_31.cont.I.pbcor.fits
uid___A001_X1467_X1d3,uid___A001_X1467_X22f,uid___A001_X1467_X232,https://casdc.china-vo.org/mirror/ALMAGAL/2019.1.00195.L/QA2/science_goal.uid___A001_X1467_X1d3/group.uid___A001_X1467_X22f/member.uid___A001_X1467_X232/product/member.uid___A001_X1467_X232._704225__sci.spw25_27_29_31.cont.I.pbcor.fits
uid___A001_X1467_X1d3,uid___A001_X1467_X22f,uid___A001_X1467_X232,https://casdc.china-vo.org/mirror/ALMAGAL/2019.1.00195.L/QA2/science_goal.uid___A001_X1467_X1d3/group.uid___A001_X1467_X22f/member.uid___A001_X1467_X232/product/member.uid___A001_X1467_X232._704833__sci.spw25_27_29_31.cont.I.pbcor.fits
uid___A001_X1467_X1d3,uid___A001_X1467_X22f,uid___A001_X1467_X232,https://casdc.china-vo.org/mirror/ALMAGAL/2019.1.00195.L/QA2/science_goal.uid___A001_X1467_X1d3/group.uid___A001_X1467_X22f/member.uid___A001_X1467_X232/product/member.uid___A001_X1467_X232._705084__sci.spw25_27_29_31.cont.I.pbcor.fits
uid___A001_X1467_X1d3,uid___A001_X1467_X22f,uid___A001_X1467_X232,https://casdc.china-vo.org/mirror/ALMAGAL/2019.1.00195.L/QA2/science_goal.uid___A001_X1467_X1d3/group.uid___A001_X1467_X22f/member.uid___A001_X1467_X232/product/member.uid___A001_X1467_X232._705229__sci.spw25_27_29_31.cont.I.pbcor.fits
uid___A001_X1467_X1d3,uid___A001_X1467_X22f,uid___A001_X1467_X232,https://casdc.china-vo.org/mirror/ALMAGAL/2019.1.00195.L/QA2/science_goal.uid___A001_X1467_X1d3/group.uid___A001_X1467_X22f/member.uid___A001_X1467_X232/product/member.uid___A001_X1467_X232._705424__sci.spw25_27_29_31.cont.I.pbcor.fits
uid___A001_X1467_X1d3,uid___A001_X1467_X22f,uid___A001_X1467_X232,https://casdc.china-vo.org/mirror/ALMAGAL/2019.1.00195.L/QA2/science_goal.uid___A001_X1467_X1d3/group.uid___A001_X1467_X22f/member.uid___A001_X1467_X232/product/member.uid___A001_X1467_X232._705482__sci.spw25_27_29_31.cont.I.pbcor.fits
uid___A001_X1467_X1d3,uid___A001_X1467_X22f,uid___A001_X1467_X232,https://casdc.china-vo.org/mirror/ALMAGAL/2019.1.00195.L/QA2/science_goal.uid___A001_X1467_X1d3/group.uid___A001_X1467_X22f/member.uid___A001_X1467_X232/product/member.uid___A001_X1467_X232._705483__sci.spw25_27_29_31.cont.I.pbcor.fits
uid___A001_X1467_X1d3,uid___A001_X1467_X22f,uid___A001_X1467_X232,https://casdc.china-vo.org/mirror/ALMAGAL/2019.1.00195.L/QA2/science_goal.uid___A001_X1467_X1d3/group.uid___A001_X1467_X22f/member.uid___A001_X1467_X232/product/member.uid___A001_X1467_X232._705768__sci.spw25_27_29_31.cont.I.pbcor.fits
uid___A001_X1467_X1d3,uid___A001_X1467_X22f,uid___A001_X1467_X232,https://casdc.china-vo.org/mirror/ALMAGAL/2019.1.00195.L/QA2/science_goal.uid___A001_X1467_X1d3/group.uid___A001_X1467_X22f/member.uid___A001_X1467_X232/product/member.uid___A001_X1467_X232._706276__sci.spw25_27_29_31.cont.I.pbcor.fits
uid___A001_X1467_X1d3,uid___A001_X1467_X22f,uid___A001_X1467_X232,https://casdc.china-vo.org/mirror/ALMAGAL/2019.1.00195.L/QA2/science_goal.uid___A001_X1467_X1d3/group.uid___A001_X1467_X22f/member.uid___A001_X1467_X232/product/member.uid___A001_X1467_X232._706428__sci.spw25_27_29_31.cont.I.pbcor.fits
uid___A001_X1467_X1d3,uid___A001_X1467_X22f,uid___A001_X1467_X232,https://casdc.china-vo.org/mirror/ALMAGAL/2019.1.00195.L/QA2/science_goal.uid___A001_X1467_X1d3/group.uid___A001_X1467_X22f/member.uid___A001_X1467_X232/product/member.uid___A001_X1467_X232._706546__sci.spw25_27_29_31.cont.I.pbcor.fits
uid___A001_X1467_X1d3,uid___A001_X1467_X22f,uid___A001_X1467_X232,https://casdc.china-vo.org/mirror/ALMAGAL/2019.1.00195.L/QA2/science_goal.uid___A001_X1467_X1d3/group.uid___A001_X1467_X22f/member.uid___A001_X1467_X232/product/member.uid___A001_X1467_X232._706733__sci.spw25_27_29_31.cont.I.pbcor.fits
uid___A001_X1467_X1d3,uid___A001_X1467_X22f,uid___A001_X1467_X232,https://casdc.china-vo.org/mirror/ALMAGAL/2019.1.00195.L/QA2/science_goal.uid___A001_X1467_X1d3/group.uid___A001_X1467_X22f/member.uid___A001_X1467_X232/product/member.uid___A001_X1467_X232._706785__sci.spw25_27_29_31.cont.I.pbcor.fits
uid___A001_X1467_X1d3,uid___A001_X1467_X22f,uid___A001_X1467_X232,https://casdc.china-vo.org/mirror/ALMAGAL/2019.1.00195.L/QA2/science_goal.uid___A001_X1467_X1d3/group.uid___A001_X1467_X22f/member.uid___A001_X1467_X232/product/member.uid___A001_X1467_X232._707313__sci.spw25_27_29_31.cont.I.pbcor.fits
uid___A001_X1467_X1d3,uid___A001_X1467_X22f,uid___A001_X1467_X232,https://casdc.china-vo.org/mirror/ALMAGAL/2019.1.00195.L/QA2/science_goal.uid___A001_X1467_X1d3/group.uid___A001_X1467_X22f/member.uid___A001_X1467_X232/product/member.uid___A001_X1467_X232._707463__sci.spw25_27_29_31.cont.I.pbcor.fits
uid___A001_X1467_X1d3,uid___A001_X1467_X22f,uid___A001_X1467_X232,https://casdc.china-vo.org/mirror/ALMAGAL/2019.1.00195.L/QA2/science_goal.uid___A001_X1467_X1d3/group.uid___A001_X1467_X22f/member.uid___A001_X1467_X232/product/member.uid___A001_X1467_X232._707948__sci.spw25_27_29_31.cont.I.pbcor.fits
uid___A001_X1467_X1d3,uid___A001_X1467_X22f,uid___A001_X1467_X232,https://casdc.china-vo.org/mirror/ALMAGAL/2019.1.00195.L/QA2/science_goal.uid___A001_X1467_X1d3/group.uid___A001_X1467_X22f/member.uid___A001_X1467_X232/product/member.uid___A001_X1467_X232._708080__sci.spw25_27_29_31.cont.I.pbcor.fits
uid___A001_X1467_X1d3,uid___A001_X1467_X22f,uid___A001_X1467_X232,https://casdc.china-vo.org/mirror/ALMAGAL/2019.1.00195.L/QA2/science_goal.uid___A001_X1467_X1d3/group.uid___A001_X1467_X22f/member.uid___A001_X1467_X232/product/member.uid___A001_X1467_X232._712309__sci.spw25_27_29_31.cont.I.pbcor.fits
uid___A001_X1467_X1d3,uid___A001_X1467_X22f,uid___A001_X1467_X232,https://casdc.china-vo.org/mirror/ALMAGAL/2019.1.00195.L/QA2/science_goal.uid___A001_X1467_X1d3/group.uid___A001_X1467_X22f/member.uid___A001_X1467_X232/product/member.uid___A001_X1467_X232._713224__sci.spw25_27_29_31.cont.I.pbcor.fits
uid___A001_X1467_X1d3,uid___A001_X1467_X22f,uid___A001_X1467_X232,https://casdc.china-vo.org/mirror/ALMAGAL/2019.1.00195.L/QA2/science_goal.uid___A001_X1467_X1d3/group.uid___A001_X1467_X22f/member.uid___A001_X1467_X232/product/member.uid___A001_X1467_X232._713413__sci.spw25_27_29_31.cont.I.pbcor.fits
uid___A001_X1467_X1d3,uid___A001_X1467_X22f,uid___A001_X1467_X232,https://casdc.china-vo.org/mirror/ALMAGAL/2019.1.00195.L/QA2/science_goal.uid___A001_X1467_X1d3/group.uid___A001_X1467_X22f/member.uid___A001_X1467_X232/product/member.uid___A001_X1467_X232._715349__sci.spw25_27_29_31.cont.I.pbcor.fits
uid___A001_X1467_X1d3,uid___A001_X1467_X22f,uid___A001_X1467_X232,https://casdc.china-vo.org/mirror/ALMAGAL/2019.1.00195.L/QA2/science_goal.uid___A001_X1467_X1d3/group.uid___A001_X1467_X22f/member.uid___A001_X1467_X232/product/member.uid___A001_X1467_X232._719596__sci.spw25_27_29_31.cont.I.pbcor.fits
uid___A001_X1467_X1d3,uid___A001_X1467_X22f,uid___A001_X1467_X232,https://casdc.china-vo.org/mirror/ALMAGAL/2019.1.00195.L/QA2/science_goal.uid___A001_X1467_X1d3/group.uid___A001_X1467_X22f/member.uid___A001_X1467_X232/product/member.uid___A001_X1467_X232._719654__sci.spw25_27_29_31.cont.I.pbcor.fits
uid___A001_X1467_X1d3,uid___A001_X1467_X22f,uid___A001_X1467_X232,https://casdc.china-vo.org/mirror/ALMAGAL/2019.1.00195.L/QA2/science_goal.uid___A001_X1467_X1d3/group.uid___A001_X1467_X22f/member.uid___A001_X1467_X232/product/member.uid___A001_X1467_X232._721229__sci.spw25_27_29_31.cont.I.pbcor.fits
uid___A001_X1467_X1d3,uid___A001_X1467_X22f,uid___A001_X1467_X232,https://casdc.china-vo.org/mirror/ALMAGAL/2019.1.00195.L/QA2/science_goal.uid___A001_X1467_X1d3/group.uid___A001_X1467_X22f/member.uid___A001_X1467_X232/product/member.uid___A001_X1467_X232._721272__sci.spw25_27_29_31.cont.I.pbcor.fits
uid___A001_X1467_X1d3,uid___A001_X1467_X22f,uid___A001_X1467_X232,https://casdc.china-vo.org/mirror/ALMAGAL/2019.1.00195.L/QA2/science_goal.uid___A001_X1467_X1d3/group.uid___A001_X1467_X22f/member.uid___A001_X1467_X232/product/member.uid___A001_X1467_X232._721432__sci.spw25_27_29_31.cont.I.pbcor.fits
uid___A001_X1467_X1d3,uid___A001_X1467_X22f,uid___A001_X1467_X232,https://casdc.china-vo.org/mirror/ALMAGAL/2019.1.00195.L/QA2/science_goal.uid___A001_X1467_X1d3/group.uid___A001_X1467_X22f/member.uid___A001_X1467_X232/product/member.uid___A001_X1467_X232._721992__sci.spw25_27_29_31.cont.I.pbcor.fits
uid___A001_X1467_X1d3,uid___A001_X1467_X22f,uid___A001_X1467_X232,https://casdc.china-vo.org/mirror/ALMAGAL/2019.1.00195.L/QA2/science_goal.uid___A001_X1467_X1d3/group.uid___A001_X1467_X22f/member.uid___A001_X1467_X232/product/member.uid___A001_X1467_X232._722011__sci.spw25_27_29_31.cont.I.pbcor.fits
uid___A001_X1467_X1d3,uid___A001_X1467_X22f,uid___A001_X1467_X232,https://casdc.china-vo.org/mirror/ALMAGAL/2019.1.00195.L/QA2/science_goal.uid___A001_X1467_X1d3/group.uid___A001_X1467_X22f/member.uid___A001_X1467_X232/product/member.uid___A001_X1467_X232._722061__sci.spw25_27_29_31.cont.I.pbcor.fits
uid___A001_X1467_X1d3,uid___A001_X1467_X22f,uid___A001_X1467_X232,https://casdc.china-vo.org/mirror/ALMAGAL/2019.1.00195.L/QA2/science_goal.uid___A001_X1467_X1d3/group.uid___A001_X1467_X22f/member.uid___A001_X1467_X232/product/member.uid___A001_X1467_X232._723488__sci.spw25_27_29_31.cont.I.pbcor.fits
uid___A001_X1467_X1d3,uid___A001_X1467_X22f,uid___A001_X1467_X234,https://casdc.china-vo.org/mirror/ALMAGAL/2019.1.00195.L/QA2/science_goal.uid___A001_X1467_X1d3/group.uid___A001_X1467_X22f/member.uid___A001_X1467_X234/product/member.uid___A001_X1467_X234._701007__sci.spw16_18_20_22.cont.I.pbcor.fits
uid___A001_X1467_X1d3,uid___A001_X1467_X22f,uid___A001_X1467_X234,https://casdc.china-vo.org/mirror/ALMAGAL/2019.1.00195.L/QA2/science_goal.uid___A001_X1467_X1d3/group.uid___A001_X1467_X22f/member.uid___A001_X1467_X234/product/member.uid___A001_X1467_X234._702356__sci.spw16_18_20_22.cont.I.pbcor.fits
uid___A001_X1467_X1d3,uid___A001_X1467_X22f,uid___A001_X1467_X234,https://casdc.china-vo.org/mirror/ALMAGAL/2019.1.00195.L/QA2/science_goal.uid___A001_X1467_X1d3/group.uid___A001_X1467_X22f/member.uid___A001_X1467_X234/product/member.uid___A001_X1467_X234._702716__sci.spw16_18_20_22.cont.I.pbcor.fits
uid___A001_X1467_X1d3,uid___A001_X1467_X22f,uid___A001_X1467_X234,https://casdc.china-vo.org/mirror/ALMAGAL/2019.1.00195.L/QA2/science_goal.uid___A001_X1467_X1d3/group.uid___A001_X1467_X22f/member.uid___A001_X1467_X234/product/member.uid___A001_X1467_X234._702804__sci.spw16_18_20_22.cont.I.pbcor.fits
uid___A001_X1467_X1d3,uid___A001_X1467_X22f,uid___A001_X1467_X234,https://casdc.china-vo.org/mirror/ALMAGAL/2019.1.00195.L/QA2/science_goal.uid___A001_X1467_X1d3/group.uid___A001_X1467_X22f/member.uid___A001_X1467_X234/product/member.uid___A001_X1467_X234._703040__sci.spw16_18_20_22.cont.I.pbcor.fits
uid___A001_X1467_X1d3,uid___A001_X1467_X22f,uid___A001_X1467_X234,https://casdc.china-vo.org/mirror/ALMAGAL/2019.1.00195.L/QA2/science_goal.uid___A001_X1467_X1d3/group.uid___A001_X1467_X22f/member.uid___A001_X1467_X234/product/member.uid___A001_X1467_X234._703088__sci.spw16_18_20_22.cont.I.pbcor.fits
uid___A001_X1467_X1d3,uid___A001_X1467_X22f,uid___A001_X1467_X234,https://casdc.china-vo.org/mirror/ALMAGAL/2019.1.00195.L/QA2/science_goal.uid___A001_X1467_X1d3/group.uid___A001_X1467_X22f/member.uid___A001_X1467_X234/product/member.uid___A001_X1467_X234._703167__sci.spw16_18_20_22.cont.I.pbcor.fits
uid___A001_X1467_X1d3,uid___A001_X1467_X22f,uid___A001_X1467_X234,https://casdc.china-vo.org/mirror/ALMAGAL/2019.1.00195.L/QA2/science_goal.uid___A001_X1467_X1d3/group.uid___A001_X1467_X22f/member.uid___A001_X1467_X234/product/member.uid___A001_X1467_X234._703373__sci.spw16_18_20_22.cont.I.pbcor.fits
uid___A001_X1467_X1d3,uid___A001_X1467_X22f,uid___A001_X1467_X234,https://casdc.china-vo.org/mirror/ALMAGAL/2019.1.00195.L/QA2/science_goal.uid___A001_X1467_X1d3/group.uid___A001_X1467_X22f/member.uid___A001_X1467_X234/product/member.uid___A001_X1467_X234._703396__sci.spw16_18_20_22.cont.I.pbcor.fits
uid___A001_X1467_X1d3,uid___A001_X1467_X22f,uid___A001_X1467_X234,https://casdc.china-vo.org/mirror/ALMAGAL/2019.1.00195.L/QA2/science_goal.uid___A001_X1467_X1d3/group.uid___A001_X1467_X22f/member.uid___A001_X1467_X234/product/member.uid___A001_X1467_X234._703465__sci.spw16_18_20_22.cont.I.pbcor.fits
uid___A001_X1467_X1d3,uid___A001_X1467_X22f,uid___A001_X1467_X234,https://casdc.china-vo.org/mirror/ALMAGAL/2019.1.00195.L/QA2/science_goal.uid___A001_X1467_X1d3/group.uid___A001_X1467_X22f/member.uid___A001_X1467_X234/product/member.uid___A001_X1467_X234._704225__sci.spw16_18_20_22.cont.I.pbcor.fits
uid___A001_X1467_X1d3,uid___A001_X1467_X22f,uid___A001_X1467_X234,https://casdc.china-vo.org/mirror/ALMAGAL/2019.1.00195.L/QA2/science_goal.uid___A001_X1467_X1d3/group.uid___A001_X1467_X22f/member.uid___A001_X1467_X234/product/member.uid___A001_X1467_X234._704833__sci.spw16_18_20_22.cont.I.pbcor.fits
uid___A001_X1467_X1d3,uid___A001_X1467_X22f,uid___A001_X1467_X234,https://casdc.china-vo.org/mirror/ALMAGAL/2019.1.00195.L/QA2/science_goal.uid___A001_X1467_X1d3/group.uid___A001_X1467_X22f/member.uid___A001_X1467_X234/product/member.uid___A001_X1467_X234._705051__sci.spw16_18_20_22.cont.I.pbcor.fits
uid___A001_X1467_X1d3,uid___A001_X1467_X22f,uid___A001_X1467_X234,https://casdc.china-vo.org/mirror/ALMAGAL/2019.1.00195.L/QA2/science_goal.uid___A001_X1467_X1d3/group.uid___A001_X1467_X22f/member.uid___A001_X1467_X234/product/member.uid___A001_X1467_X234._705084__sci.spw16_18_20_22.cont.I.pbcor.fits
uid___A001_X1467_X1d3,uid___A001_X1467_X22f,uid___A001_X1467_X234,https://casdc.china-vo.org/mirror/ALMAGAL/2019.1.00195.L/QA2/science_goal.uid___A001_X1467_X1d3/group.uid___A001_X1467_X22f/member.uid___A001_X1467_X234/product/member.uid___A001_X1467_X234._705119__sci.spw16_18_20_22.cont.I.pbcor.fits
uid___A001_X1467_X1d3,uid___A001_X1467_X22f,uid___A001_X1467_X234,https://casdc.china-vo.org/mirror/ALMAGAL/2019.1.00195.L/QA2/science_goal.uid___A001_X1467_X1d3/group.uid___A001_X1467_X22f/member.uid___A001_X1467_X234/product/member.uid___A001_X1467_X234._705229__sci.spw16_18_20_22.cont.I.pbcor.fits
uid___A001_X1467_X1d3,uid___A001_X1467_X22f,uid___A001_X1467_X234,https://casdc.china-vo.org/mirror/ALMAGAL/2019.1.00195.L/QA2/science_goal.uid___A001_X1467_X1d3/group.uid___A001_X1467_X22f/member.uid___A001_X1467_X234/product/member.uid___A001_X1467_X234._705424__sci.spw16_18_20_22.cont.I.pbcor.fits
uid___A001_X1467_X1d3,uid___A001_X1467_X22f,uid___A001_X1467_X234,https://casdc.china-vo.org/mirror/ALMAGAL/2019.1.00195.L/QA2/science_goal.uid___A001_X1467_X1d3/group.uid___A001_X1467_X22f/member.uid___A001_X1467_X234/product/member.uid___A001_X1467_X234._705450__sci.spw16_18_20_22.cont.I.pbcor.fits
uid___A001_X1467_X1d3,uid___A001_X1467_X22f,uid___A001_X1467_X234,https://casdc.china-vo.org/mirror/ALMAGAL/2019.1.00195.L/QA2/science_goal.uid___A001_X1467_X1d3/group.uid___A001_X1467_X22f/member.uid___A001_X1467_X234/product/member.uid___A001_X1467_X234._705482__sci.spw16_18_20_22.cont.I.pbcor.fits
uid___A001_X1467_X1d3,uid___A001_X1467_X22f,uid___A001_X1467_X234,https://casdc.china-vo.org/mirror/ALMAGAL/2019.1.00195.L/QA2/science_goal.uid___A001_X1467_X1d3/group.uid___A001_X1467_X22f/member.uid___A001_X1467_X234/product/member.uid___A001_X1467_X234._705483__sci.spw16_18_20_22.cont.I.pbcor.fits
uid___A001_X1467_X1d3,uid___A001_X1467_X22f,uid___A001_X1467_X234,https://casdc.china-vo.org/mirror/ALMAGAL/2019.1.00195.L/QA2/science_goal.uid___A001_X1467_X1d3/group.uid___A001_X1467_X22f/member.uid___A001_X1467_X234/product/member.uid___A001_X1467_X234._705723__sci.spw16_18_20_22.cont.I.pbcor.fits
uid___A001_X1467_X1d3,uid___A001_X1467_X22f,uid___A001_X1467_X234,https://casdc.china-vo.org/mirror/ALMAGAL/2019.1.00195.L/QA2/science_goal.uid___A001_X1467_X1d3/group.uid___A001_X1467_X22f/member.uid___A001_X1467_X234/product/member.uid___A001_X1467_X234._705736__sci.spw16_18_20_22.cont.I.pbcor.fits
uid___A001_X1467_X1d3,uid___A001_X1467_X22f,uid___A001_X1467_X234,https://casdc.china-vo.org/mirror/ALMAGAL/2019.1.00195.L/QA2/science_goal.uid___A001_X1467_X1d3/group.uid___A001_X1467_X22f/member.uid___A001_X1467_X234/product/member.uid___A001_X1467_X234._705768__sci.spw16_18_20_22.cont.I.pbcor.fits
uid___A001_X1467_X1d3,uid___A001_X1467_X22f,uid___A001_X1467_X234,https://casdc.china-vo.org/mirror/ALMAGAL/2019.1.00195.L/QA2/science_goal.uid___A001_X1467_X1d3/group.uid___A001_X1467_X22f/member.uid___A001_X1467_X234/product/member.uid___A001_X1467_X234._705852__sci.spw16_18_20_22.cont.I.pbcor.fits
uid___A001_X1467_X1d3,uid___A001_X1467_X22f,uid___A001_X1467_X234,https://casdc.china-vo.org/mirror/ALMAGAL/2019.1.00195.L/QA2/science_goal.uid___A001_X1467_X1d3/group.uid___A001_X1467_X22f/member.uid___A001_X1467_X234/product/member.uid___A001_X1467_X234._706044__sci.spw16_18_20_22.cont.I.pbcor.fits
uid___A001_X1467_X1d3,uid___A001_X1467_X22f,uid___A001_X1467_X234,https://casdc.china-vo.org/mirror/ALMAGAL/2019.1.00195.L/QA2/science_goal.uid___A001_X1467_X1d3/group.uid___A001_X1467_X22f/member.uid___A001_X1467_X234/product/member.uid___A001_X1467_X234._706276__sci.spw16_18_20_22.cont.I.pbcor.fits
uid___A001_X1467_X1d3,uid___A001_X1467_X22f,uid___A001_X1467_X234,https://casdc.china-vo.org/mirror/ALMAGAL/2019.1.00195.L/QA2/science_goal.uid___A001_X1467_X1d3/group.uid___A001_X1467_X22f/member.uid___A001_X1467_X234/product/member.uid___A001_X1467_X234._706291__sci.spw16_18_20_22.cont.I.pbcor.fits
uid___A001_X1467_X1d3,uid___A001_X1467_X22f,uid___A001_X1467_X234,https://casdc.china-vo.org/mirror/ALMAGAL/2019.1.00195.L/QA2/science_goal.uid___A001_X1467_X1d3/group.uid___A001_X1467_X22f/member.uid___A001_X1467_X234/product/member.uid___A001_X1467_X234._706428__sci.spw16_18_20_22.cont.I.pbcor.fits
uid___A001_X1467_X1d3,uid___A001_X1467_X22f,uid___A001_X1467_X234,https://casdc.china-vo.org/mirror/ALMAGAL/2019.1.00195.L/QA2/science_goal.uid___A001_X1467_X1d3/group.uid___A001_X1467_X22f/member.uid___A001_X1467_X234/product/member.uid___A001_X1467_X234._706486__sci.spw16_18_20_22.cont.I.pbcor.fits
uid___A001_X1467_X1d3,uid___A001_X1467_X22f,uid___A001_X1467_X234,https://casdc.china-vo.org/mirror/ALMAGAL/2019.1.00195.L/QA2/science_goal.uid___A001_X1467_X1d3/group.uid___A001_X1467_X22f/member.uid___A001_X1467_X234/product/member.uid___A001_X1467_X234._706546__sci.spw16_18_20_22.cont.I.pbcor.fits
uid___A001_X1467_X1d3,uid___A001_X1467_X22f,uid___A001_X1467_X234,https://casdc.china-vo.org/mirror/ALMAGAL/2019.1.00195.L/QA2/science_goal.uid___A001_X1467_X1d3/group.uid___A001_X1467_X22f/member.uid___A001_X1467_X234/product/member.uid___A001_X1467_X234._706708__sci.spw16_18_20_22.cont.I.pbcor.fits
uid___A001_X1467_X1d3,uid___A001_X1467_X22f,uid___A001_X1467_X234,https://casdc.china-vo.org/mirror/ALMAGAL/2019.1.00195.L/QA2/science_goal.uid___A001_X1467_X1d3/group.uid___A001_X1467_X22f/member.uid___A001_X1467_X234/product/member.uid___A001_X1467_X234._706733__sci.spw16_18_20_22.cont.I.pbcor.fits
uid___A001_X1467_X1d3,uid___A001_X1467_X22f,uid___A001_X1467_X234,https://casdc.china-vo.org/mirror/ALMAGAL/2019.1.00195.L/QA2/science_goal.uid___A001_X1467_X1d3/group.uid___A001_X1467_X22f/member.uid___A001_X1467_X234/product/member.uid___A001_X1467_X234._706785__sci.spw16_18_20_22.cont.I.pbcor.fits
uid___A001_X1467_X1d3,uid___A001_X1467_X22f,uid___A001_X1467_X234,https://casdc.china-vo.org/mirror/ALMAGAL/2019.1.00195.L/QA2/science_goal.uid___A001_X1467_X1d3/group.uid___A001_X1467_X22f/member.uid___A001_X1467_X234/product/member.uid___A001_X1467_X234._706845__sci.spw16_18_20_22.cont.I.pbcor.fits
uid___A001_X1467_X1d3,uid___A001_X1467_X22f,uid___A001_X1467_X234,https://casdc.china-vo.org/mirror/ALMAGAL/2019.1.00195.L/QA2/science_goal.uid___A001_X1467_X1d3/group.uid___A001_X1467_X22f/member.uid___A001_X1467_X234/product/member.uid___A001_X1467_X234._707049__sci.spw16_18_20_22.cont.I.pbcor.fits
uid___A001_X1467_X1d3,uid___A001_X1467_X22f,uid___A001_X1467_X234,https://casdc.china-vo.org/mirror/ALMAGAL/2019.1.00195.L/QA2/science_goal.uid___A001_X1467_X1d3/group.uid___A001_X1467_X22f/member.uid___A001_X1467_X234/product/member.uid___A001_X1467_X234._707313__sci.spw16_18_20_22.cont.I.pbcor.fits
uid___A001_X1467_X1d3,uid___A001_X1467_X22f,uid___A001_X1467_X234,https://casdc.china-vo.org/mirror/ALMAGAL/2019.1.00195.L/QA2/science_goal.uid___A001_X1467_X1d3/group.uid___A001_X1467_X22f/member.uid___A001_X1467_X234/product/member.uid___A001_X1467_X234._707463__sci.spw16_18_20_22.cont.I.pbcor.fits
uid___A001_X1467_X1d3,uid___A001_X1467_X22f,uid___A001_X1467_X234,https://casdc.china-vo.org/mirror/ALMAGAL/2019.1.00195.L/QA2/science_goal.uid___A001_X1467_X1d3/group.uid___A001_X1467_X22f/member.uid___A001_X1467_X234/product/member.uid___A001_X1467_X234._707948__sci.spw16_18_20_22.cont.I.pbcor.fits
uid___A001_X1467_X1d3,uid___A001_X1467_X22f,uid___A001_X1467_X234,https://casdc.china-vo.org/mirror/ALMAGAL/2019.1.00195.L/QA2/science_goal.uid___A001_X1467_X1d3/group.uid___A001_X1467_X22f/member.uid___A001_X1467_X234/product/member.uid___A001_X1467_X234._708080__sci.spw16_18_20_22.cont.I.pbcor.fits
uid___A001_X1467_X1d3,uid___A001_X1467_X22f,uid___A001_X1467_X234,https://casdc.china-vo.org/mirror/ALMAGAL/2019.1.00195.L/QA2/science_goal.uid___A001_X1467_X1d3/group.uid___A001_X1467_X22f/member.uid___A001_X1467_X234/product/member.uid___A001_X1467_X234._708348__sci.spw16_18_20_22.cont.I.pbcor.fits
uid___A001_X1467_X1d3,uid___A001_X1467_X22f,uid___A001_X1467_X234,https://casdc.china-vo.org/mirror/ALMAGAL/2019.1.00195.L/QA2/science_goal.uid___A001_X1467_X1d3/group.uid___A001_X1467_X22f/member.uid___A001_X1467_X234/product/member.uid___A001_X1467_X234._708358__sci.spw16_18_20_22.cont.I.pbcor.fits
uid___A001_X1467_X1d3,uid___A001_X1467_X22f,uid___A001_X1467_X234,https://casdc.china-vo.org/mirror/ALMAGAL/2019.1.00195.L/QA2/science_goal.uid___A001_X1467_X1d3/group.uid___A001_X1467_X22f/member.uid___A001_X1467_X234/product/member.uid___A001_X1467_X234._708562__sci.spw16_18_20_22.cont.I.pbcor.fits
uid___A001_X1467_X1d3,uid___A001_X1467_X22f,uid___A001_X1467_X234,https://casdc.china-vo.org/mirror/ALMAGAL/2019.1.00195.L/QA2/science_goal.uid___A001_X1467_X1d3/group.uid___A001_X1467_X22f/member.uid___A001_X1467_X234/product/member.uid___A001_X1467_X234._710416__sci.spw16_18_20_22.cont.I.pbcor.fits
uid___A001_X1467_X1d3,uid___A001_X1467_X22f,uid___A001_X1467_X234,https://casdc.china-vo.org/mirror/ALMAGAL/2019.1.00195.L/QA2/science_goal.uid___A001_X1467_X1d3/group.uid___A001_X1467_X22f/member.uid___A001_X1467_X234/product/member.uid___A001_X1467_X234._712309__sci.spw16_18_20_22.cont.I.pbcor.fits
uid___A001_X1467_X1d3,uid___A001_X1467_X22f,uid___A001_X1467_X234,https://casdc.china-vo.org/mirror/ALMAGAL/2019.1.00195.L/QA2/science_goal.uid___A001_X1467_X1d3/group.uid___A001_X1467_X22f/member.uid___A001_X1467_X234/product/member.uid___A001_X1467_X234._713224__sci.spw16_18_20_22.cont.I.pbcor.fits
uid___A001_X1467_X1d3,uid___A001_X1467_X22f,uid___A001_X1467_X234,https://casdc.china-vo.org/mirror/ALMAGAL/2019.1.00195.L/QA2/science_goal.uid___A001_X1467_X1d3/group.uid___A001_X1467_X22f/member.uid___A001_X1467_X234/product/member.uid___A001_X1467_X234._713379__sci.spw16_18_20_22.cont.I.pbcor.fits
uid___A001_X1467_X1d3,uid___A001_X1467_X22f,uid___A001_X1467_X234,https://casdc.china-vo.org/mirror/ALMAGAL/2019.1.00195.L/QA2/science_goal.uid___A001_X1467_X1d3/group.uid___A001_X1467_X22f/member.uid___A001_X1467_X234/product/member.uid___A001_X1467_X234._713413__sci.spw16_18_20_22.cont.I.pbcor.fits
uid___A001_X1467_X1d3,uid___A001_X1467_X22f,uid___A001_X1467_X234,https://casdc.china-vo.org/mirror/ALMAGAL/2019.1.00195.L/QA2/science_goal.uid___A001_X1467_X1d3/group.uid___A001_X1467_X22f/member.uid___A001_X1467_X234/product/member.uid___A001_X1467_X234._715349__sci.spw16_18_20_22.cont.I.pbcor.fits
uid___A001_X1467_X1d3,uid___A001_X1467_X22f,uid___A001_X1467_X234,https://casdc.china-vo.org/mirror/ALMAGAL/2019.1.00195.L/QA2/science_goal.uid___A001_X1467_X1d3/group.uid___A001_X1467_X22f/member.uid___A001_X1467_X234/product/member.uid___A001_X1467_X234._715519__sci.spw16_18_20_22.cont.I.pbcor.fits
uid___A001_X1467_X1d3,uid___A001_X1467_X22f,uid___A001_X1467_X234,https://casdc.china-vo.org/mirror/ALMAGAL/2019.1.00195.L/QA2/science_goal.uid___A001_X1467_X1d3/group.uid___A001_X1467_X22f/member.uid___A001_X1467_X234/product/member.uid___A001_X1467_X234._716820__sci.spw16_18_20_22.cont.I.pbcor.fits
uid___A001_X1467_X1d3,uid___A001_X1467_X22f,uid___A001_X1467_X234,https://casdc.china-vo.org/mirror/ALMAGAL/2019.1.00195.L/QA2/science_goal.uid___A001_X1467_X1d3/group.uid___A001_X1467_X22f/member.uid___A001_X1467_X234/product/member.uid___A001_X1467_X234._719596__sci.spw16_18_20_22.cont.I.pbcor.fits
uid___A001_X1467_X1d3,uid___A001_X1467_X22f,uid___A001_X1467_X234,https://casdc.china-vo.org/mirror/ALMAGAL/2019.1.00195.L/QA2/science_goal.uid___A001_X1467_X1d3/group.uid___A001_X1467_X22f/member.uid___A001_X1467_X234/product/member.uid___A001_X1467_X234._719654__sci.spw16_18_20_22.cont.I.pbcor.fits
uid___A001_X1467_X1d3,uid___A001_X1467_X22f,uid___A001_X1467_X234,https://casdc.china-vo.org/mirror/ALMAGAL/2019.1.00195.L/QA2/science_goal.uid___A001_X1467_X1d3/group.uid___A001_X1467_X22f/member.uid___A001_X1467_X234/product/member.uid___A001_X1467_X234._721154__sci.spw16_18_20_22.cont.I.pbcor.fits
uid___A001_X1467_X1d3,uid___A001_X1467_X22f,uid___A001_X1467_X234,https://casdc.china-vo.org/mirror/ALMAGAL/2019.1.00195.L/QA2/science_goal.uid___A001_X1467_X1d3/group.uid___A001_X1467_X22f/member.uid___A001_X1467_X234/product/member.uid___A001_X1467_X234._721199__sci.spw16_18_20_22.cont.I.pbcor.fits
uid___A001_X1467_X1d3,uid___A001_X1467_X22f,uid___A001_X1467_X234,https://casdc.china-vo.org/mirror/ALMAGAL/2019.1.00195.L/QA2/science_goal.uid___A001_X1467_X1d3/group.uid___A001_X1467_X22f/member.uid___A001_X1467_X234/product/member.uid___A001_X1467_X234._721229__sci.spw16_18_20_22.cont.I.pbcor.fits
uid___A001_X1467_X1d3,uid___A001_X1467_X22f,uid___A001_X1467_X234,https://casdc.china-vo.org/mirror/ALMAGAL/2019.1.00195.L/QA2/science_goal.uid___A001_X1467_X1d3/group.uid___A001_X1467_X22f/member.uid___A001_X1467_X234/product/member.uid___A001_X1467_X234._721272__sci.spw16_18_20_22.cont.I.pbcor.fits
uid___A001_X1467_X1d3,uid___A001_X1467_X22f,uid___A001_X1467_X234,https://casdc.china-vo.org/mirror/ALMAGAL/2019.1.00195.L/QA2/science_goal.uid___A001_X1467_X1d3/group.uid___A001_X1467_X22f/member.uid___A001_X1467_X234/product/member.uid___A001_X1467_X234._721432__sci.spw16_18_20_22.cont.I.pbcor.fits
uid___A001_X1467_X1d3,uid___A001_X1467_X22f,uid___A001_X1467_X234,https://casdc.china-vo.org/mirror/ALMAGAL/2019.1.00195.L/QA2/science_goal.uid___A001_X1467_X1d3/group.uid___A001_X1467_X22f/member.uid___A001_X1467_X234/product/member.uid___A001_X1467_X234._721992__sci.spw16_18_20_22.cont.I.pbcor.fits
uid___A001_X1467_X1d3,uid___A001_X1467_X22f,uid___A001_X1467_X234,https://casdc.china-vo.org/mirror/ALMAGAL/2019.1.00195.L/QA2/science_goal.uid___A001_X1467_X1d3/group.uid___A001_X1467_X22f/member.uid___A001_X1467_X234/product/member.uid___A001_X1467_X234._722011__sci.spw16_18_20_22.cont.I.pbcor.fits
uid___A001_X1467_X1d3,uid___A001_X1467_X22f,uid___A001_X1467_X234,https://casdc.china-vo.org/mirror/ALMAGAL/2019.1.00195.L/QA2/science_goal.uid___A001_X1467_X1d3/group.uid___A001_X1467_X22f/member.uid___A001_X1467_X234/product/member.uid___A001_X1467_X234._722061__sci.spw16_18_20_22.cont.I.pbcor.fits
uid___A001_X1467_X1d3,uid___A001_X1467_X22f,uid___A001_X1467_X234,https://casdc.china-vo.org/mirror/ALMAGAL/2019.1.00195.L/QA2/science_goal.uid___A001_X1467_X1d3/group.uid___A001_X1467_X22f/member.uid___A001_X1467_X234/product/member.uid___A001_X1467_X234._723488__sci.spw16_18_20_22.cont.I.pbcor.fits
uid___A001_X1467_X1d3,uid___A001_X1467_X236,uid___A001_X1467_X237,https://casdc.china-vo.org/mirror/ALMAGAL/2019.1.00195.L/QA2/science_goal.uid___A001_X1467_X1d3/group.uid___A001_X1467_X236/member.uid___A001_X1467_X237/product/member.uid___A001_X1467_X237._687568__sci.spw25_27_29_31.cont.I.pbcor.fits
uid___A001_X1467_X1d3,uid___A001_X1467_X236,uid___A001_X1467_X239,https://casdc.china-vo.org/mirror/ALMAGAL/2019.1.00195.L/QA2/science_goal.uid___A001_X1467_X1d3/group.uid___A001_X1467_X236/member.uid___A001_X1467_X239/product/member.uid___A001_X1467_X239._687568__sci.spw25_27_29_31.cont.I.pbcor.fits
uid___A001_X1467_X1d3,uid___A001_X1467_X236,uid___A001_X1467_X239,https://casdc.china-vo.org/mirror/ALMAGAL/2019.1.00195.L/QA2/science_goal.uid___A001_X1467_X1d3/group.uid___A001_X1467_X236/member.uid___A001_X1467_X239/product/member.uid___A001_X1467_X239._687726__sci.spw25_27_29_31.cont.I.pbcor.fits
uid___A001_X1467_X1d3,uid___A001_X1467_X236,uid___A001_X1467_X239,https://casdc.china-vo.org/mirror/ALMAGAL/2019.1.00195.L/QA2/science_goal.uid___A001_X1467_X1d3/group.uid___A001_X1467_X236/member.uid___A001_X1467_X239/product/member.uid___A001_X1467_X239._689120__sci.spw25_27_29_31.cont.I.pbcor.fits
uid___A001_X1467_X1d3,uid___A001_X1467_X236,uid___A001_X1467_X239,https://casdc.china-vo.org/mirror/ALMAGAL/2019.1.00195.L/QA2/science_goal.uid___A001_X1467_X1d3/group.uid___A001_X1467_X236/member.uid___A001_X1467_X239/product/member.uid___A001_X1467_X239._693731__sci.spw25_27_29_31.cont.I.pbcor.fits
uid___A001_X1467_X1d3,uid___A001_X1467_X236,uid___A001_X1467_X23b,https://casdc.china-vo.org/mirror/ALMAGAL/2019.1.00195.L/QA2/science_goal.uid___A001_X1467_X1d3/group.uid___A001_X1467_X236/member.uid___A001_X1467_X23b/product/member.uid___A001_X1467_X23b._687568__sci.spw16_18_20_22.cont.I.pbcor.fits
uid___A001_X1467_X1d3,uid___A001_X1467_X236,uid___A001_X1467_X23b,https://casdc.china-vo.org/mirror/ALMAGAL/2019.1.00195.L/QA2/science_goal.uid___A001_X1467_X1d3/group.uid___A001_X1467_X236/member.uid___A001_X1467_X23b/product/member.uid___A001_X1467_X23b._687726__sci.spw16_18_20_22.cont.I.pbcor.fits
uid___A001_X1467_X1d3,uid___A001_X1467_X236,uid___A001_X1467_X23b,https://casdc.china-vo.org/mirror/ALMAGAL/2019.1.00195.L/QA2/science_goal.uid___A001_X1467_X1d3/group.uid___A001_X1467_X236/member.uid___A001_X1467_X23b/product/member.uid___A001_X1467_X23b._689120__sci.spw16_18_20_22.cont.I.pbcor.fits
uid___A001_X1467_X1d3,uid___A001_X1467_X236,uid___A001_X1467_X23b,https://casdc.china-vo.org/mirror/ALMAGAL/2019.1.00195.L/QA2/science_goal.uid___A001_X1467_X1d3/group.uid___A001_X1467_X236/member.uid___A001_X1467_X23b/product/member.uid___A001_X1467_X23b._693731__sci.spw16_18_20_22.cont.I.pbcor.fits
uid___A001_X1467_X1d3,uid___A001_X1467_X23d,uid___A001_X1467_X23e,https://casdc.china-vo.org/mirror/ALMAGAL/2019.1.00195.L/QA2/science_goal.uid___A001_X1467_X1d3/group.uid___A001_X1467_X23d/member.uid___A001_X1467_X23e/product/member.uid___A001_X1467_X23e._655455__sci.spw25_27_29_31.cont.I.pbcor.fits
uid___A001_X1467_X1d3,uid___A001_X1467_X23d,uid___A001_X1467_X240,https://casdc.china-vo.org/mirror/ALMAGAL/2019.1.00195.L/QA2/science_goal.uid___A001_X1467_X1d3/group.uid___A001_X1467_X23d/member.uid___A001_X1467_X240/product/member.uid___A001_X1467_X240._655455__sci.spw25_27_29_31.cont.I.pbcor.fits
uid___A001_X1467_X1d3,uid___A001_X1467_X23d,uid___A001_X1467_X240,https://casdc.china-vo.org/mirror/ALMAGAL/2019.1.00195.L/QA2/science_goal.uid___A001_X1467_X1d3/group.uid___A001_X1467_X23d/member.uid___A001_X1467_X240/product/member.uid___A001_X1467_X240._658015__sci.spw25_27_29_31.cont.I.pbcor.fits
uid___A001_X1467_X1d3,uid___A001_X1467_X23d,uid___A001_X1467_X240,https://casdc.china-vo.org/mirror/ALMAGAL/2019.1.00195.L/QA2/science_goal.uid___A001_X1467_X1d3/group.uid___A001_X1467_X23d/member.uid___A001_X1467_X240/product/member.uid___A001_X1467_X240._658675__sci.spw25_27_29_31.cont.I.pbcor.fits
uid___A001_X1467_X1d3,uid___A001_X1467_X23d,uid___A001_X1467_X240,https://casdc.china-vo.org/mirror/ALMAGAL/2019.1.00195.L/QA2/science_goal.uid___A001_X1467_X1d3/group.uid___A001_X1467_X23d/member.uid___A001_X1467_X240/product/member.uid___A001_X1467_X240._658966__sci.spw25_27_29_31.cont.I.pbcor.fits
uid___A001_X1467_X1d3,uid___A001_X1467_X23d,uid___A001_X1467_X240,https://casdc.china-vo.org/mirror/ALMAGAL/2019.1.00195.L/QA2/science_goal.uid___A001_X1467_X1d3/group.uid___A001_X1467_X23d/member.uid___A001_X1467_X240/product/member.uid___A001_X1467_X240._658980__sci.spw25_27_29_31.cont.I.pbcor.fits
uid___A001_X1467_X1d3,uid___A001_X1467_X23d,uid___A001_X1467_X240,https://casdc.china-vo.org/mirror/ALMAGAL/2019.1.00195.L/QA2/science_goal.uid___A001_X1467_X1d3/group.uid___A001_X1467_X23d/member.uid___A001_X1467_X240/product/member.uid___A001_X1467_X240._659030__sci.spw25_27_29_31.cont.I.pbcor.fits
uid___A001_X1467_X1d3,uid___A001_X1467_X23d,uid___A001_X1467_X240,https://casdc.china-vo.org/mirror/ALMAGAL/2019.1.00195.L/QA2/science_goal.uid___A001_X1467_X1d3/group.uid___A001_X1467_X23d/member.uid___A001_X1467_X240/product/member.uid___A001_X1467_X240._659110__sci.spw25_27_29_31.cont.I.pbcor.fits
uid___A001_X1467_X1d3,uid___A001_X1467_X23d,uid___A001_X1467_X240,https://casdc.china-vo.org/mirror/ALMAGAL/2019.1.00195.L/QA2/science_goal.uid___A001_X1467_X1d3/group.uid___A001_X1467_X23d/member.uid___A001_X1467_X240/product/member.uid___A001_X1467_X240._661269__sci.spw25_27_29_31.cont.I.pbcor.fits
uid___A001_X1467_X1d3,uid___A001_X1467_X23d,uid___A001_X1467_X240,https://casdc.china-vo.org/mirror/ALMAGAL/2019.1.00195.L/QA2/science_goal.uid___A001_X1467_X1d3/group.uid___A001_X1467_X23d/member.uid___A001_X1467_X240/product/member.uid___A001_X1467_X240._661786__sci.spw25_27_29_31.cont.I.pbcor.fits
uid___A001_X1467_X1d3,uid___A001_X1467_X23d,uid___A001_X1467_X240,https://casdc.china-vo.org/mirror/ALMAGAL/2019.1.00195.L/QA2/science_goal.uid___A001_X1467_X1d3/group.uid___A001_X1467_X23d/member.uid___A001_X1467_X240/product/member.uid___A001_X1467_X240._663282__sci.spw25_27_29_31.cont.I.pbcor.fits
uid___A001_X1467_X1d3,uid___A001_X1467_X23d,uid___A001_X1467_X240,https://casdc.china-vo.org/mirror/ALMAGAL/2019.1.00195.L/QA2/science_goal.uid___A001_X1467_X1d3/group.uid___A001_X1467_X23d/member.uid___A001_X1467_X240/product/member.uid___A001_X1467_X240._664813__sci.spw25_27_29_31.cont.I.pbcor.fits
uid___A001_X1467_X1d3,uid___A001_X1467_X23d,uid___A001_X1467_X240,https://casdc.china-vo.org/mirror/ALMAGAL/2019.1.00195.L/QA2/science_goal.uid___A001_X1467_X1d3/group.uid___A001_X1467_X23d/member.uid___A001_X1467_X240/product/member.uid___A001_X1467_X240._665718__sci.spw25_27_29_31.cont.I.pbcor.fits
uid___A001_X1467_X1d3,uid___A001_X1467_X23d,uid___A001_X1467_X240,https://casdc.china-vo.org/mirror/ALMAGAL/2019.1.00195.L/QA2/science_goal.uid___A001_X1467_X1d3/group.uid___A001_X1467_X23d/member.uid___A001_X1467_X240/product/member.uid___A001_X1467_X240._665815__sci.spw25_27_29_31.cont.I.pbcor.fits
uid___A001_X1467_X1d3,uid___A001_X1467_X23d,uid___A001_X1467_X240,https://casdc.china-vo.org/mirror/ALMAGAL/2019.1.00195.L/QA2/science_goal.uid___A001_X1467_X1d3/group.uid___A001_X1467_X23d/member.uid___A001_X1467_X240/product/member.uid___A001_X1467_X240._667551__sci.spw25_27_29_31.cont.I.pbcor.fits
uid___A001_X1467_X1d3,uid___A001_X1467_X23d,uid___A001_X1467_X240,https://casdc.china-vo.org/mirror/ALMAGAL/2019.1.00195.L/QA2/science_goal.uid___A001_X1467_X1d3/group.uid___A001_X1467_X23d/member.uid___A001_X1467_X240/product/member.uid___A001_X1467_X240._667671__sci.spw25_27_29_31.cont.I.pbcor.fits
uid___A001_X1467_X1d3,uid___A001_X1467_X23d,uid___A001_X1467_X240,https://casdc.china-vo.org/mirror/ALMAGAL/2019.1.00195.L/QA2/science_goal.uid___A001_X1467_X1d3/group.uid___A001_X1467_X23d/member.uid___A001_X1467_X240/product/member.uid___A001_X1467_X240._667778__sci.spw25_27_29_31.cont.I.pbcor.fits
uid___A001_X1467_X1d3,uid___A001_X1467_X23d,uid___A001_X1467_X240,https://casdc.china-vo.org/mirror/ALMAGAL/2019.1.00195.L/QA2/science_goal.uid___A001_X1467_X1d3/group.uid___A001_X1467_X23d/member.uid___A001_X1467_X240/product/member.uid___A001_X1467_X240._667879__sci.spw25_27_29_31.cont.I.pbcor.fits
uid___A001_X1467_X1d3,uid___A001_X1467_X23d,uid___A001_X1467_X240,https://casdc.china-vo.org/mirror/ALMAGAL/2019.1.00195.L/QA2/science_goal.uid___A001_X1467_X1d3/group.uid___A001_X1467_X23d/member.uid___A001_X1467_X240/product/member.uid___A001_X1467_X240._667888__sci.spw25_27_29_31.cont.I.pbcor.fits
uid___A001_X1467_X1d3,uid___A001_X1467_X23d,uid___A001_X1467_X240,https://casdc.china-vo.org/mirror/ALMAGAL/2019.1.00195.L/QA2/science_goal.uid___A001_X1467_X1d3/group.uid___A001_X1467_X23d/member.uid___A001_X1467_X240/product/member.uid___A001_X1467_X240._667912__sci.spw25_27_29_31.cont.I.pbcor.fits
uid___A001_X1467_X1d3,uid___A001_X1467_X23d,uid___A001_X1467_X240,https://casdc.china-vo.org/mirror/ALMAGAL/2019.1.00195.L/QA2/science_goal.uid___A001_X1467_X1d3/group.uid___A001_X1467_X23d/member.uid___A001_X1467_X240/product/member.uid___A001_X1467_X240._673961__sci.spw25_27_29_31.cont.I.pbcor.fits
uid___A001_X1467_X1d3,uid___A001_X1467_X23d,uid___A001_X1467_X240,https://casdc.china-vo.org/mirror/ALMAGAL/2019.1.00195.L/QA2/science_goal.uid___A001_X1467_X1d3/group.uid___A001_X1467_X23d/member.uid___A001_X1467_X240/product/member.uid___A001_X1467_X240._675564__sci.spw25_27_29_31.cont.I.pbcor.fits
uid___A001_X1467_X1d3,uid___A001_X1467_X23d,uid___A001_X1467_X240,https://casdc.china-vo.org/mirror/ALMAGAL/2019.1.00195.L/QA2/science_goal.uid___A001_X1467_X1d3/group.uid___A001_X1467_X23d/member.uid___A001_X1467_X240/product/member.uid___A001_X1467_X240._679050__sci.spw25_27_29_31.cont.I.pbcor.fits
uid___A001_X1467_X1d3,uid___A001_X1467_X23d,uid___A001_X1467_X240,https://casdc.china-vo.org/mirror/ALMAGAL/2019.1.00195.L/QA2/science_goal.uid___A001_X1467_X1d3/group.uid___A001_X1467_X23d/member.uid___A001_X1467_X240/product/member.uid___A001_X1467_X240._G287.8768-01.3618__sci.spw25_27_29_31.cont.I.pbcor.fits
uid___A001_X1467_X1d3,uid___A001_X1467_X23d,uid___A001_X1467_X242,https://casdc.china-vo.org/mirror/ALMAGAL/2019.1.00195.L/QA2/science_goal.uid___A001_X1467_X1d3/group.uid___A001_X1467_X23d/member.uid___A001_X1467_X242/product/member.uid___A001_X1467_X242._655455__sci.spw16_18_20_22.cont.I.pbcor.fits
uid___A001_X1467_X1d3,uid___A001_X1467_X23d,uid___A001_X1467_X242,https://casdc.china-vo.org/mirror/ALMAGAL/2019.1.00195.L/QA2/science_goal.uid___A001_X1467_X1d3/group.uid___A001_X1467_X23d/member.uid___A001_X1467_X242/product/member.uid___A001_X1467_X242._656050__sci.spw16_18_20_22.cont.I.pbcor.fits
uid___A001_X1467_X1d3,uid___A001_X1467_X23d,uid___A001_X1467_X242,https://casdc.china-vo.org/mirror/ALMAGAL/2019.1.00195.L/QA2/science_goal.uid___A001_X1467_X1d3/group.uid___A001_X1467_X23d/member.uid___A001_X1467_X242/product/member.uid___A001_X1467_X242._658015__sci.spw16_18_20_22.cont.I.pbcor.fits
uid___A001_X1467_X1d3,uid___A001_X1467_X23d,uid___A001_X1467_X242,https://casdc.china-vo.org/mirror/ALMAGAL/2019.1.00195.L/QA2/science_goal.uid___A001_X1467_X1d3/group.uid___A001_X1467_X23d/member.uid___A001_X1467_X242/product/member.uid___A001_X1467_X242._658675__sci.spw16_18_20_22.cont.I.pbcor.fits
uid___A001_X1467_X1d3,uid___A001_X1467_X23d,uid___A001_X1467_X242,https://casdc.china-vo.org/mirror/ALMAGAL/2019.1.00195.L/QA2/science_goal.uid___A001_X1467_X1d3/group.uid___A001_X1467_X23d/member.uid___A001_X1467_X242/product/member.uid___A001_X1467_X242._658676__sci.spw16_18_20_22.cont.I.pbcor.fits
uid___A001_X1467_X1d3,uid___A001_X1467_X23d,uid___A001_X1467_X242,https://casdc.china-vo.org/mirror/ALMAGAL/2019.1.00195.L/QA2/science_goal.uid___A001_X1467_X1d3/group.uid___A001_X1467_X23d/member.uid___A001_X1467_X242/product/member.uid___A001_X1467_X242._658966__sci.spw16_18_20_22.cont.I.pbcor.fits
uid___A001_X1467_X1d3,uid___A001_X1467_X23d,uid___A001_X1467_X242,https://casdc.china-vo.org/mirror/ALMAGAL/2019.1.00195.L/QA2/science_goal.uid___A001_X1467_X1d3/group.uid___A001_X1467_X23d/member.uid___A001_X1467_X242/product/member.uid___A001_X1467_X242._658980__sci.spw16_18_20_22.cont.I.pbcor.fits
uid___A001_X1467_X1d3,uid___A001_X1467_X23d,uid___A001_X1467_X242,https://casdc.china-vo.org/mirror/ALMAGAL/2019.1.00195.L/QA2/science_goal.uid___A001_X1467_X1d3/group.uid___A001_X1467_X23d/member.uid___A001_X1467_X242/product/member.uid___A001_X1467_X242._659030__sci.spw16_18_20_22.cont.I.pbcor.fits
uid___A001_X1467_X1d3,uid___A001_X1467_X23d,uid___A001_X1467_X242,https://casdc.china-vo.org/mirror/ALMAGAL/2019.1.00195.L/QA2/science_goal.uid___A001_X1467_X1d3/group.uid___A001_X1467_X23d/member.uid___A001_X1467_X242/product/member.uid___A001_X1467_X242._659110__sci.spw16_18_20_22.cont.I.pbcor.fits
uid___A001_X1467_X1d3,uid___A001_X1467_X23d,uid___A001_X1467_X242,https://casdc.china-vo.org/mirror/ALMAGAL/2019.1.00195.L/QA2/science_goal.uid___A001_X1467_X1d3/group.uid___A001_X1467_X23d/member.uid___A001_X1467_X242/product/member.uid___A001_X1467_X242._660866__sci.spw16_18_20_22.cont.I.pbcor.fits
uid___A001_X1467_X1d3,uid___A001_X1467_X23d,uid___A001_X1467_X242,https://casdc.china-vo.org/mirror/ALMAGAL/2019.1.00195.L/QA2/science_goal.uid___A001_X1467_X1d3/group.uid___A001_X1467_X23d/member.uid___A001_X1467_X242/product/member.uid___A001_X1467_X242._661269__sci.spw16_18_20_22.cont.I.pbcor.fits
uid___A001_X1467_X1d3,uid___A001_X1467_X23d,uid___A001_X1467_X242,https://casdc.china-vo.org/mirror/ALMAGAL/2019.1.00195.L/QA2/science_goal.uid___A001_X1467_X1d3/group.uid___A001_X1467_X23d/member.uid___A001_X1467_X242/product/member.uid___A001_X1467_X242._661786__sci.spw16_18_20_22.cont.I.pbcor.fits
uid___A001_X1467_X1d3,uid___A001_X1467_X23d,uid___A001_X1467_X242,https://casdc.china-vo.org/mirror/ALMAGAL/2019.1.00195.L/QA2/science_goal.uid___A001_X1467_X1d3/group.uid___A001_X1467_X23d/member.uid___A001_X1467_X242/product/member.uid___A001_X1467_X242._663282__sci.spw16_18_20_22.cont.I.pbcor.fits
uid___A001_X1467_X1d3,uid___A001_X1467_X23d,uid___A001_X1467_X242,https://casdc.china-vo.org/mirror/ALMAGAL/2019.1.00195.L/QA2/science_goal.uid___A001_X1467_X1d3/group.uid___A001_X1467_X23d/member.uid___A001_X1467_X242/product/member.uid___A001_X1467_X242._664813__sci.spw16_18_20_22.cont.I.pbcor.fits
uid___A001_X1467_X1d3,uid___A001_X1467_X23d,uid___A001_X1467_X242,https://casdc.china-vo.org/mirror/ALMAGAL/2019.1.00195.L/QA2/science_goal.uid___A001_X1467_X1d3/group.uid___A001_X1467_X23d/member.uid___A001_X1467_X242/product/member.uid___A001_X1467_X242._665718__sci.spw16_18_20_22.cont.I.pbcor.fits
uid___A001_X1467_X1d3,uid___A001_X1467_X23d,uid___A001_X1467_X242,https://casdc.china-vo.org/mirror/ALMAGAL/2019.1.00195.L/QA2/science_goal.uid___A001_X1467_X1d3/group.uid___A001_X1467_X23d/member.uid___A001_X1467_X242/product/member.uid___A001_X1467_X242._665815__sci.spw16_18_20_22.cont.I.pbcor.fits
uid___A001_X1467_X1d3,uid___A001_X1467_X23d,uid___A001_X1467_X242,https://casdc.china-vo.org/mirror/ALMAGAL/2019.1.00195.L/QA2/science_goal.uid___A001_X1467_X1d3/group.uid___A001_X1467_X23d/member.uid___A001_X1467_X242/product/member.uid___A001_X1467_X242._667551__sci.spw16_18_20_22.cont.I.pbcor.fits
uid___A001_X1467_X1d3,uid___A001_X1467_X23d,uid___A001_X1467_X242,https://casdc.china-vo.org/mirror/ALMAGAL/2019.1.00195.L/QA2/science_goal.uid___A001_X1467_X1d3/group.uid___A001_X1467_X23d/member.uid___A001_X1467_X242/product/member.uid___A001_X1467_X242._667557__sci.spw16_18_20_22.cont.I.pbcor.fits
uid___A001_X1467_X1d3,uid___A001_X1467_X23d,uid___A001_X1467_X242,https://casdc.china-vo.org/mirror/ALMAGAL/2019.1.00195.L/QA2/science_goal.uid___A001_X1467_X1d3/group.uid___A001_X1467_X23d/member.uid___A001_X1467_X242/product/member.uid___A001_X1467_X242._667671__sci.spw16_18_20_22.cont.I.pbcor.fits
uid___A001_X1467_X1d3,uid___A001_X1467_X23d,uid___A001_X1467_X242,https://casdc.china-vo.org/mirror/ALMAGAL/2019.1.00195.L/QA2/science_goal.uid___A001_X1467_X1d3/group.uid___A001_X1467_X23d/member.uid___A001_X1467_X242/product/member.uid___A001_X1467_X242._667778__sci.spw16_18_20_22.cont.I.pbcor.fits
uid___A001_X1467_X1d3,uid___A001_X1467_X23d,uid___A001_X1467_X242,https://casdc.china-vo.org/mirror/ALMAGAL/2019.1.00195.L/QA2/science_goal.uid___A001_X1467_X1d3/group.uid___A001_X1467_X23d/member.uid___A001_X1467_X242/product/member.uid___A001_X1467_X242._667879__sci.spw16_18_20_22.cont.I.pbcor.fits
uid___A001_X1467_X1d3,uid___A001_X1467_X23d,uid___A001_X1467_X242,https://casdc.china-vo.org/mirror/ALMAGAL/2019.1.00195.L/QA2/science_goal.uid___A001_X1467_X1d3/group.uid___A001_X1467_X23d/member.uid___A001_X1467_X242/product/member.uid___A001_X1467_X242._667888__sci.spw16_18_20_22.cont.I.pbcor.fits
uid___A001_X1467_X1d3,uid___A001_X1467_X23d,uid___A001_X1467_X242,https://casdc.china-vo.org/mirror/ALMAGAL/2019.1.00195.L/QA2/science_goal.uid___A001_X1467_X1d3/group.uid___A001_X1467_X23d/member.uid___A001_X1467_X242/product/member.uid___A001_X1467_X242._667912__sci.spw16_18_20_22.cont.I.pbcor.fits
uid___A001_X1467_X1d3,uid___A001_X1467_X23d,uid___A001_X1467_X242,https://casdc.china-vo.org/mirror/ALMAGAL/2019.1.00195.L/QA2/science_goal.uid___A001_X1467_X1d3/group.uid___A001_X1467_X23d/member.uid___A001_X1467_X242/product/member.uid___A001_X1467_X242._667958__sci.spw16_18_20_22.cont.I.pbcor.fits
uid___A001_X1467_X1d3,uid___A001_X1467_X23d,uid___A001_X1467_X242,https://casdc.china-vo.org/mirror/ALMAGAL/2019.1.00195.L/QA2/science_goal.uid___A001_X1467_X1d3/group.uid___A001_X1467_X23d/member.uid___A001_X1467_X242/product/member.uid___A001_X1467_X242._673961__sci.spw16_18_20_22.cont.I.pbcor.fits
uid___A001_X1467_X1d3,uid___A001_X1467_X23d,uid___A001_X1467_X242,https://casdc.china-vo.org/mirror/ALMAGAL/2019.1.00195.L/QA2/science_goal.uid___A001_X1467_X1d3/group.uid___A001_X1467_X23d/member.uid___A001_X1467_X242/product/member.uid___A001_X1467_X242._675564__sci.spw16_18_20_22.cont.I.pbcor.fits
uid___A001_X1467_X1d3,uid___A001_X1467_X23d,uid___A001_X1467_X242,https://casdc.china-vo.org/mirror/ALMAGAL/2019.1.00195.L/QA2/science_goal.uid___A001_X1467_X1d3/group.uid___A001_X1467_X23d/member.uid___A001_X1467_X242/product/member.uid___A001_X1467_X242._679050__sci.spw16_18_20_22.cont.I.pbcor.fits
uid___A001_X1467_X1d3,uid___A001_X1467_X23d,uid___A001_X1467_X242,https://casdc.china-vo.org/mirror/ALMAGAL/2019.1.00195.L/QA2/science_goal.uid___A001_X1467_X1d3/group.uid___A001_X1467_X23d/member.uid___A001_X1467_X242/product/member.uid___A001_X1467_X242._G287.8768-01.3618__sci.spw16_18_20_22.cont.I.pbcor.fits
uid___A001_X146c_X95,uid___A001_X146c_X96,uid___A001_X146c_X97,https://casdc.china-vo.org/mirror/ALMAGAL/2019.1.00195.L/QA2/science_goal.uid___A001_X146c_X95/group.uid___A001_X146c_X96/member.uid___A001_X146c_X97/product/member.uid___A001_X146c_X97._543150__sci.spw25_27_29_31.cont.I.pbcor.fits
uid___A001_X146c_X95,uid___A001_X146c_X96,uid___A001_X146c_X97,https://casdc.china-vo.org/mirror/ALMAGAL/2019.1.00195.L/QA2/science_goal.uid___A001_X146c_X95/group.uid___A001_X146c_X96/member.uid___A001_X146c_X97/product/member.uid___A001_X146c_X97._543232__sci.spw25_27_29_31.cont.I.pbcor.fits
uid___A001_X146c_X95,uid___A001_X146c_X96,uid___A001_X146c_X97,https://casdc.china-vo.org/mirror/ALMAGAL/2019.1.00195.L/QA2/science_goal.uid___A001_X146c_X95/group.uid___A001_X146c_X96/member.uid___A001_X146c_X97/product/member.uid___A001_X146c_X97._545262__sci.spw25_27_29_31.cont.I.pbcor.fits
uid___A001_X146c_X95,uid___A001_X146c_X96,uid___A001_X146c_X97,https://casdc.china-vo.org/mirror/ALMAGAL/2019.1.00195.L/QA2/science_goal.uid___A001_X146c_X95/group.uid___A001_X146c_X96/member.uid___A001_X146c_X97/product/member.uid___A001_X146c_X97._545392__sci.spw25_27_29_31.cont.I.pbcor.fits
uid___A001_X146c_X95,uid___A001_X146c_X96,uid___A001_X146c_X97,https://casdc.china-vo.org/mirror/ALMAGAL/2019.1.00195.L/QA2/science_goal.uid___A001_X146c_X95/group.uid___A001_X146c_X96/member.uid___A001_X146c_X97/product/member.uid___A001_X146c_X97._G231.7986-01.9682__sci.spw25_27_29_31.cont.I.pbcor.fits
uid___A001_X146c_X95,uid___A001_X146c_X96,uid___A001_X146c_X99,https://casdc.china-vo.org/mirror/ALMAGAL/2019.1.00195.L/QA2/science_goal.uid___A001_X146c_X95/group.uid___A001_X146c_X96/member.uid___A001_X146c_X99/product/member.uid___A001_X146c_X99._543150__sci.spw25_27_29_31.cont.I.pbcor.fits
uid___A001_X146c_X95,uid___A001_X146c_X96,uid___A001_X146c_X99,https://casdc.china-vo.org/mirror/ALMAGAL/2019.1.00195.L/QA2/science_goal.uid___A001_X146c_X95/group.uid___A001_X146c_X96/member.uid___A001_X146c_X99/product/member.uid___A001_X146c_X99._543161__sci.spw25_27_29_31.cont.I.pbcor.fits
uid___A001_X146c_X95,uid___A001_X146c_X96,uid___A001_X146c_X99,https://casdc.china-vo.org/mirror/ALMAGAL/2019.1.00195.L/QA2/science_goal.uid___A001_X146c_X95/group.uid___A001_X146c_X96/member.uid___A001_X146c_X99/product/member.uid___A001_X146c_X99._543232__sci.spw25_27_29_31.cont.I.pbcor.fits
uid___A001_X146c_X95,uid___A001_X146c_X96,uid___A001_X146c_X99,https://casdc.china-vo.org/mirror/ALMAGAL/2019.1.00195.L/QA2/science_goal.uid___A001_X146c_X95/group.uid___A001_X146c_X96/member.uid___A001_X146c_X99/product/member.uid___A001_X146c_X99._545262__sci.spw25_27_29_31.cont.I.pbcor.fits
uid___A001_X146c_X95,uid___A001_X146c_X96,uid___A001_X146c_X99,https://casdc.china-vo.org/mirror/ALMAGAL/2019.1.00195.L/QA2/science_goal.uid___A001_X146c_X95/group.uid___A001_X146c_X96/member.uid___A001_X146c_X99/product/member.uid___A001_X146c_X99._545392__sci.spw25_27_29_31.cont.I.pbcor.fits
uid___A001_X146c_X95,uid___A001_X146c_X96,uid___A001_X146c_X99,https://casdc.china-vo.org/mirror/ALMAGAL/2019.1.00195.L/QA2/science_goal.uid___A001_X146c_X95/group.uid___A001_X146c_X96/member.uid___A001_X146c_X99/product/member.uid___A001_X146c_X99._G231.7986-01.9682__sci.spw25_27_29_31.cont.I.pbcor.fits
uid___A001_X146c_X95,uid___A001_X146c_X96,uid___A001_X146c_X99,https://casdc.china-vo.org/mirror/ALMAGAL/2019.1.00195.L/QA2/science_goal.uid___A001_X146c_X95/group.uid___A001_X146c_X96/member.uid___A001_X146c_X99/product/member.uid___A001_X146c_X99._G232.0766-02.2767__sci.spw25_27_29_31.cont.I.pbcor.fits
uid___A001_X146c_X95,uid___A001_X146c_X96,uid___A001_X146c_X99,https://casdc.china-vo.org/mirror/ALMAGAL/2019.1.00195.L/QA2/science_goal.uid___A001_X146c_X95/group.uid___A001_X146c_X96/member.uid___A001_X146c_X99/product/member.uid___A001_X146c_X99._G233.8306-00.1803__sci.spw25_27_29_31.cont.I.pbcor.fits
uid___A001_X146c_X95,uid___A001_X146c_X96,uid___A001_X146c_X9b,https://casdc.china-vo.org/mirror/ALMAGAL/2019.1.00195.L/QA2/science_goal.uid___A001_X146c_X95/group.uid___A001_X146c_X96/member.uid___A001_X146c_X9b/product/member.uid___A001_X146c_X9b._543150__sci.spw16_18_20_22.cont.I.pbcor.fits
uid___A001_X146c_X95,uid___A001_X146c_X96,uid___A001_X146c_X9b,https://casdc.china-vo.org/mirror/ALMAGAL/2019.1.00195.L/QA2/science_goal.uid___A001_X146c_X95/group.uid___A001_X146c_X96/member.uid___A001_X146c_X9b/product/member.uid___A001_X146c_X9b._543161__sci.spw16_18_20_22.cont.I.pbcor.fits
uid___A001_X146c_X95,uid___A001_X146c_X96,uid___A001_X146c_X9b,https://casdc.china-vo.org/mirror/ALMAGAL/2019.1.00195.L/QA2/science_goal.uid___A001_X146c_X95/group.uid___A001_X146c_X96/member.uid___A001_X146c_X9b/product/member.uid___A001_X146c_X9b._543232__sci.spw16_18_20_22.cont.I.pbcor.fits
uid___A001_X146c_X95,uid___A001_X146c_X96,uid___A001_X146c_X9b,https://casdc.china-vo.org/mirror/ALMAGAL/2019.1.00195.L/QA2/science_goal.uid___A001_X146c_X95/group.uid___A001_X146c_X96/member.uid___A001_X146c_X9b/product/member.uid___A001_X146c_X9b._545262__sci.spw16_18_20_22.cont.I.pbcor.fits
uid___A001_X146c_X95,uid___A001_X146c_X96,uid___A001_X146c_X9b,https://casdc.china-vo.org/mirror/ALMAGAL/2019.1.00195.L/QA2/science_goal.uid___A001_X146c_X95/group.uid___A001_X146c_X96/member.uid___A001_X146c_X9b/product/member.uid___A001_X146c_X9b._545392__sci.spw16_18_20_22.cont.I.pbcor.fits
uid___A001_X146c_X95,uid___A001_X146c_X96,uid___A001_X146c_X9b,https://casdc.china-vo.org/mirror/ALMAGAL/2019.1.00195.L/QA2/science_goal.uid___A001_X146c_X95/group.uid___A001_X146c_X96/member.uid___A001_X146c_X9b/product/member.uid___A001_X146c_X9b._G231.7986-01.9682__sci.spw16_18_20_22.cont.I.pbcor.fits
uid___A001_X146c_X95,uid___A001_X146c_X96,uid___A001_X146c_X9b,https://casdc.china-vo.org/mirror/ALMAGAL/2019.1.00195.L/QA2/science_goal.uid___A001_X146c_X95/group.uid___A001_X146c_X96/member.uid___A001_X146c_X9b/product/member.uid___A001_X146c_X9b._G232.0766-02.2767__sci.spw16_18_20_22.cont.I.pbcor.fits
uid___A001_X146c_X95,uid___A001_X146c_X96,uid___A001_X146c_X9b,https://casdc.china-vo.org/mirror/ALMAGAL/2019.1.00195.L/QA2/science_goal.uid___A001_X146c_X95/group.uid___A001_X146c_X96/member.uid___A001_X146c_X9b/product/member.uid___A001_X146c_X9b._G233.8306-00.1803__sci.spw16_18_20_22.cont.I.pbcor.fits
uid___A001_X146c_X95,uid___A001_X146c_X9d,uid___A001_X146c_X9e,https://casdc.china-vo.org/mirror/ALMAGAL/2019.1.00195.L/QA2/science_goal.uid___A001_X146c_X95/group.uid___A001_X146c_X9d/member.uid___A001_X146c_X9e/product/member.uid___A001_X146c_X9e._520412__sci.spw25_27_29_31.cont.I.pbcor.fits
uid___A001_X146c_X95,uid___A001_X146c_X9d,uid___A001_X146c_X9e,https://casdc.china-vo.org/mirror/ALMAGAL/2019.1.00195.L/QA2/science_goal.uid___A001_X146c_X95/group.uid___A001_X146c_X9d/member.uid___A001_X146c_X9e/product/member.uid___A001_X146c_X9e._G221.9605-01.9926__sci.spw25_27_29_31.cont.I.pbcor.fits
uid___A001_X146c_X95,uid___A001_X146c_X9d,uid___A001_X146c_Xa0,https://casdc.china-vo.org/mirror/ALMAGAL/2019.1.00195.L/QA2/science_goal.uid___A001_X146c_X95/group.uid___A001_X146c_X9d/member.uid___A001_X146c_Xa0/product/member.uid___A001_X146c_Xa0._520412__sci.spw25_27_29_31.cont.I.pbcor.fits
uid___A001_X146c_X95,uid___A001_X146c_X9d,uid___A001_X146c_Xa0,https://casdc.china-vo.org/mirror/ALMAGAL/2019.1.00195.L/QA2/science_goal.uid___A001_X146c_X95/group.uid___A001_X146c_X9d/member.uid___A001_X146c_Xa0/product/member.uid___A001_X146c_Xa0._G221.9605-01.9926__sci.spw25_27_29_31.cont.I.pbcor.fits
uid___A001_X146c_X95,uid___A001_X146c_X9d,uid___A001_X146c_Xa2,https://casdc.china-vo.org/mirror/ALMAGAL/2019.1.00195.L/QA2/science_goal.uid___A001_X146c_X95/group.uid___A001_X146c_X9d/member.uid___A001_X146c_Xa2/product/member.uid___A001_X146c_Xa2._520412__sci.spw16_18_20_22.cont.I.pbcor.fits
uid___A001_X146c_X95,uid___A001_X146c_X9d,uid___A001_X146c_Xa2,https://casdc.china-vo.org/mirror/ALMAGAL/2019.1.00195.L/QA2/science_goal.uid___A001_X146c_X95/group.uid___A001_X146c_X9d/member.uid___A001_X146c_Xa2/product/member.uid___A001_X146c_Xa2._G221.9605-01.9926__sci.spw16_18_20_22.cont.I.pbcor.fits
uid___A001_X146c_X95,uid___A001_X146c_Xa4,uid___A001_X146c_Xa5,https://casdc.china-vo.org/mirror/ALMAGAL/2019.1.00195.L/QA2/science_goal.uid___A001_X146c_X95/group.uid___A001_X146c_Xa4/member.uid___A001_X146c_Xa5/product/member.uid___A001_X146c_Xa5._631754__sci.spw25_27_29_31.cont.I.pbcor.fits
uid___A001_X146c_X95,uid___A001_X146c_Xa4,uid___A001_X146c_Xa5,https://casdc.china-vo.org/mirror/ALMAGAL/2019.1.00195.L/QA2/science_goal.uid___A001_X146c_X95/group.uid___A001_X146c_Xa4/member.uid___A001_X146c_Xa5/product/member.uid___A001_X146c_Xa5._637550__sci.spw25_27_29_31.cont.I.pbcor.fits
uid___A001_X146c_X95,uid___A001_X146c_Xa4,uid___A001_X146c_Xa5,https://casdc.china-vo.org/mirror/ALMAGAL/2019.1.00195.L/QA2/science_goal.uid___A001_X146c_X95/group.uid___A001_X146c_Xa4/member.uid___A001_X146c_Xa5/product/member.uid___A001_X146c_Xa5._G282.2988-00.7769__sci.spw25_27_29_31.cont.I.pbcor.fits
uid___A001_X146c_X95,uid___A001_X146c_Xa4,uid___A001_X146c_Xa7,https://casdc.china-vo.org/mirror/ALMAGAL/2019.1.00195.L/QA2/science_goal.uid___A001_X146c_X95/group.uid___A001_X146c_Xa4/member.uid___A001_X146c_Xa7/product/member.uid___A001_X146c_Xa7._631754__sci.spw25_27_29_31.cont.I.pbcor.fits
uid___A001_X146c_X95,uid___A001_X146c_Xa4,uid___A001_X146c_Xa7,https://casdc.china-vo.org/mirror/ALMAGAL/2019.1.00195.L/QA2/science_goal.uid___A001_X146c_X95/group.uid___A001_X146c_Xa4/member.uid___A001_X146c_Xa7/product/member.uid___A001_X146c_Xa7._637550__sci.spw25_27_29_31.cont.I.pbcor.fits
uid___A001_X146c_X95,uid___A001_X146c_Xa4,uid___A001_X146c_Xa7,https://casdc.china-vo.org/mirror/ALMAGAL/2019.1.00195.L/QA2/science_goal.uid___A001_X146c_X95/group.uid___A001_X146c_Xa4/member.uid___A001_X146c_Xa7/product/member.uid___A001_X146c_Xa7._G282.2988-00.7769__sci.spw25_27_29_31.cont.I.pbcor.fits
uid___A001_X146c_X95,uid___A001_X146c_Xa4,uid___A001_X146c_Xa9,https://casdc.china-vo.org/mirror/ALMAGAL/2019.1.00195.L/QA2/science_goal.uid___A001_X146c_X95/group.uid___A001_X146c_Xa4/member.uid___A001_X146c_Xa9/product/member.uid___A001_X146c_Xa9._631754__sci.spw16_18_20_22.cont.I.pbcor.fits
uid___A001_X146c_X95,uid___A001_X146c_Xa4,uid___A001_X146c_Xa9,https://casdc.china-vo.org/mirror/ALMAGAL/2019.1.00195.L/QA2/science_goal.uid___A001_X146c_X95/group.uid___A001_X146c_Xa4/member.uid___A001_X146c_Xa9/product/member.uid___A001_X146c_Xa9._637550__sci.spw16_18_20_22.cont.I.pbcor.fits
uid___A001_X146c_X95,uid___A001_X146c_Xa4,uid___A001_X146c_Xa9,https://casdc.china-vo.org/mirror/ALMAGAL/2019.1.00195.L/QA2/science_goal.uid___A001_X146c_X95/group.uid___A001_X146c_Xa4/member.uid___A001_X146c_Xa9/product/member.uid___A001_X146c_Xa9._G282.2988-00.7769__sci.spw16_18_20_22.cont.I.pbcor.fits
uid___A001_X146c_X95,uid___A001_X146c_Xab,uid___A001_X146c_Xac,https://casdc.china-vo.org/mirror/ALMAGAL/2019.1.00195.L/QA2/science_goal.uid___A001_X146c_X95/group.uid___A001_X146c_Xab/member.uid___A001_X146c_Xac/product/member.uid___A001_X146c_Xac._646022__sci.spw25_27_29_31.cont.I.pbcor.fits
uid___A001_X146c_X95,uid___A001_X146c_Xab,uid___A001_X146c_Xac,https://casdc.china-vo.org/mirror/ALMAGAL/2019.1.00195.L/QA2/science_goal.uid___A001_X146c_X95/group.uid___A001_X146c_Xab/member.uid___A001_X146c_Xac/product/member.uid___A001_X146c_Xac._653755__sci.spw25_27_29_31.cont.I.pbcor.fits
uid___A001_X146c_X95,uid___A001_X146c_Xab,uid___A001_X146c_Xac,https://casdc.china-vo.org/mirror/ALMAGAL/2019.1.00195.L/QA2/science_goal.uid___A001_X146c_X95/group.uid___A001_X146c_Xab/member.uid___A001_X146c_Xac/product/member.uid___A001_X146c_Xac._666114__sci.spw25_27_29_31.cont.I.pbcor.fits
uid___A001_X146c_X95,uid___A001_X146c_Xab,uid___A001_X146c_Xac,https://casdc.china-vo.org/mirror/ALMAGAL/2019.1.00195.L/QA2/science_goal.uid___A001_X146c_X95/group.uid___A001_X146c_Xab/member.uid___A001_X146c_Xac/product/member.uid___A001_X146c_Xac._666242__sci.spw25_27_29_31.cont.I.pbcor.fits
uid___A001_X146c_X95,uid___A001_X146c_Xab,uid___A001_X146c_Xac,https://casdc.china-vo.org/mirror/ALMAGAL/2019.1.00195.L/QA2/science_goal.uid___A001_X146c_X95/group.uid___A001_X146c_Xab/member.uid___A001_X146c_Xac/product/member.uid___A001_X146c_Xac._G286.2086p00.1694__sci.spw25_27_29_31.cont.I.pbcor.fits
uid___A001_X146c_X95,uid___A001_X146c_Xab,uid___A001_X146c_Xae,https://casdc.china-vo.org/mirror/ALMAGAL/2019.1.00195.L/QA2/science_goal.uid___A001_X146c_X95/group.uid___A001_X146c_Xab/member.uid___A001_X146c_Xae/product/member.uid___A001_X146c_Xae._646022__sci.spw25_27_29_31.cont.I.pbcor.fits
uid___A001_X146c_X95,uid___A001_X146c_Xab,uid___A001_X146c_Xae,https://casdc.china-vo.org/mirror/ALMAGAL/2019.1.00195.L/QA2/science_goal.uid___A001_X146c_X95/group.uid___A001_X146c_Xab/member.uid___A001_X146c_Xae/product/member.uid___A001_X146c_Xae._647452__sci.spw25_27_29_31.cont.I.pbcor.fits
uid___A001_X146c_X95,uid___A001_X146c_Xab,uid___A001_X146c_Xae,https://casdc.china-vo.org/mirror/ALMAGAL/2019.1.00195.L/QA2/science_goal.uid___A001_X146c_X95/group.uid___A001_X146c_Xab/member.uid___A001_X146c_Xae/product/member.uid___A001_X146c_Xae._651544__sci.spw25_27_29_31.cont.I.pbcor.fits
uid___A001_X146c_X95,uid___A001_X146c_Xab,uid___A001_X146c_Xae,https://casdc.china-vo.org/mirror/ALMAGAL/2019.1.00195.L/QA2/science_goal.uid___A001_X146c_X95/group.uid___A001_X146c_Xab/member.uid___A001_X146c_Xae/product/member.uid___A001_X146c_Xae._653755__sci.spw25_27_29_31.cont.I.pbcor.fits
uid___A001_X146c_X95,uid___A001_X146c_Xab,uid___A001_X146c_Xae,https://casdc.china-vo.org/mirror/ALMAGAL/2019.1.00195.L/QA2/science_goal.uid___A001_X146c_X95/group.uid___A001_X146c_Xab/member.uid___A001_X146c_Xae/product/member.uid___A001_X146c_Xae._654025__sci.spw25_27_29_31.cont.I.pbcor.fits
uid___A001_X146c_X95,uid___A001_X146c_Xab,uid___A001_X146c_Xae,https://casdc.china-vo.org/mirror/ALMAGAL/2019.1.00195.L/QA2/science_goal.uid___A001_X146c_X95/group.uid___A001_X146c_Xab/member.uid___A001_X146c_Xae/product/member.uid___A001_X146c_Xae._659209__sci.spw25_27_29_31.cont.I.pbcor.fits
uid___A001_X146c_X95,uid___A001_X146c_Xab,uid___A001_X146c_Xae,https://casdc.china-vo.org/mirror/ALMAGAL/2019.1.00195.L/QA2/science_goal.uid___A001_X146c_X95/group.uid___A001_X146c_Xab/member.uid___A001_X146c_Xae/product/member.uid___A001_X146c_Xae._666100__sci.spw25_27_29_31.cont.I.pbcor.fits
uid___A001_X146c_X95,uid___A001_X146c_Xab,uid___A001_X146c_Xae,https://casdc.china-vo.org/mirror/ALMAGAL/2019.1.00195.L/QA2/science_goal.uid___A001_X146c_X95/group.uid___A001_X146c_Xab/member.uid___A001_X146c_Xae/product/member.uid___A001_X146c_Xae._666101__sci.spw25_27_29_31.cont.I.pbcor.fits
uid___A001_X146c_X95,uid___A001_X146c_Xab,uid___A001_X146c_Xae,https://casdc.china-vo.org/mirror/ALMAGAL/2019.1.00195.L/QA2/science_goal.uid___A001_X146c_X95/group.uid___A001_X146c_Xab/member.uid___A001_X146c_Xae/product/member.uid___A001_X146c_Xae._666114__sci.spw25_27_29_31.cont.I.pbcor.fits
uid___A001_X146c_X95,uid___A001_X146c_Xab,uid___A001_X146c_Xae,https://casdc.china-vo.org/mirror/ALMAGAL/2019.1.00195.L/QA2/science_goal.uid___A001_X146c_X95/group.uid___A001_X146c_Xab/member.uid___A001_X146c_Xae/product/member.uid___A001_X146c_Xae._666242__sci.spw25_27_29_31.cont.I.pbcor.fits
uid___A001_X146c_X95,uid___A001_X146c_Xab,uid___A001_X146c_Xae,https://casdc.china-vo.org/mirror/ALMAGAL/2019.1.00195.L/QA2/science_goal.uid___A001_X146c_X95/group.uid___A001_X146c_Xab/member.uid___A001_X146c_Xae/product/member.uid___A001_X146c_Xae._672346__sci.spw25_27_29_31.cont.I.pbcor.fits
uid___A001_X146c_X95,uid___A001_X146c_Xab,uid___A001_X146c_Xae,https://casdc.china-vo.org/mirror/ALMAGAL/2019.1.00195.L/QA2/science_goal.uid___A001_X146c_X95/group.uid___A001_X146c_Xab/member.uid___A001_X146c_Xae/product/member.uid___A001_X146c_Xae._G286.2086p00.1694__sci.spw25_27_29_31.cont.I.pbcor.fits
uid___A001_X146c_X95,uid___A001_X146c_Xab,uid___A001_X146c_Xae,https://casdc.china-vo.org/mirror/ALMAGAL/2019.1.00195.L/QA2/science_goal.uid___A001_X146c_X95/group.uid___A001_X146c_Xab/member.uid___A001_X146c_Xae/product/member.uid___A001_X146c_Xae._G287.4929-00.5691__sci.spw25_27_29_31.cont.I.pbcor.fits
uid___A001_X146c_X95,uid___A001_X146c_Xab,uid___A001_X146c_Xae,https://casdc.china-vo.org/mirror/ALMAGAL/2019.1.00195.L/QA2/science_goal.uid___A001_X146c_X95/group.uid___A001_X146c_Xab/member.uid___A001_X146c_Xae/product/member.uid___A001_X146c_Xae._G293.5607-00.6703__sci.spw25_27_29_31.cont.I.pbcor.fits
uid___A001_X146c_X95,uid___A001_X146c_Xab,uid___A001_X146c_Xae,https://casdc.china-vo.org/mirror/ALMAGAL/2019.1.00195.L/QA2/science_goal.uid___A001_X146c_X95/group.uid___A001_X146c_Xab/member.uid___A001_X146c_Xae/product/member.uid___A001_X146c_Xae._G294.5117-01.6205__sci.spw25_27_29_31.cont.I.pbcor.fits
uid___A001_X146c_X95,uid___A001_X146c_Xab,uid___A001_X146c_Xb0,https://casdc.china-vo.org/mirror/ALMAGAL/2019.1.00195.L/QA2/science_goal.uid___A001_X146c_X95/group.uid___A001_X146c_Xab/member.uid___A001_X146c_Xb0/product/member.uid___A001_X146c_Xb0._646022__sci.spw16_18_20_22.cont.I.pbcor.fits
uid___A001_X146c_X95,uid___A001_X146c_Xab,uid___A001_X146c_Xb0,https://casdc.china-vo.org/mirror/ALMAGAL/2019.1.00195.L/QA2/science_goal.uid___A001_X146c_X95/group.uid___A001_X146c_Xab/member.uid___A001_X146c_Xb0/product/member.uid___A001_X146c_Xb0._647452__sci.spw16_18_20_22.cont.I.pbcor.fits
uid___A001_X146c_X95,uid___A001_X146c_Xab,uid___A001_X146c_Xb0,https://casdc.china-vo.org/mirror/ALMAGAL/2019.1.00195.L/QA2/science_goal.uid___A001_X146c_X95/group.uid___A001_X146c_Xab/member.uid___A001_X146c_Xb0/product/member.uid___A001_X146c_Xb0._651544__sci.spw16_18_20_22.cont.I.pbcor.fits
uid___A001_X146c_X95,uid___A001_X146c_Xab,uid___A001_X146c_Xb0,https://casdc.china-vo.org/mirror/ALMAGAL/2019.1.00195.L/QA2/science_goal.uid___A001_X146c_X95/group.uid___A001_X146c_Xab/member.uid___A001_X146c_Xb0/product/member.uid___A001_X146c_Xb0._653755__sci.spw16_18_20_22.cont.I.pbcor.fits
uid___A001_X146c_X95,uid___A001_X146c_Xab,uid___A001_X146c_Xb0,https://casdc.china-vo.org/mirror/ALMAGAL/2019.1.00195.L/QA2/science_goal.uid___A001_X146c_X95/group.uid___A001_X146c_Xab/member.uid___A001_X146c_Xb0/product/member.uid___A001_X146c_Xb0._654025__sci.spw16_18_20_22.cont.I.pbcor.fits
uid___A001_X146c_X95,uid___A001_X146c_Xab,uid___A001_X146c_Xb0,https://casdc.china-vo.org/mirror/ALMAGAL/2019.1.00195.L/QA2/science_goal.uid___A001_X146c_X95/group.uid___A001_X146c_Xab/member.uid___A001_X146c_Xb0/product/member.uid___A001_X146c_Xb0._659209__sci.spw16_18_20_22.cont.I.pbcor.fits
uid___A001_X146c_X95,uid___A001_X146c_Xab,uid___A001_X146c_Xb0,https://casdc.china-vo.org/mirror/ALMAGAL/2019.1.00195.L/QA2/science_goal.uid___A001_X146c_X95/group.uid___A001_X146c_Xab/member.uid___A001_X146c_Xb0/product/member.uid___A001_X146c_Xb0._666100__sci.spw16_18_20_22.cont.I.pbcor.fits
uid___A001_X146c_X95,uid___A001_X146c_Xab,uid___A001_X146c_Xb0,https://casdc.china-vo.org/mirror/ALMAGAL/2019.1.00195.L/QA2/science_goal.uid___A001_X146c_X95/group.uid___A001_X146c_Xab/member.uid___A001_X146c_Xb0/product/member.uid___A001_X146c_Xb0._666101__sci.spw16_18_20_22.cont.I.pbcor.fits
uid___A001_X146c_X95,uid___A001_X146c_Xab,uid___A001_X146c_Xb0,https://casdc.china-vo.org/mirror/ALMAGAL/2019.1.00195.L/QA2/science_goal.uid___A001_X146c_X95/group.uid___A001_X146c_Xab/member.uid___A001_X146c_Xb0/product/member.uid___A001_X146c_Xb0._666114__sci.spw16_18_20_22.cont.I.pbcor.fits
uid___A001_X146c_X95,uid___A001_X146c_Xab,uid___A001_X146c_Xb0,https://casdc.china-vo.org/mirror/ALMAGAL/2019.1.00195.L/QA2/science_goal.uid___A001_X146c_X95/group.uid___A001_X146c_Xab/member.uid___A001_X146c_Xb0/product/member.uid___A001_X146c_Xb0._666242__sci.spw16_18_20_22.cont.I.pbcor.fits
uid___A001_X146c_X95,uid___A001_X146c_Xab,uid___A001_X146c_Xb0,https://casdc.china-vo.org/mirror/ALMAGAL/2019.1.00195.L/QA2/science_goal.uid___A001_X146c_X95/group.uid___A001_X146c_Xab/member.uid___A001_X146c_Xb0/product/member.uid___A001_X146c_Xb0._672346__sci.spw16_18_20_22.cont.I.pbcor.fits
uid___A001_X146c_X95,uid___A001_X146c_Xab,uid___A001_X146c_Xb0,https://casdc.china-vo.org/mirror/ALMAGAL/2019.1.00195.L/QA2/science_goal.uid___A001_X146c_X95/group.uid___A001_X146c_Xab/member.uid___A001_X146c_Xb0/product/member.uid___A001_X146c_Xb0._G286.2086p00.1694__sci.spw16_18_20_22.cont.I.pbcor.fits
uid___A001_X146c_X95,uid___A001_X146c_Xab,uid___A001_X146c_Xb0,https://casdc.china-vo.org/mirror/ALMAGAL/2019.1.00195.L/QA2/science_goal.uid___A001_X146c_X95/group.uid___A001_X146c_Xab/member.uid___A001_X146c_Xb0/product/member.uid___A001_X146c_Xb0._G287.4929-00.5691__sci.spw16_18_20_22.cont.I.pbcor.fits
uid___A001_X146c_X95,uid___A001_X146c_Xab,uid___A001_X146c_Xb0,https://casdc.china-vo.org/mirror/ALMAGAL/2019.1.00195.L/QA2/science_goal.uid___A001_X146c_X95/group.uid___A001_X146c_Xab/member.uid___A001_X146c_Xb0/product/member.uid___A001_X146c_Xb0._G293.5607-00.6703__sci.spw16_18_20_22.cont.I.pbcor.fits
uid___A001_X146c_X95,uid___A001_X146c_Xab,uid___A001_X146c_Xb0,https://casdc.china-vo.org/mirror/ALMAGAL/2019.1.00195.L/QA2/science_goal.uid___A001_X146c_X95/group.uid___A001_X146c_Xab/member.uid___A001_X146c_Xb0/product/member.uid___A001_X146c_Xb0._G294.5117-01.6205__sci.spw16_18_20_22.cont.I.pbcor.fits
uid___A001_X146c_X95,uid___A001_X146c_Xb2,uid___A001_X146c_Xb3,https://casdc.china-vo.org/mirror/ALMAGAL/2019.1.00195.L/QA2/science_goal.uid___A001_X146c_X95/group.uid___A001_X146c_Xb2/member.uid___A001_X146c_Xb3/product/member.uid___A001_X146c_Xb3._569314__sci.spw25_27_29_31.cont.I.pbcor.fits
uid___A001_X146c_X95,uid___A001_X146c_Xb2,uid___A001_X146c_Xb3,https://casdc.china-vo.org/mirror/ALMAGAL/2019.1.00195.L/QA2/science_goal.uid___A001_X146c_X95/group.uid___A001_X146c_Xb2/member.uid___A001_X146c_Xb3/product/member.uid___A001_X146c_Xb3._569408__sci.spw25_27_29_31.cont.I.pbcor.fits
uid___A001_X146c_X95,uid___A001_X146c_Xb2,uid___A001_X146c_Xb5,https://casdc.china-vo.org/mirror/ALMAGAL/2019.1.00195.L/QA2/science_goal.uid___A001_X146c_X95/group.uid___A001_X146c_Xb2/member.uid___A001_X146c_Xb5/product/member.uid___A001_X146c_Xb5._569314__sci.spw25_27_29_31.cont.I.pbcor.fits
uid___A001_X146c_X95,uid___A001_X146c_Xb2,uid___A001_X146c_Xb5,https://casdc.china-vo.org/mirror/ALMAGAL/2019.1.00195.L/QA2/science_goal.uid___A001_X146c_X95/group.uid___A001_X146c_Xb2/member.uid___A001_X146c_Xb5/product/member.uid___A001_X146c_Xb5._569408__sci.spw25_27_29_31.cont.I.pbcor.fits
uid___A001_X146c_X95,uid___A001_X146c_Xb2,uid___A001_X146c_Xb7,https://casdc.china-vo.org/mirror/ALMAGAL/2019.1.00195.L/QA2/science_goal.uid___A001_X146c_X95/group.uid___A001_X146c_Xb2/member.uid___A001_X146c_Xb7/product/member.uid___A001_X146c_Xb7._569314__sci.spw16_18_20_22.cont.I.pbcor.fits
uid___A001_X146c_X95,uid___A001_X146c_Xb2,uid___A001_X146c_Xb7,https://casdc.china-vo.org/mirror/ALMAGAL/2019.1.00195.L/QA2/science_goal.uid___A001_X146c_X95/group.uid___A001_X146c_Xb2/member.uid___A001_X146c_Xb7/product/member.uid___A001_X146c_Xb7._569408__sci.spw16_18_20_22.cont.I.pbcor.fits
uid___A001_X146c_X95,uid___A001_X146c_Xb9,uid___A001_X146c_Xba,https://casdc.china-vo.org/mirror/ALMAGAL/2019.1.00195.L/QA2/science_goal.uid___A001_X146c_X95/group.uid___A001_X146c_Xb9/member.uid___A001_X146c_Xba/product/member.uid___A001_X146c_Xba._586092__sci.spw25_27_29_31.cont.I.pbcor.fits
uid___A001_X146c_X95,uid___A001_X146c_Xb9,uid___A001_X146c_Xba,https://casdc.china-vo.org/mirror/ALMAGAL/2019.1.00195.L/QA2/science_goal.uid___A001_X146c_X95/group.uid___A001_X146c_Xb9/member.uid___A001_X146c_Xba/product/member.uid___A001_X146c_Xba._605160__sci.spw25_27_29_31.cont.I.pbcor.fits
uid___A001_X146c_X95,uid___A001_X146c_Xb9,uid___A001_X146c_Xba,https://casdc.china-vo.org/mirror/ALMAGAL/2019.1.00195.L/QA2/science_goal.uid___A001_X146c_X95/group.uid___A001_X146c_Xb9/member.uid___A001_X146c_Xba/product/member.uid___A001_X146c_Xba._605300__sci.spw25_27_29_31.cont.I.pbcor.fits
uid___A001_X146c_X95,uid___A001_X146c_Xb9,uid___A001_X146c_Xba,https://casdc.china-vo.org/mirror/ALMAGAL/2019.1.00195.L/QA2/science_goal.uid___A001_X146c_X95/group.uid___A001_X146c_Xb9/member.uid___A001_X146c_Xba/product/member.uid___A001_X146c_Xba._606650__sci.spw25_27_29_31.cont.I.pbcor.fits
uid___A001_X146c_X95,uid___A001_X146c_Xb9,uid___A001_X146c_Xba,https://casdc.china-vo.org/mirror/ALMAGAL/2019.1.00195.L/QA2/science_goal.uid___A001_X146c_X95/group.uid___A001_X146c_Xb9/member.uid___A001_X146c_Xba/product/member.uid___A001_X146c_Xba._G268.3957-00.4842__sci.spw25_27_29_31.cont.I.pbcor.fits
uid___A001_X146c_X95,uid___A001_X146c_Xb9,uid___A001_X146c_Xbc,https://casdc.china-vo.org/mirror/ALMAGAL/2019.1.00195.L/QA2/science_goal.uid___A001_X146c_X95/group.uid___A001_X146c_Xb9/member.uid___A001_X146c_Xbc/product/member.uid___A001_X146c_Xbc._586092__sci.spw25_27_29_31.cont.I.pbcor.fits
uid___A001_X146c_X95,uid___A001_X146c_Xb9,uid___A001_X146c_Xbc,https://casdc.china-vo.org/mirror/ALMAGAL/2019.1.00195.L/QA2/science_goal.uid___A001_X146c_X95/group.uid___A001_X146c_Xb9/member.uid___A001_X146c_Xbc/product/member.uid___A001_X146c_Xbc._605160__sci.spw25_27_29_31.cont.I.pbcor.fits
uid___A001_X146c_X95,uid___A001_X146c_Xb9,uid___A001_X146c_Xbc,https://casdc.china-vo.org/mirror/ALMAGAL/2019.1.00195.L/QA2/science_goal.uid___A001_X146c_X95/group.uid___A001_X146c_Xb9/member.uid___A001_X146c_Xbc/product/member.uid___A001_X146c_Xbc._605300__sci.spw25_27_29_31.cont.I.pbcor.fits
uid___A001_X146c_X95,uid___A001_X146c_Xb9,uid___A001_X146c_Xbc,https://casdc.china-vo.org/mirror/ALMAGAL/2019.1.00195.L/QA2/science_goal.uid___A001_X146c_X95/group.uid___A001_X146c_Xb9/member.uid___A001_X146c_Xbc/product/member.uid___A001_X146c_Xbc._606650__sci.spw25_27_29_31.cont.I.pbcor.fits
uid___A001_X146c_X95,uid___A001_X146c_Xb9,uid___A001_X146c_Xbc,https://casdc.china-vo.org/mirror/ALMAGAL/2019.1.00195.L/QA2/science_goal.uid___A001_X146c_X95/group.uid___A001_X146c_Xb9/member.uid___A001_X146c_Xbc/product/member.uid___A001_X146c_Xbc._G268.3957-00.4842__sci.spw25_27_29_31.cont.I.pbcor.fits
uid___A001_X146c_X95,uid___A001_X146c_Xb9,uid___A001_X146c_Xbe,https://casdc.china-vo.org/mirror/ALMAGAL/2019.1.00195.L/QA2/science_goal.uid___A001_X146c_X95/group.uid___A001_X146c_Xb9/member.uid___A001_X146c_Xbe/product/member.uid___A001_X146c_Xbe._586092__sci.spw16_18_20_22.cont.I.pbcor.fits
uid___A001_X146c_X95,uid___A001_X146c_Xb9,uid___A001_X146c_Xbe,https://casdc.china-vo.org/mirror/ALMAGAL/2019.1.00195.L/QA2/science_goal.uid___A001_X146c_X95/group.uid___A001_X146c_Xb9/member.uid___A001_X146c_Xbe/product/member.uid___A001_X146c_Xbe._605160__sci.spw16_18_20_22.cont.I.pbcor.fits
uid___A001_X146c_X95,uid___A001_X146c_Xb9,uid___A001_X146c_Xbe,https://casdc.china-vo.org/mirror/ALMAGAL/2019.1.00195.L/QA2/science_goal.uid___A001_X146c_X95/group.uid___A001_X146c_Xb9/member.uid___A001_X146c_Xbe/product/member.uid___A001_X146c_Xbe._605300__sci.spw16_18_20_22.cont.I.pbcor.fits
uid___A001_X146c_X95,uid___A001_X146c_Xb9,uid___A001_X146c_Xbe,https://casdc.china-vo.org/mirror/ALMAGAL/2019.1.00195.L/QA2/science_goal.uid___A001_X146c_X95/group.uid___A001_X146c_Xb9/member.uid___A001_X146c_Xbe/product/member.uid___A001_X146c_Xbe._606650__sci.spw16_18_20_22.cont.I.pbcor.fits
uid___A001_X146c_X95,uid___A001_X146c_Xb9,uid___A001_X146c_Xbe,https://casdc.china-vo.org/mirror/ALMAGAL/2019.1.00195.L/QA2/science_goal.uid___A001_X146c_X95/group.uid___A001_X146c_Xb9/member.uid___A001_X146c_Xbe/product/member.uid___A001_X146c_Xbe._G268.3957-00.4842__sci.spw16_18_20_22.cont.I.pbcor.fits
uid___A001_X146c_X95,uid___A001_X146c_Xc0,uid___A001_X146c_Xc1,https://casdc.china-vo.org/mirror/ALMAGAL/2019.1.00195.L/QA2/science_goal.uid___A001_X146c_X95/group.uid___A001_X146c_Xc0/member.uid___A001_X146c_Xc1/product/member.uid___A001_X146c_Xc1._108933__sci.spw25_27_29_31.cont.I.pbcor.fits
uid___A001_X146c_X95,uid___A001_X146c_Xc0,uid___A001_X146c_Xc1,https://casdc.china-vo.org/mirror/ALMAGAL/2019.1.00195.L/QA2/science_goal.uid___A001_X146c_X95/group.uid___A001_X146c_Xc0/member.uid___A001_X146c_Xc1/product/member.uid___A001_X146c_Xc1._111983__sci.spw25_27_29_31.cont.I.pbcor.fits
uid___A001_X146c_X95,uid___A001_X146c_Xc0,uid___A001_X146c_Xc1,https://casdc.china-vo.org/mirror/ALMAGAL/2019.1.00195.L/QA2/science_goal.uid___A001_X146c_X95/group.uid___A001_X146c_Xc0/member.uid___A001_X146c_Xc1/product/member.uid___A001_X146c_Xc1._112942__sci.spw25_27_29_31.cont.I.pbcor.fits
uid___A001_X146c_X95,uid___A001_X146c_Xc0,uid___A001_X146c_Xc1,https://casdc.china-vo.org/mirror/ALMAGAL/2019.1.00195.L/QA2/science_goal.uid___A001_X146c_X95/group.uid___A001_X146c_Xc0/member.uid___A001_X146c_Xc1/product/member.uid___A001_X146c_Xc1._124229__sci.spw25_27_29_31.cont.I.pbcor.fits
uid___A001_X146c_X95,uid___A001_X146c_Xc0,uid___A001_X146c_Xc1,https://casdc.china-vo.org/mirror/ALMAGAL/2019.1.00195.L/QA2/science_goal.uid___A001_X146c_X95/group.uid___A001_X146c_Xc0/member.uid___A001_X146c_Xc1/product/member.uid___A001_X146c_Xc1._126162__sci.spw25_27_29_31.cont.I.pbcor.fits
uid___A001_X146c_X95,uid___A001_X146c_Xc0,uid___A001_X146c_Xc1,https://casdc.china-vo.org/mirror/ALMAGAL/2019.1.00195.L/QA2/science_goal.uid___A001_X146c_X95/group.uid___A001_X146c_Xc0/member.uid___A001_X146c_Xc1/product/member.uid___A001_X146c_Xc1._131178__sci.spw25_27_29_31.cont.I.pbcor.fits
uid___A001_X146c_X95,uid___A001_X146c_Xc0,uid___A001_X146c_Xc3,https://casdc.china-vo.org/mirror/ALMAGAL/2019.1.00195.L/QA2/science_goal.uid___A001_X146c_X95/group.uid___A001_X146c_Xc0/member.uid___A001_X146c_Xc3/product/member.uid___A001_X146c_Xc3._108933__sci.spw25_27_29_31.cont.I.pbcor.fits
uid___A001_X146c_X95,uid___A001_X146c_Xc0,uid___A001_X146c_Xc3,https://casdc.china-vo.org/mirror/ALMAGAL/2019.1.00195.L/QA2/science_goal.uid___A001_X146c_X95/group.uid___A001_X146c_Xc0/member.uid___A001_X146c_Xc3/product/member.uid___A001_X146c_Xc3._109432__sci.spw25_27_29_31.cont.I.pbcor.fits
uid___A001_X146c_X95,uid___A001_X146c_Xc0,uid___A001_X146c_Xc3,https://casdc.china-vo.org/mirror/ALMAGAL/2019.1.00195.L/QA2/science_goal.uid___A001_X146c_X95/group.uid___A001_X146c_Xc0/member.uid___A001_X146c_Xc3/product/member.uid___A001_X146c_Xc3._111983__sci.spw25_27_29_31.cont.I.pbcor.fits
uid___A001_X146c_X95,uid___A001_X146c_Xc0,uid___A001_X146c_Xc3,https://casdc.china-vo.org/mirror/ALMAGAL/2019.1.00195.L/QA2/science_goal.uid___A001_X146c_X95/group.uid___A001_X146c_Xc0/member.uid___A001_X146c_Xc3/product/member.uid___A001_X146c_Xc3._112582__sci.spw25_27_29_31.cont.I.pbcor.fits
uid___A001_X146c_X95,uid___A001_X146c_Xc0,uid___A001_X146c_Xc3,https://casdc.china-vo.org/mirror/ALMAGAL/2019.1.00195.L/QA2/science_goal.uid___A001_X146c_X95/group.uid___A001_X146c_Xc0/member.uid___A001_X146c_Xc3/product/member.uid___A001_X146c_Xc3._112942__sci.spw25_27_29_31.cont.I.pbcor.fits
uid___A001_X146c_X95,uid___A001_X146c_Xc0,uid___A001_X146c_Xc3,https://casdc.china-vo.org/mirror/ALMAGAL/2019.1.00195.L/QA2/science_goal.uid___A001_X146c_X95/group.uid___A001_X146c_Xc0/member.uid___A001_X146c_Xc3/product/member.uid___A001_X146c_Xc3._113869__sci.spw25_27_29_31.cont.I.pbcor.fits
uid___A001_X146c_X95,uid___A001_X146c_Xc0,uid___A001_X146c_Xc3,https://casdc.china-vo.org/mirror/ALMAGAL/2019.1.00195.L/QA2/science_goal.uid___A001_X146c_X95/group.uid___A001_X146c_Xc0/member.uid___A001_X146c_Xc3/product/member.uid___A001_X146c_Xc3._120828__sci.spw25_27_29_31.cont.I.pbcor.fits
uid___A001_X146c_X95,uid___A001_X146c_Xc0,uid___A001_X146c_Xc3,https://casdc.china-vo.org/mirror/ALMAGAL/2019.1.00195.L/QA2/science_goal.uid___A001_X146c_X95/group.uid___A001_X146c_Xc0/member.uid___A001_X146c_Xc3/product/member.uid___A001_X146c_Xc3._120995__sci.spw25_27_29_31.cont.I.pbcor.fits
uid___A001_X146c_X95,uid___A001_X146c_Xc0,uid___A001_X146c_Xc3,https://casdc.china-vo.org/mirror/ALMAGAL/2019.1.00195.L/QA2/science_goal.uid___A001_X146c_X95/group.uid___A001_X146c_Xc0/member.uid___A001_X146c_Xc3/product/member.uid___A001_X146c_Xc3._124229__sci.spw25_27_29_31.cont.I.pbcor.fits
uid___A001_X146c_X95,uid___A001_X146c_Xc0,uid___A001_X146c_Xc3,https://casdc.china-vo.org/mirror/ALMAGAL/2019.1.00195.L/QA2/science_goal.uid___A001_X146c_X95/group.uid___A001_X146c_Xc0/member.uid___A001_X146c_Xc3/product/member.uid___A001_X146c_Xc3._124839__sci.spw25_27_29_31.cont.I.pbcor.fits
uid___A001_X146c_X95,uid___A001_X146c_Xc0,uid___A001_X146c_Xc3,https://casdc.china-vo.org/mirror/ALMAGAL/2019.1.00195.L/QA2/science_goal.uid___A001_X146c_X95/group.uid___A001_X146c_Xc0/member.uid___A001_X146c_Xc3/product/member.uid___A001_X146c_Xc3._125906__sci.spw25_27_29_31.cont.I.pbcor.fits
uid___A001_X146c_X95,uid___A001_X146c_Xc0,uid___A001_X146c_Xc3,https://casdc.china-vo.org/mirror/ALMAGAL/2019.1.00195.L/QA2/science_goal.uid___A001_X146c_X95/group.uid___A001_X146c_Xc0/member.uid___A001_X146c_Xc3/product/member.uid___A001_X146c_Xc3._126120__sci.spw25_27_29_31.cont.I.pbcor.fits
uid___A001_X146c_X95,uid___A001_X146c_Xc0,uid___A001_X146c_Xc3,https://casdc.china-vo.org/mirror/ALMAGAL/2019.1.00195.L/QA2/science_goal.uid___A001_X146c_X95/group.uid___A001_X146c_Xc0/member.uid___A001_X146c_Xc3/product/member.uid___A001_X146c_Xc3._126162__sci.spw25_27_29_31.cont.I.pbcor.fits
uid___A001_X146c_X95,uid___A001_X146c_Xc0,uid___A001_X146c_Xc3,https://casdc.china-vo.org/mirror/ALMAGAL/2019.1.00195.L/QA2/science_goal.uid___A001_X146c_X95/group.uid___A001_X146c_Xc0/member.uid___A001_X146c_Xc3/product/member.uid___A001_X146c_Xc3._126186__sci.spw25_27_29_31.cont.I.pbcor.fits
uid___A001_X146c_X95,uid___A001_X146c_Xc0,uid___A001_X146c_Xc3,https://casdc.china-vo.org/mirror/ALMAGAL/2019.1.00195.L/QA2/science_goal.uid___A001_X146c_X95/group.uid___A001_X146c_Xc0/member.uid___A001_X146c_Xc3/product/member.uid___A001_X146c_Xc3._126223__sci.spw25_27_29_31.cont.I.pbcor.fits
uid___A001_X146c_X95,uid___A001_X146c_Xc0,uid___A001_X146c_Xc3,https://casdc.china-vo.org/mirror/ALMAGAL/2019.1.00195.L/QA2/science_goal.uid___A001_X146c_X95/group.uid___A001_X146c_Xc0/member.uid___A001_X146c_Xc3/product/member.uid___A001_X146c_Xc3._126348__sci.spw25_27_29_31.cont.I.pbcor.fits
uid___A001_X146c_X95,uid___A001_X146c_Xc0,uid___A001_X146c_Xc3,https://casdc.china-vo.org/mirror/ALMAGAL/2019.1.00195.L/QA2/science_goal.uid___A001_X146c_X95/group.uid___A001_X146c_Xc0/member.uid___A001_X146c_Xc3/product/member.uid___A001_X146c_Xc3._130319__sci.spw25_27_29_31.cont.I.pbcor.fits
uid___A001_X146c_X95,uid___A001_X146c_Xc0,uid___A001_X146c_Xc3,https://casdc.china-vo.org/mirror/ALMAGAL/2019.1.00195.L/QA2/science_goal.uid___A001_X146c_X95/group.uid___A001_X146c_Xc0/member.uid___A001_X146c_Xc3/product/member.uid___A001_X146c_Xc3._131178__sci.spw25_27_29_31.cont.I.pbcor.fits
uid___A001_X146c_X95,uid___A001_X146c_Xc0,uid___A001_X146c_Xc3,https://casdc.china-vo.org/mirror/ALMAGAL/2019.1.00195.L/QA2/science_goal.uid___A001_X146c_X95/group.uid___A001_X146c_Xc0/member.uid___A001_X146c_Xc3/product/member.uid___A001_X146c_Xc3._131513__sci.spw25_27_29_31.cont.I.pbcor.fits
uid___A001_X146c_X95,uid___A001_X146c_Xc0,uid___A001_X146c_Xc3,https://casdc.china-vo.org/mirror/ALMAGAL/2019.1.00195.L/QA2/science_goal.uid___A001_X146c_X95/group.uid___A001_X146c_Xc0/member.uid___A001_X146c_Xc3/product/member.uid___A001_X146c_Xc3._131976__sci.spw25_27_29_31.cont.I.pbcor.fits
uid___A001_X146c_X95,uid___A001_X146c_Xc0,uid___A001_X146c_Xc3,https://casdc.china-vo.org/mirror/ALMAGAL/2019.1.00195.L/QA2/science_goal.uid___A001_X146c_X95/group.uid___A001_X146c_Xc0/member.uid___A001_X146c_Xc3/product/member.uid___A001_X146c_Xc3._132381__sci.spw25_27_29_31.cont.I.pbcor.fits
uid___A001_X146c_X95,uid___A001_X146c_Xc0,uid___A001_X146c_Xc3,https://casdc.china-vo.org/mirror/ALMAGAL/2019.1.00195.L/QA2/science_goal.uid___A001_X146c_X95/group.uid___A001_X146c_Xc0/member.uid___A001_X146c_Xc3/product/member.uid___A001_X146c_Xc3._132437__sci.spw25_27_29_31.cont.I.pbcor.fits
uid___A001_X146c_X95,uid___A001_X146c_Xc0,uid___A001_X146c_Xc3,https://casdc.china-vo.org/mirror/ALMAGAL/2019.1.00195.L/QA2/science_goal.uid___A001_X146c_X95/group.uid___A001_X146c_Xc0/member.uid___A001_X146c_Xc3/product/member.uid___A001_X146c_Xc3._132444__sci.spw25_27_29_31.cont.I.pbcor.fits
uid___A001_X146c_X95,uid___A001_X146c_Xc0,uid___A001_X146c_Xc3,https://casdc.china-vo.org/mirror/ALMAGAL/2019.1.00195.L/QA2/science_goal.uid___A001_X146c_X95/group.uid___A001_X146c_Xc0/member.uid___A001_X146c_Xc3/product/member.uid___A001_X146c_Xc3._132470__sci.spw25_27_29_31.cont.I.pbcor.fits
uid___A001_X146c_X95,uid___A001_X146c_Xc0,uid___A001_X146c_Xc3,https://casdc.china-vo.org/mirror/ALMAGAL/2019.1.00195.L/QA2/science_goal.uid___A001_X146c_X95/group.uid___A001_X146c_Xc0/member.uid___A001_X146c_Xc3/product/member.uid___A001_X146c_Xc3._133522__sci.spw25_27_29_31.cont.I.pbcor.fits
uid___A001_X146c_X95,uid___A001_X146c_Xc0,uid___A001_X146c_Xc3,https://casdc.china-vo.org/mirror/ALMAGAL/2019.1.00195.L/QA2/science_goal.uid___A001_X146c_X95/group.uid___A001_X146c_Xc0/member.uid___A001_X146c_Xc3/product/member.uid___A001_X146c_Xc3._133805__sci.spw25_27_29_31.cont.I.pbcor.fits
uid___A001_X146c_X95,uid___A001_X146c_Xc0,uid___A001_X146c_Xc3,https://casdc.china-vo.org/mirror/ALMAGAL/2019.1.00195.L/QA2/science_goal.uid___A001_X146c_X95/group.uid___A001_X146c_Xc0/member.uid___A001_X146c_Xc3/product/member.uid___A001_X146c_Xc3._138741__sci.spw25_27_29_31.cont.I.pbcor.fits
uid___A001_X146c_X95,uid___A001_X146c_Xc0,uid___A001_X146c_Xc3,https://casdc.china-vo.org/mirror/ALMAGAL/2019.1.00195.L/QA2/science_goal.uid___A001_X146c_X95/group.uid___A001_X146c_Xc0/member.uid___A001_X146c_Xc3/product/member.uid___A001_X146c_Xc3._138939__sci.spw25_27_29_31.cont.I.pbcor.fits
uid___A001_X146c_X95,uid___A001_X146c_Xc0,uid___A001_X146c_Xc3,https://casdc.china-vo.org/mirror/ALMAGAL/2019.1.00195.L/QA2/science_goal.uid___A001_X146c_X95/group.uid___A001_X146c_Xc0/member.uid___A001_X146c_Xc3/product/member.uid___A001_X146c_Xc3._139543__sci.spw25_27_29_31.cont.I.pbcor.fits
uid___A001_X146c_X95,uid___A001_X146c_Xc0,uid___A001_X146c_Xc3,https://casdc.china-vo.org/mirror/ALMAGAL/2019.1.00195.L/QA2/science_goal.uid___A001_X146c_X95/group.uid___A001_X146c_Xc0/member.uid___A001_X146c_Xc3/product/member.uid___A001_X146c_Xc3._141636__sci.spw25_27_29_31.cont.I.pbcor.fits
uid___A001_X146c_X95,uid___A001_X146c_Xc0,uid___A001_X146c_Xc3,https://casdc.china-vo.org/mirror/ALMAGAL/2019.1.00195.L/QA2/science_goal.uid___A001_X146c_X95/group.uid___A001_X146c_Xc0/member.uid___A001_X146c_Xc3/product/member.uid___A001_X146c_Xc3._G024.6343-00.3233__sci.spw25_27_29_31.cont.I.pbcor.fits
uid___A001_X146c_X95,uid___A001_X146c_Xc0,uid___A001_X146c_Xc3,https://casdc.china-vo.org/mirror/ALMAGAL/2019.1.00195.L/QA2/science_goal.uid___A001_X146c_X95/group.uid___A001_X146c_Xc0/member.uid___A001_X146c_Xc3/product/member.uid___A001_X146c_Xc3._G025.6498p01.0491__sci.spw25_27_29_31.cont.I.pbcor.fits
uid___A001_X146c_X95,uid___A001_X146c_Xc0,uid___A001_X146c_Xc3,https://casdc.china-vo.org/mirror/ALMAGAL/2019.1.00195.L/QA2/science_goal.uid___A001_X146c_X95/group.uid___A001_X146c_Xc0/member.uid___A001_X146c_Xc3/product/member.uid___A001_X146c_Xc3._G027.7954-00.2772__sci.spw25_27_29_31.cont.I.pbcor.fits
uid___A001_X146c_X95,uid___A001_X146c_Xc0,uid___A001_X146c_Xc3,https://casdc.china-vo.org/mirror/ALMAGAL/2019.1.00195.L/QA2/science_goal.uid___A001_X146c_X95/group.uid___A001_X146c_Xc0/member.uid___A001_X146c_Xc3/product/member.uid___A001_X146c_Xc3._G028.3271p00.1617__sci.spw25_27_29_31.cont.I.pbcor.fits
uid___A001_X146c_X95,uid___A001_X146c_Xc0,uid___A001_X146c_Xc3,https://casdc.china-vo.org/mirror/ALMAGAL/2019.1.00195.L/QA2/science_goal.uid___A001_X146c_X95/group.uid___A001_X146c_Xc0/member.uid___A001_X146c_Xc3/product/member.uid___A001_X146c_Xc3._G032.0518-00.0902__sci.spw25_27_29_31.cont.I.pbcor.fits
uid___A001_X146c_X95,uid___A001_X146c_Xc0,uid___A001_X146c_Xc5,https://casdc.china-vo.org/mirror/ALMAGAL/2019.1.00195.L/QA2/science_goal.uid___A001_X146c_X95/group.uid___A001_X146c_Xc0/member.uid___A001_X146c_Xc5/product/member.uid___A001_X146c_Xc5._108933__sci.spw16_18_20_22.cont.I.pbcor.fits
uid___A001_X146c_X95,uid___A001_X146c_Xc0,uid___A001_X146c_Xc5,https://casdc.china-vo.org/mirror/ALMAGAL/2019.1.00195.L/QA2/science_goal.uid___A001_X146c_X95/group.uid___A001_X146c_Xc0/member.uid___A001_X146c_Xc5/product/member.uid___A001_X146c_Xc5._109432__sci.spw16_18_20_22.cont.I.pbcor.fits
uid___A001_X146c_X95,uid___A001_X146c_Xc0,uid___A001_X146c_Xc5,https://casdc.china-vo.org/mirror/ALMAGAL/2019.1.00195.L/QA2/science_goal.uid___A001_X146c_X95/group.uid___A001_X146c_Xc0/member.uid___A001_X146c_Xc5/product/member.uid___A001_X146c_Xc5._111983__sci.spw16_18_20_22.cont.I.pbcor.fits
uid___A001_X146c_X95,uid___A001_X146c_Xc0,uid___A001_X146c_Xc5,https://casdc.china-vo.org/mirror/ALMAGAL/2019.1.00195.L/QA2/science_goal.uid___A001_X146c_X95/group.uid___A001_X146c_Xc0/member.uid___A001_X146c_Xc5/product/member.uid___A001_X146c_Xc5._112582__sci.spw16_18_20_22.cont.I.pbcor.fits
uid___A001_X146c_X95,uid___A001_X146c_Xc0,uid___A001_X146c_Xc5,https://casdc.china-vo.org/mirror/ALMAGAL/2019.1.00195.L/QA2/science_goal.uid___A001_X146c_X95/group.uid___A001_X146c_Xc0/member.uid___A001_X146c_Xc5/product/member.uid___A001_X146c_Xc5._112942__sci.spw16_18_20_22.cont.I.pbcor.fits
uid___A001_X146c_X95,uid___A001_X146c_Xc0,uid___A001_X146c_Xc5,https://casdc.china-vo.org/mirror/ALMAGAL/2019.1.00195.L/QA2/science_goal.uid___A001_X146c_X95/group.uid___A001_X146c_Xc0/member.uid___A001_X146c_Xc5/product/member.uid___A001_X146c_Xc5._113869__sci.spw16_18_20_22.cont.I.pbcor.fits
uid___A001_X146c_X95,uid___A001_X146c_Xc0,uid___A001_X146c_Xc5,https://casdc.china-vo.org/mirror/ALMAGAL/2019.1.00195.L/QA2/science_goal.uid___A001_X146c_X95/group.uid___A001_X146c_Xc0/member.uid___A001_X146c_Xc5/product/member.uid___A001_X146c_Xc5._120828__sci.spw16_18_20_22.cont.I.pbcor.fits
uid___A001_X146c_X95,uid___A001_X146c_Xc0,uid___A001_X146c_Xc5,https://casdc.china-vo.org/mirror/ALMAGAL/2019.1.00195.L/QA2/science_goal.uid___A001_X146c_X95/group.uid___A001_X146c_Xc0/member.uid___A001_X146c_Xc5/product/member.uid___A001_X146c_Xc5._120995__sci.spw16_18_20_22.cont.I.pbcor.fits
uid___A001_X146c_X95,uid___A001_X146c_Xc0,uid___A001_X146c_Xc5,https://casdc.china-vo.org/mirror/ALMAGAL/2019.1.00195.L/QA2/science_goal.uid___A001_X146c_X95/group.uid___A001_X146c_Xc0/member.uid___A001_X146c_Xc5/product/member.uid___A001_X146c_Xc5._124229__sci.spw16_18_20_22.cont.I.pbcor.fits
uid___A001_X146c_X95,uid___A001_X146c_Xc0,uid___A001_X146c_Xc5,https://casdc.china-vo.org/mirror/ALMAGAL/2019.1.00195.L/QA2/science_goal.uid___A001_X146c_X95/group.uid___A001_X146c_Xc0/member.uid___A001_X146c_Xc5/product/member.uid___A001_X146c_Xc5._124839__sci.spw16_18_20_22.cont.I.pbcor.fits
uid___A001_X146c_X95,uid___A001_X146c_Xc0,uid___A001_X146c_Xc5,https://casdc.china-vo.org/mirror/ALMAGAL/2019.1.00195.L/QA2/science_goal.uid___A001_X146c_X95/group.uid___A001_X146c_Xc0/member.uid___A001_X146c_Xc5/product/member.uid___A001_X146c_Xc5._125906__sci.spw16_18_20_22.cont.I.pbcor.fits
uid___A001_X146c_X95,uid___A001_X146c_Xc0,uid___A001_X146c_Xc5,https://casdc.china-vo.org/mirror/ALMAGAL/2019.1.00195.L/QA2/science_goal.uid___A001_X146c_X95/group.uid___A001_X146c_Xc0/member.uid___A001_X146c_Xc5/product/member.uid___A001_X146c_Xc5._126120__sci.spw16_18_20_22.cont.I.pbcor.fits
uid___A001_X146c_X95,uid___A001_X146c_Xc0,uid___A001_X146c_Xc5,https://casdc.china-vo.org/mirror/ALMAGAL/2019.1.00195.L/QA2/science_goal.uid___A001_X146c_X95/group.uid___A001_X146c_Xc0/member.uid___A001_X146c_Xc5/product/member.uid___A001_X146c_Xc5._126162__sci.spw16_18_20_22.cont.I.pbcor.fits
uid___A001_X146c_X95,uid___A001_X146c_Xc0,uid___A001_X146c_Xc5,https://casdc.china-vo.org/mirror/ALMAGAL/2019.1.00195.L/QA2/science_goal.uid___A001_X146c_X95/group.uid___A001_X146c_Xc0/member.uid___A001_X146c_Xc5/product/member.uid___A001_X146c_Xc5._126186__sci.spw16_18_20_22.cont.I.pbcor.fits
uid___A001_X146c_X95,uid___A001_X146c_Xc0,uid___A001_X146c_Xc5,https://casdc.china-vo.org/mirror/ALMAGAL/2019.1.00195.L/QA2/science_goal.uid___A001_X146c_X95/group.uid___A001_X146c_Xc0/member.uid___A001_X146c_Xc5/product/member.uid___A001_X146c_Xc5._126223__sci.spw16_18_20_22.cont.I.pbcor.fits
uid___A001_X146c_X95,uid___A001_X146c_Xc0,uid___A001_X146c_Xc5,https://casdc.china-vo.org/mirror/ALMAGAL/2019.1.00195.L/QA2/science_goal.uid___A001_X146c_X95/group.uid___A001_X146c_Xc0/member.uid___A001_X146c_Xc5/product/member.uid___A001_X146c_Xc5._126348__sci.spw16_18_20_22.cont.I.pbcor.fits
uid___A001_X146c_X95,uid___A001_X146c_Xc0,uid___A001_X146c_Xc5,https://casdc.china-vo.org/mirror/ALMAGAL/2019.1.00195.L/QA2/science_goal.uid___A001_X146c_X95/group.uid___A001_X146c_Xc0/member.uid___A001_X146c_Xc5/product/member.uid___A001_X146c_Xc5._130319__sci.spw16_18_20_22.cont.I.pbcor.fits
uid___A001_X146c_X95,uid___A001_X146c_Xc0,uid___A001_X146c_Xc5,https://casdc.china-vo.org/mirror/ALMAGAL/2019.1.00195.L/QA2/science_goal.uid___A001_X146c_X95/group.uid___A001_X146c_Xc0/member.uid___A001_X146c_Xc5/product/member.uid___A001_X146c_Xc5._131178__sci.spw16_18_20_22.cont.I.pbcor.fits
uid___A001_X146c_X95,uid___A001_X146c_Xc0,uid___A001_X146c_Xc5,https://casdc.china-vo.org/mirror/ALMAGAL/2019.1.00195.L/QA2/science_goal.uid___A001_X146c_X95/group.uid___A001_X146c_Xc0/member.uid___A001_X146c_Xc5/product/member.uid___A001_X146c_Xc5._131513__sci.spw16_18_20_22.cont.I.pbcor.fits
uid___A001_X146c_X95,uid___A001_X146c_Xc0,uid___A001_X146c_Xc5,https://casdc.china-vo.org/mirror/ALMAGAL/2019.1.00195.L/QA2/science_goal.uid___A001_X146c_X95/group.uid___A001_X146c_Xc0/member.uid___A001_X146c_Xc5/product/member.uid___A001_X146c_Xc5._131976__sci.spw16_18_20_22.cont.I.pbcor.fits
uid___A001_X146c_X95,uid___A001_X146c_Xc0,uid___A001_X146c_Xc5,https://casdc.china-vo.org/mirror/ALMAGAL/2019.1.00195.L/QA2/science_goal.uid___A001_X146c_X95/group.uid___A001_X146c_Xc0/member.uid___A001_X146c_Xc5/product/member.uid___A001_X146c_Xc5._132381__sci.spw16_18_20_22.cont.I.pbcor.fits
uid___A001_X146c_X95,uid___A001_X146c_Xc0,uid___A001_X146c_Xc5,https://casdc.china-vo.org/mirror/ALMAGAL/2019.1.00195.L/QA2/science_goal.uid___A001_X146c_X95/group.uid___A001_X146c_Xc0/member.uid___A001_X146c_Xc5/product/member.uid___A001_X146c_Xc5._132437__sci.spw16_18_20_22.cont.I.pbcor.fits
uid___A001_X146c_X95,uid___A001_X146c_Xc0,uid___A001_X146c_Xc5,https://casdc.china-vo.org/mirror/ALMAGAL/2019.1.00195.L/QA2/science_goal.uid___A001_X146c_X95/group.uid___A001_X146c_Xc0/member.uid___A001_X146c_Xc5/product/member.uid___A001_X146c_Xc5._132444__sci.spw16_18_20_22.cont.I.pbcor.fits
uid___A001_X146c_X95,uid___A001_X146c_Xc0,uid___A001_X146c_Xc5,https://casdc.china-vo.org/mirror/ALMAGAL/2019.1.00195.L/QA2/science_goal.uid___A001_X146c_X95/group.uid___A001_X146c_Xc0/member.uid___A001_X146c_Xc5/product/member.uid___A001_X146c_Xc5._132470__sci.spw16_18_20_22.cont.I.pbcor.fits
uid___A001_X146c_X95,uid___A001_X146c_Xc0,uid___A001_X146c_Xc5,https://casdc.china-vo.org/mirror/ALMAGAL/2019.1.00195.L/QA2/science_goal.uid___A001_X146c_X95/group.uid___A001_X146c_Xc0/member.uid___A001_X146c_Xc5/product/member.uid___A001_X146c_Xc5._133522__sci.spw16_18_20_22.cont.I.pbcor.fits
uid___A001_X146c_X95,uid___A001_X146c_Xc0,uid___A001_X146c_Xc5,https://casdc.china-vo.org/mirror/ALMAGAL/2019.1.00195.L/QA2/science_goal.uid___A001_X146c_X95/group.uid___A001_X146c_Xc0/member.uid___A001_X146c_Xc5/product/member.uid___A001_X146c_Xc5._133805__sci.spw16_18_20_22.cont.I.pbcor.fits
uid___A001_X146c_X95,uid___A001_X146c_Xc0,uid___A001_X146c_Xc5,https://casdc.china-vo.org/mirror/ALMAGAL/2019.1.00195.L/QA2/science_goal.uid___A001_X146c_X95/group.uid___A001_X146c_Xc0/member.uid___A001_X146c_Xc5/product/member.uid___A001_X146c_Xc5._138741__sci.spw16_18_20_22.cont.I.pbcor.fits
uid___A001_X146c_X95,uid___A001_X146c_Xc0,uid___A001_X146c_Xc5,https://casdc.china-vo.org/mirror/ALMAGAL/2019.1.00195.L/QA2/science_goal.uid___A001_X146c_X95/group.uid___A001_X146c_Xc0/member.uid___A001_X146c_Xc5/product/member.uid___A001_X146c_Xc5._138939__sci.spw16_18_20_22.cont.I.pbcor.fits
uid___A001_X146c_X95,uid___A001_X146c_Xc0,uid___A001_X146c_Xc5,https://casdc.china-vo.org/mirror/ALMAGAL/2019.1.00195.L/QA2/science_goal.uid___A001_X146c_X95/group.uid___A001_X146c_Xc0/member.uid___A001_X146c_Xc5/product/member.uid___A001_X146c_Xc5._139543__sci.spw16_18_20_22.cont.I.pbcor.fits
uid___A001_X146c_X95,uid___A001_X146c_Xc0,uid___A001_X146c_Xc5,https://casdc.china-vo.org/mirror/ALMAGAL/2019.1.00195.L/QA2/science_goal.uid___A001_X146c_X95/group.uid___A001_X146c_Xc0/member.uid___A001_X146c_Xc5/product/member.uid___A001_X146c_Xc5._141636__sci.spw16_18_20_22.cont.I.pbcor.fits
uid___A001_X146c_X95,uid___A001_X146c_Xc0,uid___A001_X146c_Xc5,https://casdc.china-vo.org/mirror/ALMAGAL/2019.1.00195.L/QA2/science_goal.uid___A001_X146c_X95/group.uid___A001_X146c_Xc0/member.uid___A001_X146c_Xc5/product/member.uid___A001_X146c_Xc5._G024.6343-00.3233__sci.spw16_18_20_22.cont.I.pbcor.fits
uid___A001_X146c_X95,uid___A001_X146c_Xc0,uid___A001_X146c_Xc5,https://casdc.china-vo.org/mirror/ALMAGAL/2019.1.00195.L/QA2/science_goal.uid___A001_X146c_X95/group.uid___A001_X146c_Xc0/member.uid___A001_X146c_Xc5/product/member.uid___A001_X146c_Xc5._G025.6498p01.0491__sci.spw16_18_20_22.cont.I.pbcor.fits
uid___A001_X146c_X95,uid___A001_X146c_Xc0,uid___A001_X146c_Xc5,https://casdc.china-vo.org/mirror/ALMAGAL/2019.1.00195.L/QA2/science_goal.uid___A001_X146c_X95/group.uid___A001_X146c_Xc0/member.uid___A001_X146c_Xc5/product/member.uid___A001_X146c_Xc5._G027.7954-00.2772__sci.spw16_18_20_22.cont.I.pbcor.fits
uid___A001_X146c_X95,uid___A001_X146c_Xc0,uid___A001_X146c_Xc5,https://casdc.china-vo.org/mirror/ALMAGAL/2019.1.00195.L/QA2/science_goal.uid___A001_X146c_X95/group.uid___A001_X146c_Xc0/member.uid___A001_X146c_Xc5/product/member.uid___A001_X146c_Xc5._G028.3271p00.1617__sci.spw16_18_20_22.cont.I.pbcor.fits
uid___A001_X146c_X95,uid___A001_X146c_Xc0,uid___A001_X146c_Xc5,https://casdc.china-vo.org/mirror/ALMAGAL/2019.1.00195.L/QA2/science_goal.uid___A001_X146c_X95/group.uid___A001_X146c_Xc0/member.uid___A001_X146c_Xc5/product/member.uid___A001_X146c_Xc5._G032.0518-00.0902__sci.spw16_18_20_22.cont.I.pbcor.fits
uid___A001_X146c_X95,uid___A001_X146c_Xc7,uid___A001_X146c_Xc8,https://casdc.china-vo.org/mirror/ALMAGAL/2019.1.00195.L/QA2/science_goal.uid___A001_X146c_X95/group.uid___A001_X146c_Xc7/member.uid___A001_X146c_Xc8/product/member.uid___A001_X146c_Xc8._100662__sci.spw25_27_29_31.cont.I.pbcor.fits
uid___A001_X146c_X95,uid___A001_X146c_Xc7,uid___A001_X146c_Xc8,https://casdc.china-vo.org/mirror/ALMAGAL/2019.1.00195.L/QA2/science_goal.uid___A001_X146c_X95/group.uid___A001_X146c_Xc7/member.uid___A001_X146c_Xc8/product/member.uid___A001_X146c_Xc8._81483__sci.spw25_27_29_31.cont.I.pbcor.fits
uid___A001_X146c_X95,uid___A001_X146c_Xc7,uid___A001_X146c_Xc8,https://casdc.china-vo.org/mirror/ALMAGAL/2019.1.00195.L/QA2/science_goal.uid___A001_X146c_X95/group.uid___A001_X146c_Xc7/member.uid___A001_X146c_Xc8/product/member.uid___A001_X146c_Xc8._89378__sci.spw25_27_29_31.cont.I.pbcor.fits
uid___A001_X146c_X95,uid___A001_X146c_Xc7,uid___A001_X146c_Xc8,https://casdc.china-vo.org/mirror/ALMAGAL/2019.1.00195.L/QA2/science_goal.uid___A001_X146c_X95/group.uid___A001_X146c_Xc7/member.uid___A001_X146c_Xc8/product/member.uid___A001_X146c_Xc8._91185__sci.spw25_27_29_31.cont.I.pbcor.fits
uid___A001_X146c_X95,uid___A001_X146c_Xc7,uid___A001_X146c_Xc8,https://casdc.china-vo.org/mirror/ALMAGAL/2019.1.00195.L/QA2/science_goal.uid___A001_X146c_X95/group.uid___A001_X146c_Xc7/member.uid___A001_X146c_Xc8/product/member.uid___A001_X146c_Xc8._97359__sci.spw25_27_29_31.cont.I.pbcor.fits
uid___A001_X146c_X95,uid___A001_X146c_Xc7,uid___A001_X146c_Xca,https://casdc.china-vo.org/mirror/ALMAGAL/2019.1.00195.L/QA2/science_goal.uid___A001_X146c_X95/group.uid___A001_X146c_Xc7/member.uid___A001_X146c_Xca/product/member.uid___A001_X146c_Xca._100662__sci.spw25_27_29_31.cont.I.pbcor.fits
uid___A001_X146c_X95,uid___A001_X146c_Xc7,uid___A001_X146c_Xca,https://casdc.china-vo.org/mirror/ALMAGAL/2019.1.00195.L/QA2/science_goal.uid___A001_X146c_X95/group.uid___A001_X146c_Xc7/member.uid___A001_X146c_Xca/product/member.uid___A001_X146c_Xca._101073__sci.spw25_27_29_31.cont.I.pbcor.fits
uid___A001_X146c_X95,uid___A001_X146c_Xc7,uid___A001_X146c_Xca,https://casdc.china-vo.org/mirror/ALMAGAL/2019.1.00195.L/QA2/science_goal.uid___A001_X146c_X95/group.uid___A001_X146c_Xc7/member.uid___A001_X146c_Xca/product/member.uid___A001_X146c_Xca._101377__sci.spw25_27_29_31.cont.I.pbcor.fits
uid___A001_X146c_X95,uid___A001_X146c_Xc7,uid___A001_X146c_Xca,https://casdc.china-vo.org/mirror/ALMAGAL/2019.1.00195.L/QA2/science_goal.uid___A001_X146c_X95/group.uid___A001_X146c_Xc7/member.uid___A001_X146c_Xca/product/member.uid___A001_X146c_Xca._101899__sci.spw25_27_29_31.cont.I.pbcor.fits
uid___A001_X146c_X95,uid___A001_X146c_Xc7,uid___A001_X146c_Xca,https://casdc.china-vo.org/mirror/ALMAGAL/2019.1.00195.L/QA2/science_goal.uid___A001_X146c_X95/group.uid___A001_X146c_Xc7/member.uid___A001_X146c_Xca/product/member.uid___A001_X146c_Xca._102131__sci.spw25_27_29_31.cont.I.pbcor.fits
uid___A001_X146c_X95,uid___A001_X146c_Xc7,uid___A001_X146c_Xca,https://casdc.china-vo.org/mirror/ALMAGAL/2019.1.00195.L/QA2/science_goal.uid___A001_X146c_X95/group.uid___A001_X146c_Xc7/member.uid___A001_X146c_Xca/product/member.uid___A001_X146c_Xca._102460__sci.spw25_27_29_31.cont.I.pbcor.fits
uid___A001_X146c_X95,uid___A001_X146c_Xc7,uid___A001_X146c_Xca,https://casdc.china-vo.org/mirror/ALMAGAL/2019.1.00195.L/QA2/science_goal.uid___A001_X146c_X95/group.uid___A001_X146c_Xc7/member.uid___A001_X146c_Xca/product/member.uid___A001_X146c_Xca._103319__sci.spw25_27_29_31.cont.I.pbcor.fits
uid___A001_X146c_X95,uid___A001_X146c_Xc7,uid___A001_X146c_Xca,https://casdc.china-vo.org/mirror/ALMAGAL/2019.1.00195.L/QA2/science_goal.uid___A001_X146c_X95/group.uid___A001_X146c_Xc7/member.uid___A001_X146c_Xca/product/member.uid___A001_X146c_Xca._103421__sci.spw25_27_29_31.cont.I.pbcor.fits
uid___A001_X146c_X95,uid___A001_X146c_Xc7,uid___A001_X146c_Xca,https://casdc.china-vo.org/mirror/ALMAGAL/2019.1.00195.L/QA2/science_goal.uid___A001_X146c_X95/group.uid___A001_X146c_Xc7/member.uid___A001_X146c_Xca/product/member.uid___A001_X146c_Xca._105702__sci.spw25_27_29_31.cont.I.pbcor.fits
uid___A001_X146c_X95,uid___A001_X146c_Xc7,uid___A001_X146c_Xca,https://casdc.china-vo.org/mirror/ALMAGAL/2019.1.00195.L/QA2/science_goal.uid___A001_X146c_X95/group.uid___A001_X146c_Xc7/member.uid___A001_X146c_Xca/product/member.uid___A001_X146c_Xca._106164__sci.spw25_27_29_31.cont.I.pbcor.fits
uid___A001_X146c_X95,uid___A001_X146c_Xc7,uid___A001_X146c_Xca,https://casdc.china-vo.org/mirror/ALMAGAL/2019.1.00195.L/QA2/science_goal.uid___A001_X146c_X95/group.uid___A001_X146c_Xc7/member.uid___A001_X146c_Xca/product/member.uid___A001_X146c_Xca._106756__sci.spw25_27_29_31.cont.I.pbcor.fits
uid___A001_X146c_X95,uid___A001_X146c_Xc7,uid___A001_X146c_Xca,https://casdc.china-vo.org/mirror/ALMAGAL/2019.1.00195.L/QA2/science_goal.uid___A001_X146c_X95/group.uid___A001_X146c_Xc7/member.uid___A001_X146c_Xca/product/member.uid___A001_X146c_Xca._106819__sci.spw25_27_29_31.cont.I.pbcor.fits
uid___A001_X146c_X95,uid___A001_X146c_Xc7,uid___A001_X146c_Xca,https://casdc.china-vo.org/mirror/ALMAGAL/2019.1.00195.L/QA2/science_goal.uid___A001_X146c_X95/group.uid___A001_X146c_Xc7/member.uid___A001_X146c_Xca/product/member.uid___A001_X146c_Xca._81483__sci.spw25_27_29_31.cont.I.pbcor.fits
uid___A001_X146c_X95,uid___A001_X146c_Xc7,uid___A001_X146c_Xca,https://casdc.china-vo.org/mirror/ALMAGAL/2019.1.00195.L/QA2/science_goal.uid___A001_X146c_X95/group.uid___A001_X146c_Xc7/member.uid___A001_X146c_Xca/product/member.uid___A001_X146c_Xca._81635__sci.spw25_27_29_31.cont.I.pbcor.fits
uid___A001_X146c_X95,uid___A001_X146c_Xc7,uid___A001_X146c_Xca,https://casdc.china-vo.org/mirror/ALMAGAL/2019.1.00195.L/QA2/science_goal.uid___A001_X146c_X95/group.uid___A001_X146c_Xc7/member.uid___A001_X146c_Xca/product/member.uid___A001_X146c_Xca._81793__sci.spw25_27_29_31.cont.I.pbcor.fits
uid___A001_X146c_X95,uid___A001_X146c_Xc7,uid___A001_X146c_Xca,https://casdc.china-vo.org/mirror/ALMAGAL/2019.1.00195.L/QA2/science_goal.uid___A001_X146c_X95/group.uid___A001_X146c_Xc7/member.uid___A001_X146c_Xca/product/member.uid___A001_X146c_Xca._82207__sci.spw25_27_29_31.cont.I.pbcor.fits
uid___A001_X146c_X95,uid___A001_X146c_Xc7,uid___A001_X146c_Xca,https://casdc.china-vo.org/mirror/ALMAGAL/2019.1.00195.L/QA2/science_goal.uid___A001_X146c_X95/group.uid___A001_X146c_Xc7/member.uid___A001_X146c_Xca/product/member.uid___A001_X146c_Xca._82240__sci.spw25_27_29_31.cont.I.pbcor.fits
uid___A001_X146c_X95,uid___A001_X146c_Xc7,uid___A001_X146c_Xca,https://casdc.china-vo.org/mirror/ALMAGAL/2019.1.00195.L/QA2/science_goal.uid___A001_X146c_X95/group.uid___A001_X146c_Xc7/member.uid___A001_X146c_Xca/product/member.uid___A001_X146c_Xca._82445__sci.spw25_27_29_31.cont.I.pbcor.fits
uid___A001_X146c_X95,uid___A001_X146c_Xc7,uid___A001_X146c_Xca,https://casdc.china-vo.org/mirror/ALMAGAL/2019.1.00195.L/QA2/science_goal.uid___A001_X146c_X95/group.uid___A001_X146c_Xc7/member.uid___A001_X146c_Xca/product/member.uid___A001_X146c_Xca._82529__sci.spw25_27_29_31.cont.I.pbcor.fits
uid___A001_X146c_X95,uid___A001_X146c_Xc7,uid___A001_X146c_Xca,https://casdc.china-vo.org/mirror/ALMAGAL/2019.1.00195.L/QA2/science_goal.uid___A001_X146c_X95/group.uid___A001_X146c_Xc7/member.uid___A001_X146c_Xca/product/member.uid___A001_X146c_Xca._82665__sci.spw25_27_29_31.cont.I.pbcor.fits
uid___A001_X146c_X95,uid___A001_X146c_Xc7,uid___A001_X146c_Xca,https://casdc.china-vo.org/mirror/ALMAGAL/2019.1.00195.L/QA2/science_goal.uid___A001_X146c_X95/group.uid___A001_X146c_Xc7/member.uid___A001_X146c_Xca/product/member.uid___A001_X146c_Xca._83968__sci.spw25_27_29_31.cont.I.pbcor.fits
uid___A001_X146c_X95,uid___A001_X146c_Xc7,uid___A001_X146c_Xca,https://casdc.china-vo.org/mirror/ALMAGAL/2019.1.00195.L/QA2/science_goal.uid___A001_X146c_X95/group.uid___A001_X146c_Xc7/member.uid___A001_X146c_Xca/product/member.uid___A001_X146c_Xca._84174__sci.spw25_27_29_31.cont.I.pbcor.fits
uid___A001_X146c_X95,uid___A001_X146c_Xc7,uid___A001_X146c_Xca,https://casdc.china-vo.org/mirror/ALMAGAL/2019.1.00195.L/QA2/science_goal.uid___A001_X146c_X95/group.uid___A001_X146c_Xc7/member.uid___A001_X146c_Xca/product/member.uid___A001_X146c_Xca._84223__sci.spw25_27_29_31.cont.I.pbcor.fits
uid___A001_X146c_X95,uid___A001_X146c_Xc7,uid___A001_X146c_Xca,https://casdc.china-vo.org/mirror/ALMAGAL/2019.1.00195.L/QA2/science_goal.uid___A001_X146c_X95/group.uid___A001_X146c_Xc7/member.uid___A001_X146c_Xca/product/member.uid___A001_X146c_Xca._84612__sci.spw25_27_29_31.cont.I.pbcor.fits
uid___A001_X146c_X95,uid___A001_X146c_Xc7,uid___A001_X146c_Xca,https://casdc.china-vo.org/mirror/ALMAGAL/2019.1.00195.L/QA2/science_goal.uid___A001_X146c_X95/group.uid___A001_X146c_Xc7/member.uid___A001_X146c_Xca/product/member.uid___A001_X146c_Xca._84809__sci.spw25_27_29_31.cont.I.pbcor.fits
uid___A001_X146c_X95,uid___A001_X146c_Xc7,uid___A001_X146c_Xca,https://casdc.china-vo.org/mirror/ALMAGAL/2019.1.00195.L/QA2/science_goal.uid___A001_X146c_X95/group.uid___A001_X146c_Xc7/member.uid___A001_X146c_Xca/product/member.uid___A001_X146c_Xca._85129__sci.spw25_27_29_31.cont.I.pbcor.fits
uid___A001_X146c_X95,uid___A001_X146c_Xc7,uid___A001_X146c_Xca,https://casdc.china-vo.org/mirror/ALMAGAL/2019.1.00195.L/QA2/science_goal.uid___A001_X146c_X95/group.uid___A001_X146c_Xc7/member.uid___A001_X146c_Xca/product/member.uid___A001_X146c_Xca._85234__sci.spw25_27_29_31.cont.I.pbcor.fits
uid___A001_X146c_X95,uid___A001_X146c_Xc7,uid___A001_X146c_Xca,https://casdc.china-vo.org/mirror/ALMAGAL/2019.1.00195.L/QA2/science_goal.uid___A001_X146c_X95/group.uid___A001_X146c_Xc7/member.uid___A001_X146c_Xca/product/member.uid___A001_X146c_Xca._85399__sci.spw25_27_29_31.cont.I.pbcor.fits
uid___A001_X146c_X95,uid___A001_X146c_Xc7,uid___A001_X146c_Xca,https://casdc.china-vo.org/mirror/ALMAGAL/2019.1.00195.L/QA2/science_goal.uid___A001_X146c_X95/group.uid___A001_X146c_Xc7/member.uid___A001_X146c_Xca/product/member.uid___A001_X146c_Xca._85482__sci.spw25_27_29_31.cont.I.pbcor.fits
uid___A001_X146c_X95,uid___A001_X146c_Xc7,uid___A001_X146c_Xca,https://casdc.china-vo.org/mirror/ALMAGAL/2019.1.00195.L/QA2/science_goal.uid___A001_X146c_X95/group.uid___A001_X146c_Xc7/member.uid___A001_X146c_Xca/product/member.uid___A001_X146c_Xca._85625__sci.spw25_27_29_31.cont.I.pbcor.fits
uid___A001_X146c_X95,uid___A001_X146c_Xc7,uid___A001_X146c_Xca,https://casdc.china-vo.org/mirror/ALMAGAL/2019.1.00195.L/QA2/science_goal.uid___A001_X146c_X95/group.uid___A001_X146c_Xc7/member.uid___A001_X146c_Xca/product/member.uid___A001_X146c_Xca._86213__sci.spw25_27_29_31.cont.I.pbcor.fits
uid___A001_X146c_X95,uid___A001_X146c_Xc7,uid___A001_X146c_Xca,https://casdc.china-vo.org/mirror/ALMAGAL/2019.1.00195.L/QA2/science_goal.uid___A001_X146c_X95/group.uid___A001_X146c_Xc7/member.uid___A001_X146c_Xca/product/member.uid___A001_X146c_Xca._88182__sci.spw25_27_29_31.cont.I.pbcor.fits
uid___A001_X146c_X95,uid___A001_X146c_Xc7,uid___A001_X146c_Xca,https://casdc.china-vo.org/mirror/ALMAGAL/2019.1.00195.L/QA2/science_goal.uid___A001_X146c_X95/group.uid___A001_X146c_Xc7/member.uid___A001_X146c_Xca/product/member.uid___A001_X146c_Xca._89378__sci.spw25_27_29_31.cont.I.pbcor.fits
uid___A001_X146c_X95,uid___A001_X146c_Xc7,uid___A001_X146c_Xca,https://casdc.china-vo.org/mirror/ALMAGAL/2019.1.00195.L/QA2/science_goal.uid___A001_X146c_X95/group.uid___A001_X146c_Xc7/member.uid___A001_X146c_Xca/product/member.uid___A001_X146c_Xca._89485__sci.spw25_27_29_31.cont.I.pbcor.fits
uid___A001_X146c_X95,uid___A001_X146c_Xc7,uid___A001_X146c_Xca,https://casdc.china-vo.org/mirror/ALMAGAL/2019.1.00195.L/QA2/science_goal.uid___A001_X146c_X95/group.uid___A001_X146c_Xc7/member.uid___A001_X146c_Xca/product/member.uid___A001_X146c_Xca._89653__sci.spw25_27_29_31.cont.I.pbcor.fits
uid___A001_X146c_X95,uid___A001_X146c_Xc7,uid___A001_X146c_Xca,https://casdc.china-vo.org/mirror/ALMAGAL/2019.1.00195.L/QA2/science_goal.uid___A001_X146c_X95/group.uid___A001_X146c_Xc7/member.uid___A001_X146c_Xca/product/member.uid___A001_X146c_Xca._91182__sci.spw25_27_29_31.cont.I.pbcor.fits
uid___A001_X146c_X95,uid___A001_X146c_Xc7,uid___A001_X146c_Xca,https://casdc.china-vo.org/mirror/ALMAGAL/2019.1.00195.L/QA2/science_goal.uid___A001_X146c_X95/group.uid___A001_X146c_Xc7/member.uid___A001_X146c_Xca/product/member.uid___A001_X146c_Xca._91185__sci.spw25_27_29_31.cont.I.pbcor.fits
uid___A001_X146c_X95,uid___A001_X146c_Xc7,uid___A001_X146c_Xca,https://casdc.china-vo.org/mirror/ALMAGAL/2019.1.00195.L/QA2/science_goal.uid___A001_X146c_X95/group.uid___A001_X146c_Xc7/member.uid___A001_X146c_Xca/product/member.uid___A001_X146c_Xca._92304__sci.spw25_27_29_31.cont.I.pbcor.fits
uid___A001_X146c_X95,uid___A001_X146c_Xc7,uid___A001_X146c_Xca,https://casdc.china-vo.org/mirror/ALMAGAL/2019.1.00195.L/QA2/science_goal.uid___A001_X146c_X95/group.uid___A001_X146c_Xc7/member.uid___A001_X146c_Xca/product/member.uid___A001_X146c_Xca._92392__sci.spw25_27_29_31.cont.I.pbcor.fits
uid___A001_X146c_X95,uid___A001_X146c_Xc7,uid___A001_X146c_Xca,https://casdc.china-vo.org/mirror/ALMAGAL/2019.1.00195.L/QA2/science_goal.uid___A001_X146c_X95/group.uid___A001_X146c_Xc7/member.uid___A001_X146c_Xca/product/member.uid___A001_X146c_Xca._92527__sci.spw25_27_29_31.cont.I.pbcor.fits
uid___A001_X146c_X95,uid___A001_X146c_Xc7,uid___A001_X146c_Xca,https://casdc.china-vo.org/mirror/ALMAGAL/2019.1.00195.L/QA2/science_goal.uid___A001_X146c_X95/group.uid___A001_X146c_Xc7/member.uid___A001_X146c_Xca/product/member.uid___A001_X146c_Xca._94993__sci.spw25_27_29_31.cont.I.pbcor.fits
uid___A001_X146c_X95,uid___A001_X146c_Xc7,uid___A001_X146c_Xca,https://casdc.china-vo.org/mirror/ALMAGAL/2019.1.00195.L/QA2/science_goal.uid___A001_X146c_X95/group.uid___A001_X146c_Xc7/member.uid___A001_X146c_Xca/product/member.uid___A001_X146c_Xca._97293__sci.spw25_27_29_31.cont.I.pbcor.fits
uid___A001_X146c_X95,uid___A001_X146c_Xc7,uid___A001_X146c_Xca,https://casdc.china-vo.org/mirror/ALMAGAL/2019.1.00195.L/QA2/science_goal.uid___A001_X146c_X95/group.uid___A001_X146c_Xc7/member.uid___A001_X146c_Xca/product/member.uid___A001_X146c_Xca._97359__sci.spw25_27_29_31.cont.I.pbcor.fits
uid___A001_X146c_X95,uid___A001_X146c_Xc7,uid___A001_X146c_Xca,https://casdc.china-vo.org/mirror/ALMAGAL/2019.1.00195.L/QA2/science_goal.uid___A001_X146c_X95/group.uid___A001_X146c_Xc7/member.uid___A001_X146c_Xca/product/member.uid___A001_X146c_Xca._97468__sci.spw25_27_29_31.cont.I.pbcor.fits
uid___A001_X146c_X95,uid___A001_X146c_Xc7,uid___A001_X146c_Xca,https://casdc.china-vo.org/mirror/ALMAGAL/2019.1.00195.L/QA2/science_goal.uid___A001_X146c_X95/group.uid___A001_X146c_Xc7/member.uid___A001_X146c_Xca/product/member.uid___A001_X146c_Xca._99088__sci.spw25_27_29_31.cont.I.pbcor.fits
uid___A001_X146c_X95,uid___A001_X146c_Xc7,uid___A001_X146c_Xca,https://casdc.china-vo.org/mirror/ALMAGAL/2019.1.00195.L/QA2/science_goal.uid___A001_X146c_X95/group.uid___A001_X146c_Xc7/member.uid___A001_X146c_Xca/product/member.uid___A001_X146c_Xca._99130__sci.spw25_27_29_31.cont.I.pbcor.fits
uid___A001_X146c_X95,uid___A001_X146c_Xc7,uid___A001_X146c_Xca,https://casdc.china-vo.org/mirror/ALMAGAL/2019.1.00195.L/QA2/science_goal.uid___A001_X146c_X95/group.uid___A001_X146c_Xc7/member.uid___A001_X146c_Xca/product/member.uid___A001_X146c_Xca._99331__sci.spw25_27_29_31.cont.I.pbcor.fits
uid___A001_X146c_X95,uid___A001_X146c_Xc7,uid___A001_X146c_Xca,https://casdc.china-vo.org/mirror/ALMAGAL/2019.1.00195.L/QA2/science_goal.uid___A001_X146c_X95/group.uid___A001_X146c_Xc7/member.uid___A001_X146c_Xca/product/member.uid___A001_X146c_Xca._99811__sci.spw25_27_29_31.cont.I.pbcor.fits
uid___A001_X146c_X95,uid___A001_X146c_Xc7,uid___A001_X146c_Xca,https://casdc.china-vo.org/mirror/ALMAGAL/2019.1.00195.L/QA2/science_goal.uid___A001_X146c_X95/group.uid___A001_X146c_Xc7/member.uid___A001_X146c_Xca/product/member.uid___A001_X146c_Xca._99822__sci.spw25_27_29_31.cont.I.pbcor.fits
uid___A001_X146c_X95,uid___A001_X146c_Xc7,uid___A001_X146c_Xca,https://casdc.china-vo.org/mirror/ALMAGAL/2019.1.00195.L/QA2/science_goal.uid___A001_X146c_X95/group.uid___A001_X146c_Xc7/member.uid___A001_X146c_Xca/product/member.uid___A001_X146c_Xca._99951__sci.spw25_27_29_31.cont.I.pbcor.fits
uid___A001_X146c_X95,uid___A001_X146c_Xc7,uid___A001_X146c_Xca,https://casdc.china-vo.org/mirror/ALMAGAL/2019.1.00195.L/QA2/science_goal.uid___A001_X146c_X95/group.uid___A001_X146c_Xc7/member.uid___A001_X146c_Xca/product/member.uid___A001_X146c_Xca._G018.3706-00.3818__sci.spw25_27_29_31.cont.I.pbcor.fits
uid___A001_X146c_X95,uid___A001_X146c_Xc7,uid___A001_X146c_Xca,https://casdc.china-vo.org/mirror/ALMAGAL/2019.1.00195.L/QA2/science_goal.uid___A001_X146c_X95/group.uid___A001_X146c_Xc7/member.uid___A001_X146c_Xca/product/member.uid___A001_X146c_Xca._G019.8922p00.1023__sci.spw25_27_29_31.cont.I.pbcor.fits
uid___A001_X146c_X95,uid___A001_X146c_Xc7,uid___A001_X146c_Xca,https://casdc.china-vo.org/mirror/ALMAGAL/2019.1.00195.L/QA2/science_goal.uid___A001_X146c_X95/group.uid___A001_X146c_Xc7/member.uid___A001_X146c_Xca/product/member.uid___A001_X146c_Xca._G019.9224-00.2577__sci.spw25_27_29_31.cont.I.pbcor.fits
uid___A001_X146c_X95,uid___A001_X146c_Xc7,uid___A001_X146c_Xca,https://casdc.china-vo.org/mirror/ALMAGAL/2019.1.00195.L/QA2/science_goal.uid___A001_X146c_X95/group.uid___A001_X146c_Xc7/member.uid___A001_X146c_Xca/product/member.uid___A001_X146c_Xca._G019.9386-00.2079__sci.spw25_27_29_31.cont.I.pbcor.fits
uid___A001_X146c_X95,uid___A001_X146c_Xc7,uid___A001_X146c_Xca,https://casdc.china-vo.org/mirror/ALMAGAL/2019.1.00195.L/QA2/science_goal.uid___A001_X146c_X95/group.uid___A001_X146c_Xc7/member.uid___A001_X146c_Xca/product/member.uid___A001_X146c_Xca._G023.3891p00.1851__sci.spw25_27_29_31.cont.I.pbcor.fits
uid___A001_X146c_X95,uid___A001_X146c_Xc7,uid___A001_X146c_Xca,https://casdc.china-vo.org/mirror/ALMAGAL/2019.1.00195.L/QA2/science_goal.uid___A001_X146c_X95/group.uid___A001_X146c_Xc7/member.uid___A001_X146c_Xca/product/member.uid___A001_X146c_Xca._G023.6566-00.1273__sci.spw25_27_29_31.cont.I.pbcor.fits
uid___A001_X146c_X95,uid___A001_X146c_Xc7,uid___A001_X146c_Xca,https://casdc.china-vo.org/mirror/ALMAGAL/2019.1.00195.L/QA2/science_goal.uid___A001_X146c_X95/group.uid___A001_X146c_Xc7/member.uid___A001_X146c_Xca/product/member.uid___A001_X146c_Xca._G023.8176p00.3841__sci.spw25_27_29_31.cont.I.pbcor.fits
uid___A001_X146c_X95,uid___A001_X146c_Xc7,uid___A001_X146c_Xcc,https://casdc.china-vo.org/mirror/ALMAGAL/2019.1.00195.L/QA2/science_goal.uid___A001_X146c_X95/group.uid___A001_X146c_Xc7/member.uid___A001_X146c_Xcc/product/member.uid___A001_X146c_Xcc._100662__sci.spw16_18_20_22.cont.I.pbcor.fits
uid___A001_X146c_X95,uid___A001_X146c_Xc7,uid___A001_X146c_Xcc,https://casdc.china-vo.org/mirror/ALMAGAL/2019.1.00195.L/QA2/science_goal.uid___A001_X146c_X95/group.uid___A001_X146c_Xc7/member.uid___A001_X146c_Xcc/product/member.uid___A001_X146c_Xcc._101073__sci.spw16_18_20_22.cont.I.pbcor.fits
uid___A001_X146c_X95,uid___A001_X146c_Xc7,uid___A001_X146c_Xcc,https://casdc.china-vo.org/mirror/ALMAGAL/2019.1.00195.L/QA2/science_goal.uid___A001_X146c_X95/group.uid___A001_X146c_Xc7/member.uid___A001_X146c_Xcc/product/member.uid___A001_X146c_Xcc._101377__sci.spw16_18_20_22.cont.I.pbcor.fits
uid___A001_X146c_X95,uid___A001_X146c_Xc7,uid___A001_X146c_Xcc,https://casdc.china-vo.org/mirror/ALMAGAL/2019.1.00195.L/QA2/science_goal.uid___A001_X146c_X95/group.uid___A001_X146c_Xc7/member.uid___A001_X146c_Xcc/product/member.uid___A001_X146c_Xcc._101899__sci.spw16_18_20_22.cont.I.pbcor.fits
uid___A001_X146c_X95,uid___A001_X146c_Xc7,uid___A001_X146c_Xcc,https://casdc.china-vo.org/mirror/ALMAGAL/2019.1.00195.L/QA2/science_goal.uid___A001_X146c_X95/group.uid___A001_X146c_Xc7/member.uid___A001_X146c_Xcc/product/member.uid___A001_X146c_Xcc._102131__sci.spw16_18_20_22.cont.I.pbcor.fits
uid___A001_X146c_X95,uid___A001_X146c_Xc7,uid___A001_X146c_Xcc,https://casdc.china-vo.org/mirror/ALMAGAL/2019.1.00195.L/QA2/science_goal.uid___A001_X146c_X95/group.uid___A001_X146c_Xc7/member.uid___A001_X146c_Xcc/product/member.uid___A001_X146c_Xcc._102460__sci.spw16_18_20_22.cont.I.pbcor.fits
uid___A001_X146c_X95,uid___A001_X146c_Xc7,uid___A001_X146c_Xcc,https://casdc.china-vo.org/mirror/ALMAGAL/2019.1.00195.L/QA2/science_goal.uid___A001_X146c_X95/group.uid___A001_X146c_Xc7/member.uid___A001_X146c_Xcc/product/member.uid___A001_X146c_Xcc._103319__sci.spw16_18_20_22.cont.I.pbcor.fits
uid___A001_X146c_X95,uid___A001_X146c_Xc7,uid___A001_X146c_Xcc,https://casdc.china-vo.org/mirror/ALMAGAL/2019.1.00195.L/QA2/science_goal.uid___A001_X146c_X95/group.uid___A001_X146c_Xc7/member.uid___A001_X146c_Xcc/product/member.uid___A001_X146c_Xcc._103421__sci.spw16_18_20_22.cont.I.pbcor.fits
uid___A001_X146c_X95,uid___A001_X146c_Xc7,uid___A001_X146c_Xcc,https://casdc.china-vo.org/mirror/ALMAGAL/2019.1.00195.L/QA2/science_goal.uid___A001_X146c_X95/group.uid___A001_X146c_Xc7/member.uid___A001_X146c_Xcc/product/member.uid___A001_X146c_Xcc._105702__sci.spw16_18_20_22.cont.I.pbcor.fits
uid___A001_X146c_X95,uid___A001_X146c_Xc7,uid___A001_X146c_Xcc,https://casdc.china-vo.org/mirror/ALMAGAL/2019.1.00195.L/QA2/science_goal.uid___A001_X146c_X95/group.uid___A001_X146c_Xc7/member.uid___A001_X146c_Xcc/product/member.uid___A001_X146c_Xcc._106164__sci.spw16_18_20_22.cont.I.pbcor.fits
uid___A001_X146c_X95,uid___A001_X146c_Xc7,uid___A001_X146c_Xcc,https://casdc.china-vo.org/mirror/ALMAGAL/2019.1.00195.L/QA2/science_goal.uid___A001_X146c_X95/group.uid___A001_X146c_Xc7/member.uid___A001_X146c_Xcc/product/member.uid___A001_X146c_Xcc._106756__sci.spw16_18_20_22.cont.I.pbcor.fits
uid___A001_X146c_X95,uid___A001_X146c_Xc7,uid___A001_X146c_Xcc,https://casdc.china-vo.org/mirror/ALMAGAL/2019.1.00195.L/QA2/science_goal.uid___A001_X146c_X95/group.uid___A001_X146c_Xc7/member.uid___A001_X146c_Xcc/product/member.uid___A001_X146c_Xcc._106819__sci.spw16_18_20_22.cont.I.pbcor.fits
uid___A001_X146c_X95,uid___A001_X146c_Xc7,uid___A001_X146c_Xcc,https://casdc.china-vo.org/mirror/ALMAGAL/2019.1.00195.L/QA2/science_goal.uid___A001_X146c_X95/group.uid___A001_X146c_Xc7/member.uid___A001_X146c_Xcc/product/member.uid___A001_X146c_Xcc._81483__sci.spw16_18_20_22.cont.I.pbcor.fits
uid___A001_X146c_X95,uid___A001_X146c_Xc7,uid___A001_X146c_Xcc,https://casdc.china-vo.org/mirror/ALMAGAL/2019.1.00195.L/QA2/science_goal.uid___A001_X146c_X95/group.uid___A001_X146c_Xc7/member.uid___A001_X146c_Xcc/product/member.uid___A001_X146c_Xcc._81635__sci.spw16_18_20_22.cont.I.pbcor.fits
uid___A001_X146c_X95,uid___A001_X146c_Xc7,uid___A001_X146c_Xcc,https://casdc.china-vo.org/mirror/ALMAGAL/2019.1.00195.L/QA2/science_goal.uid___A001_X146c_X95/group.uid___A001_X146c_Xc7/member.uid___A001_X146c_Xcc/product/member.uid___A001_X146c_Xcc._81793__sci.spw16_18_20_22.cont.I.pbcor.fits
uid___A001_X146c_X95,uid___A001_X146c_Xc7,uid___A001_X146c_Xcc,https://casdc.china-vo.org/mirror/ALMAGAL/2019.1.00195.L/QA2/science_goal.uid___A001_X146c_X95/group.uid___A001_X146c_Xc7/member.uid___A001_X146c_Xcc/product/member.uid___A001_X146c_Xcc._82207__sci.spw16_18_20_22.cont.I.pbcor.fits
uid___A001_X146c_X95,uid___A001_X146c_Xc7,uid___A001_X146c_Xcc,https://casdc.china-vo.org/mirror/ALMAGAL/2019.1.00195.L/QA2/science_goal.uid___A001_X146c_X95/group.uid___A001_X146c_Xc7/member.uid___A001_X146c_Xcc/product/member.uid___A001_X146c_Xcc._82240__sci.spw16_18_20_22.cont.I.pbcor.fits
uid___A001_X146c_X95,uid___A001_X146c_Xc7,uid___A001_X146c_Xcc,https://casdc.china-vo.org/mirror/ALMAGAL/2019.1.00195.L/QA2/science_goal.uid___A001_X146c_X95/group.uid___A001_X146c_Xc7/member.uid___A001_X146c_Xcc/product/member.uid___A001_X146c_Xcc._82445__sci.spw16_18_20_22.cont.I.pbcor.fits
uid___A001_X146c_X95,uid___A001_X146c_Xc7,uid___A001_X146c_Xcc,https://casdc.china-vo.org/mirror/ALMAGAL/2019.1.00195.L/QA2/science_goal.uid___A001_X146c_X95/group.uid___A001_X146c_Xc7/member.uid___A001_X146c_Xcc/product/member.uid___A001_X146c_Xcc._82529__sci.spw16_18_20_22.cont.I.pbcor.fits
uid___A001_X146c_X95,uid___A001_X146c_Xc7,uid___A001_X146c_Xcc,https://casdc.china-vo.org/mirror/ALMAGAL/2019.1.00195.L/QA2/science_goal.uid___A001_X146c_X95/group.uid___A001_X146c_Xc7/member.uid___A001_X146c_Xcc/product/member.uid___A001_X146c_Xcc._82665__sci.spw16_18_20_22.cont.I.pbcor.fits
uid___A001_X146c_X95,uid___A001_X146c_Xc7,uid___A001_X146c_Xcc,https://casdc.china-vo.org/mirror/ALMAGAL/2019.1.00195.L/QA2/science_goal.uid___A001_X146c_X95/group.uid___A001_X146c_Xc7/member.uid___A001_X146c_Xcc/product/member.uid___A001_X146c_Xcc._83968__sci.spw16_18_20_22.cont.I.pbcor.fits
uid___A001_X146c_X95,uid___A001_X146c_Xc7,uid___A001_X146c_Xcc,https://casdc.china-vo.org/mirror/ALMAGAL/2019.1.00195.L/QA2/science_goal.uid___A001_X146c_X95/group.uid___A001_X146c_Xc7/member.uid___A001_X146c_Xcc/product/member.uid___A001_X146c_Xcc._84174__sci.spw16_18_20_22.cont.I.pbcor.fits
uid___A001_X146c_X95,uid___A001_X146c_Xc7,uid___A001_X146c_Xcc,https://casdc.china-vo.org/mirror/ALMAGAL/2019.1.00195.L/QA2/science_goal.uid___A001_X146c_X95/group.uid___A001_X146c_Xc7/member.uid___A001_X146c_Xcc/product/member.uid___A001_X146c_Xcc._84223__sci.spw16_18_20_22.cont.I.pbcor.fits
uid___A001_X146c_X95,uid___A001_X146c_Xc7,uid___A001_X146c_Xcc,https://casdc.china-vo.org/mirror/ALMAGAL/2019.1.00195.L/QA2/science_goal.uid___A001_X146c_X95/group.uid___A001_X146c_Xc7/member.uid___A001_X146c_Xcc/product/member.uid___A001_X146c_Xcc._84612__sci.spw16_18_20_22.cont.I.pbcor.fits
uid___A001_X146c_X95,uid___A001_X146c_Xc7,uid___A001_X146c_Xcc,https://casdc.china-vo.org/mirror/ALMAGAL/2019.1.00195.L/QA2/science_goal.uid___A001_X146c_X95/group.uid___A001_X146c_Xc7/member.uid___A001_X146c_Xcc/product/member.uid___A001_X146c_Xcc._84809__sci.spw16_18_20_22.cont.I.pbcor.fits
uid___A001_X146c_X95,uid___A001_X146c_Xc7,uid___A001_X146c_Xcc,https://casdc.china-vo.org/mirror/ALMAGAL/2019.1.00195.L/QA2/science_goal.uid___A001_X146c_X95/group.uid___A001_X146c_Xc7/member.uid___A001_X146c_Xcc/product/member.uid___A001_X146c_Xcc._85129__sci.spw16_18_20_22.cont.I.pbcor.fits
uid___A001_X146c_X95,uid___A001_X146c_Xc7,uid___A001_X146c_Xcc,https://casdc.china-vo.org/mirror/ALMAGAL/2019.1.00195.L/QA2/science_goal.uid___A001_X146c_X95/group.uid___A001_X146c_Xc7/member.uid___A001_X146c_Xcc/product/member.uid___A001_X146c_Xcc._85234__sci.spw16_18_20_22.cont.I.pbcor.fits
uid___A001_X146c_X95,uid___A001_X146c_Xc7,uid___A001_X146c_Xcc,https://casdc.china-vo.org/mirror/ALMAGAL/2019.1.00195.L/QA2/science_goal.uid___A001_X146c_X95/group.uid___A001_X146c_Xc7/member.uid___A001_X146c_Xcc/product/member.uid___A001_X146c_Xcc._85399__sci.spw16_18_20_22.cont.I.pbcor.fits
uid___A001_X146c_X95,uid___A001_X146c_Xc7,uid___A001_X146c_Xcc,https://casdc.china-vo.org/mirror/ALMAGAL/2019.1.00195.L/QA2/science_goal.uid___A001_X146c_X95/group.uid___A001_X146c_Xc7/member.uid___A001_X146c_Xcc/product/member.uid___A001_X146c_Xcc._85482__sci.spw16_18_20_22.cont.I.pbcor.fits
uid___A001_X146c_X95,uid___A001_X146c_Xc7,uid___A001_X146c_Xcc,https://casdc.china-vo.org/mirror/ALMAGAL/2019.1.00195.L/QA2/science_goal.uid___A001_X146c_X95/group.uid___A001_X146c_Xc7/member.uid___A001_X146c_Xcc/product/member.uid___A001_X146c_Xcc._85625__sci.spw16_18_20_22.cont.I.pbcor.fits
uid___A001_X146c_X95,uid___A001_X146c_Xc7,uid___A001_X146c_Xcc,https://casdc.china-vo.org/mirror/ALMAGAL/2019.1.00195.L/QA2/science_goal.uid___A001_X146c_X95/group.uid___A001_X146c_Xc7/member.uid___A001_X146c_Xcc/product/member.uid___A001_X146c_Xcc._86213__sci.spw16_18_20_22.cont.I.pbcor.fits
uid___A001_X146c_X95,uid___A001_X146c_Xc7,uid___A001_X146c_Xcc,https://casdc.china-vo.org/mirror/ALMAGAL/2019.1.00195.L/QA2/science_goal.uid___A001_X146c_X95/group.uid___A001_X146c_Xc7/member.uid___A001_X146c_Xcc/product/member.uid___A001_X146c_Xcc._88182__sci.spw16_18_20_22.cont.I.pbcor.fits
uid___A001_X146c_X95,uid___A001_X146c_Xc7,uid___A001_X146c_Xcc,https://casdc.china-vo.org/mirror/ALMAGAL/2019.1.00195.L/QA2/science_goal.uid___A001_X146c_X95/group.uid___A001_X146c_Xc7/member.uid___A001_X146c_Xcc/product/member.uid___A001_X146c_Xcc._89378__sci.spw16_18_20_22.cont.I.pbcor.fits
uid___A001_X146c_X95,uid___A001_X146c_Xc7,uid___A001_X146c_Xcc,https://casdc.china-vo.org/mirror/ALMAGAL/2019.1.00195.L/QA2/science_goal.uid___A001_X146c_X95/group.uid___A001_X146c_Xc7/member.uid___A001_X146c_Xcc/product/member.uid___A001_X146c_Xcc._89485__sci.spw16_18_20_22.cont.I.pbcor.fits
uid___A001_X146c_X95,uid___A001_X146c_Xc7,uid___A001_X146c_Xcc,https://casdc.china-vo.org/mirror/ALMAGAL/2019.1.00195.L/QA2/science_goal.uid___A001_X146c_X95/group.uid___A001_X146c_Xc7/member.uid___A001_X146c_Xcc/product/member.uid___A001_X146c_Xcc._89653__sci.spw16_18_20_22.cont.I.pbcor.fits
uid___A001_X146c_X95,uid___A001_X146c_Xc7,uid___A001_X146c_Xcc,https://casdc.china-vo.org/mirror/ALMAGAL/2019.1.00195.L/QA2/science_goal.uid___A001_X146c_X95/group.uid___A001_X146c_Xc7/member.uid___A001_X146c_Xcc/product/member.uid___A001_X146c_Xcc._91182__sci.spw16_18_20_22.cont.I.pbcor.fits
uid___A001_X146c_X95,uid___A001_X146c_Xc7,uid___A001_X146c_Xcc,https://casdc.china-vo.org/mirror/ALMAGAL/2019.1.00195.L/QA2/science_goal.uid___A001_X146c_X95/group.uid___A001_X146c_Xc7/member.uid___A001_X146c_Xcc/product/member.uid___A001_X146c_Xcc._91185__sci.spw16_18_20_22.cont.I.pbcor.fits
uid___A001_X146c_X95,uid___A001_X146c_Xc7,uid___A001_X146c_Xcc,https://casdc.china-vo.org/mirror/ALMAGAL/2019.1.00195.L/QA2/science_goal.uid___A001_X146c_X95/group.uid___A001_X146c_Xc7/member.uid___A001_X146c_Xcc/product/member.uid___A001_X146c_Xcc._92304__sci.spw16_18_20_22.cont.I.pbcor.fits
uid___A001_X146c_X95,uid___A001_X146c_Xc7,uid___A001_X146c_Xcc,https://casdc.china-vo.org/mirror/ALMAGAL/2019.1.00195.L/QA2/science_goal.uid___A001_X146c_X95/group.uid___A001_X146c_Xc7/member.uid___A001_X146c_Xcc/product/member.uid___A001_X146c_Xcc._92392__sci.spw16_18_20_22.cont.I.pbcor.fits
uid___A001_X146c_X95,uid___A001_X146c_Xc7,uid___A001_X146c_Xcc,https://casdc.china-vo.org/mirror/ALMAGAL/2019.1.00195.L/QA2/science_goal.uid___A001_X146c_X95/group.uid___A001_X146c_Xc7/member.uid___A001_X146c_Xcc/product/member.uid___A001_X146c_Xcc._92527__sci.spw16_18_20_22.cont.I.pbcor.fits
uid___A001_X146c_X95,uid___A001_X146c_Xc7,uid___A001_X146c_Xcc,https://casdc.china-vo.org/mirror/ALMAGAL/2019.1.00195.L/QA2/science_goal.uid___A001_X146c_X95/group.uid___A001_X146c_Xc7/member.uid___A001_X146c_Xcc/product/member.uid___A001_X146c_Xcc._94993__sci.spw16_18_20_22.cont.I.pbcor.fits
uid___A001_X146c_X95,uid___A001_X146c_Xc7,uid___A001_X146c_Xcc,https://casdc.china-vo.org/mirror/ALMAGAL/2019.1.00195.L/QA2/science_goal.uid___A001_X146c_X95/group.uid___A001_X146c_Xc7/member.uid___A001_X146c_Xcc/product/member.uid___A001_X146c_Xcc._97293__sci.spw16_18_20_22.cont.I.pbcor.fits
uid___A001_X146c_X95,uid___A001_X146c_Xc7,uid___A001_X146c_Xcc,https://casdc.china-vo.org/mirror/ALMAGAL/2019.1.00195.L/QA2/science_goal.uid___A001_X146c_X95/group.uid___A001_X146c_Xc7/member.uid___A001_X146c_Xcc/product/member.uid___A001_X146c_Xcc._97359__sci.spw16_18_20_22.cont.I.pbcor.fits
uid___A001_X146c_X95,uid___A001_X146c_Xc7,uid___A001_X146c_Xcc,https://casdc.china-vo.org/mirror/ALMAGAL/2019.1.00195.L/QA2/science_goal.uid___A001_X146c_X95/group.uid___A001_X146c_Xc7/member.uid___A001_X146c_Xcc/product/member.uid___A001_X146c_Xcc._97468__sci.spw16_18_20_22.cont.I.pbcor.fits
uid___A001_X146c_X95,uid___A001_X146c_Xc7,uid___A001_X146c_Xcc,https://casdc.china-vo.org/mirror/ALMAGAL/2019.1.00195.L/QA2/science_goal.uid___A001_X146c_X95/group.uid___A001_X146c_Xc7/member.uid___A001_X146c_Xcc/product/member.uid___A001_X146c_Xcc._99088__sci.spw16_18_20_22.cont.I.pbcor.fits
uid___A001_X146c_X95,uid___A001_X146c_Xc7,uid___A001_X146c_Xcc,https://casdc.china-vo.org/mirror/ALMAGAL/2019.1.00195.L/QA2/science_goal.uid___A001_X146c_X95/group.uid___A001_X146c_Xc7/member.uid___A001_X146c_Xcc/product/member.uid___A001_X146c_Xcc._99130__sci.spw16_18_20_22.cont.I.pbcor.fits
uid___A001_X146c_X95,uid___A001_X146c_Xc7,uid___A001_X146c_Xcc,https://casdc.china-vo.org/mirror/ALMAGAL/2019.1.00195.L/QA2/science_goal.uid___A001_X146c_X95/group.uid___A001_X146c_Xc7/member.uid___A001_X146c_Xcc/product/member.uid___A001_X146c_Xcc._99331__sci.spw16_18_20_22.cont.I.pbcor.fits
uid___A001_X146c_X95,uid___A001_X146c_Xc7,uid___A001_X146c_Xcc,https://casdc.china-vo.org/mirror/ALMAGAL/2019.1.00195.L/QA2/science_goal.uid___A001_X146c_X95/group.uid___A001_X146c_Xc7/member.uid___A001_X146c_Xcc/product/member.uid___A001_X146c_Xcc._99811__sci.spw16_18_20_22.cont.I.pbcor.fits
uid___A001_X146c_X95,uid___A001_X146c_Xc7,uid___A001_X146c_Xcc,https://casdc.china-vo.org/mirror/ALMAGAL/2019.1.00195.L/QA2/science_goal.uid___A001_X146c_X95/group.uid___A001_X146c_Xc7/member.uid___A001_X146c_Xcc/product/member.uid___A001_X146c_Xcc._99822__sci.spw16_18_20_22.cont.I.pbcor.fits
uid___A001_X146c_X95,uid___A001_X146c_Xc7,uid___A001_X146c_Xcc,https://casdc.china-vo.org/mirror/ALMAGAL/2019.1.00195.L/QA2/science_goal.uid___A001_X146c_X95/group.uid___A001_X146c_Xc7/member.uid___A001_X146c_Xcc/product/member.uid___A001_X146c_Xcc._99951__sci.spw16_18_20_22.cont.I.pbcor.fits
uid___A001_X146c_X95,uid___A001_X146c_Xc7,uid___A001_X146c_Xcc,https://casdc.china-vo.org/mirror/ALMAGAL/2019.1.00195.L/QA2/science_goal.uid___A001_X146c_X95/group.uid___A001_X146c_Xc7/member.uid___A001_X146c_Xcc/product/member.uid___A001_X146c_Xcc._G018.3706-00.3818__sci.spw16_18_20_22.cont.I.pbcor.fits
uid___A001_X146c_X95,uid___A001_X146c_Xc7,uid___A001_X146c_Xcc,https://casdc.china-vo.org/mirror/ALMAGAL/2019.1.00195.L/QA2/science_goal.uid___A001_X146c_X95/group.uid___A001_X146c_Xc7/member.uid___A001_X146c_Xcc/product/member.uid___A001_X146c_Xcc._G019.8922p00.1023__sci.spw16_18_20_22.cont.I.pbcor.fits
uid___A001_X146c_X95,uid___A001_X146c_Xc7,uid___A001_X146c_Xcc,https://casdc.china-vo.org/mirror/ALMAGAL/2019.1.00195.L/QA2/science_goal.uid___A001_X146c_X95/group.uid___A001_X146c_Xc7/member.uid___A001_X146c_Xcc/product/member.uid___A001_X146c_Xcc._G019.9224-00.2577__sci.spw16_18_20_22.cont.I.pbcor.fits
uid___A001_X146c_X95,uid___A001_X146c_Xc7,uid___A001_X146c_Xcc,https://casdc.china-vo.org/mirror/ALMAGAL/2019.1.00195.L/QA2/science_goal.uid___A001_X146c_X95/group.uid___A001_X146c_Xc7/member.uid___A001_X146c_Xcc/product/member.uid___A001_X146c_Xcc._G019.9386-00.2079__sci.spw16_18_20_22.cont.I.pbcor.fits
uid___A001_X146c_X95,uid___A001_X146c_Xc7,uid___A001_X146c_Xcc,https://casdc.china-vo.org/mirror/ALMAGAL/2019.1.00195.L/QA2/science_goal.uid___A001_X146c_X95/group.uid___A001_X146c_Xc7/member.uid___A001_X146c_Xcc/product/member.uid___A001_X146c_Xcc._G023.3891p00.1851__sci.spw16_18_20_22.cont.I.pbcor.fits
uid___A001_X146c_X95,uid___A001_X146c_Xc7,uid___A001_X146c_Xcc,https://casdc.china-vo.org/mirror/ALMAGAL/2019.1.00195.L/QA2/science_goal.uid___A001_X146c_X95/group.uid___A001_X146c_Xc7/member.uid___A001_X146c_Xcc/product/member.uid___A001_X146c_Xcc._G023.6566-00.1273__sci.spw16_18_20_22.cont.I.pbcor.fits
uid___A001_X146c_X95,uid___A001_X146c_Xc7,uid___A001_X146c_Xcc,https://casdc.china-vo.org/mirror/ALMAGAL/2019.1.00195.L/QA2/science_goal.uid___A001_X146c_X95/group.uid___A001_X146c_Xc7/member.uid___A001_X146c_Xcc/product/member.uid___A001_X146c_Xcc._G023.8176p00.3841__sci.spw16_18_20_22.cont.I.pbcor.fits
uid___A001_X146c_X95,uid___A001_X146c_Xce,uid___A001_X146c_Xcf,https://casdc.china-vo.org/mirror/ALMAGAL/2019.1.00195.L/QA2/science_goal.uid___A001_X146c_X95/group.uid___A001_X146c_Xce/member.uid___A001_X146c_Xcf/product/member.uid___A001_X146c_Xcf._46677__sci.spw25_27_29_31.cont.I.pbcor.fits
uid___A001_X146c_X95,uid___A001_X146c_Xce,uid___A001_X146c_Xcf,https://casdc.china-vo.org/mirror/ALMAGAL/2019.1.00195.L/QA2/science_goal.uid___A001_X146c_X95/group.uid___A001_X146c_Xce/member.uid___A001_X146c_Xcf/product/member.uid___A001_X146c_Xcf._59262__sci.spw25_27_29_31.cont.I.pbcor.fits
uid___A001_X146c_X95,uid___A001_X146c_Xce,uid___A001_X146c_Xcf,https://casdc.china-vo.org/mirror/ALMAGAL/2019.1.00195.L/QA2/science_goal.uid___A001_X146c_X95/group.uid___A001_X146c_Xce/member.uid___A001_X146c_Xcf/product/member.uid___A001_X146c_Xcf._59542__sci.spw25_27_29_31.cont.I.pbcor.fits
uid___A001_X146c_X95,uid___A001_X146c_Xce,uid___A001_X146c_Xcf,https://casdc.china-vo.org/mirror/ALMAGAL/2019.1.00195.L/QA2/science_goal.uid___A001_X146c_X95/group.uid___A001_X146c_Xce/member.uid___A001_X146c_Xcf/product/member.uid___A001_X146c_Xcf._62306__sci.spw25_27_29_31.cont.I.pbcor.fits
uid___A001_X146c_X95,uid___A001_X146c_Xce,uid___A001_X146c_Xcf,https://casdc.china-vo.org/mirror/ALMAGAL/2019.1.00195.L/QA2/science_goal.uid___A001_X146c_X95/group.uid___A001_X146c_Xce/member.uid___A001_X146c_Xcf/product/member.uid___A001_X146c_Xcf._75426__sci.spw25_27_29_31.cont.I.pbcor.fits
uid___A001_X146c_X95,uid___A001_X146c_Xce,uid___A001_X146c_Xcf,https://casdc.china-vo.org/mirror/ALMAGAL/2019.1.00195.L/QA2/science_goal.uid___A001_X146c_X95/group.uid___A001_X146c_Xce/member.uid___A001_X146c_Xcf/product/member.uid___A001_X146c_Xcf._G010.3208-00.1570B__sci.spw25_27_29_31.cont.I.pbcor.fits
uid___A001_X146c_X95,uid___A001_X146c_Xce,uid___A001_X146c_Xd1,https://casdc.china-vo.org/mirror/ALMAGAL/2019.1.00195.L/QA2/science_goal.uid___A001_X146c_X95/group.uid___A001_X146c_Xce/member.uid___A001_X146c_Xd1/product/member.uid___A001_X146c_Xd1._46677__sci.spw25_27_29_31.cont.I.pbcor.fits
uid___A001_X146c_X95,uid___A001_X146c_Xce,uid___A001_X146c_Xd1,https://casdc.china-vo.org/mirror/ALMAGAL/2019.1.00195.L/QA2/science_goal.uid___A001_X146c_X95/group.uid___A001_X146c_Xce/member.uid___A001_X146c_Xd1/product/member.uid___A001_X146c_Xd1._46696__sci.spw25_27_29_31.cont.I.pbcor.fits
uid___A001_X146c_X95,uid___A001_X146c_Xce,uid___A001_X146c_Xd1,https://casdc.china-vo.org/mirror/ALMAGAL/2019.1.00195.L/QA2/science_goal.uid___A001_X146c_X95/group.uid___A001_X146c_Xce/member.uid___A001_X146c_Xd1/product/member.uid___A001_X146c_Xd1._47184__sci.spw25_27_29_31.cont.I.pbcor.fits
uid___A001_X146c_X95,uid___A001_X146c_Xce,uid___A001_X146c_Xd1,https://casdc.china-vo.org/mirror/ALMAGAL/2019.1.00195.L/QA2/science_goal.uid___A001_X146c_X95/group.uid___A001_X146c_Xce/member.uid___A001_X146c_Xd1/product/member.uid___A001_X146c_Xd1._49005__sci.spw25_27_29_31.cont.I.pbcor.fits
uid___A001_X146c_X95,uid___A001_X146c_Xce,uid___A001_X146c_Xd1,https://casdc.china-vo.org/mirror/ALMAGAL/2019.1.00195.L/QA2/science_goal.uid___A001_X146c_X95/group.uid___A001_X146c_Xce/member.uid___A001_X146c_Xd1/product/member.uid___A001_X146c_Xd1._49337__sci.spw25_27_29_31.cont.I.pbcor.fits
uid___A001_X146c_X95,uid___A001_X146c_Xce,uid___A001_X146c_Xd1,https://casdc.china-vo.org/mirror/ALMAGAL/2019.1.00195.L/QA2/science_goal.uid___A001_X146c_X95/group.uid___A001_X146c_Xce/member.uid___A001_X146c_Xd1/product/member.uid___A001_X146c_Xd1._50433__sci.spw25_27_29_31.cont.I.pbcor.fits
uid___A001_X146c_X95,uid___A001_X146c_Xce,uid___A001_X146c_Xd1,https://casdc.china-vo.org/mirror/ALMAGAL/2019.1.00195.L/QA2/science_goal.uid___A001_X146c_X95/group.uid___A001_X146c_Xce/member.uid___A001_X146c_Xd1/product/member.uid___A001_X146c_Xd1._50555__sci.spw25_27_29_31.cont.I.pbcor.fits
uid___A001_X146c_X95,uid___A001_X146c_Xce,uid___A001_X146c_Xd1,https://casdc.china-vo.org/mirror/ALMAGAL/2019.1.00195.L/QA2/science_goal.uid___A001_X146c_X95/group.uid___A001_X146c_Xce/member.uid___A001_X146c_Xd1/product/member.uid___A001_X146c_Xd1._51020__sci.spw25_27_29_31.cont.I.pbcor.fits
uid___A001_X146c_X95,uid___A001_X146c_Xce,uid___A001_X146c_Xd1,https://casdc.china-vo.org/mirror/ALMAGAL/2019.1.00195.L/QA2/science_goal.uid___A001_X146c_X95/group.uid___A001_X146c_Xce/member.uid___A001_X146c_Xd1/product/member.uid___A001_X146c_Xd1._52831__sci.spw25_27_29_31.cont.I.pbcor.fits
uid___A001_X146c_X95,uid___A001_X146c_Xce,uid___A001_X146c_Xd1,https://casdc.china-vo.org/mirror/ALMAGAL/2019.1.00195.L/QA2/science_goal.uid___A001_X146c_X95/group.uid___A001_X146c_Xce/member.uid___A001_X146c_Xd1/product/member.uid___A001_X146c_Xd1._53795__sci.spw25_27_29_31.cont.I.pbcor.fits
uid___A001_X146c_X95,uid___A001_X146c_Xce,uid___A001_X146c_Xd1,https://casdc.china-vo.org/mirror/ALMAGAL/2019.1.00195.L/QA2/science_goal.uid___A001_X146c_X95/group.uid___A001_X146c_Xce/member.uid___A001_X146c_Xd1/product/member.uid___A001_X146c_Xd1._53869__sci.spw25_27_29_31.cont.I.pbcor.fits
uid___A001_X146c_X95,uid___A001_X146c_Xce,uid___A001_X146c_Xd1,https://casdc.china-vo.org/mirror/ALMAGAL/2019.1.00195.L/QA2/science_goal.uid___A001_X146c_X95/group.uid___A001_X146c_Xce/member.uid___A001_X146c_Xd1/product/member.uid___A001_X146c_Xd1._54001__sci.spw25_27_29_31.cont.I.pbcor.fits
uid___A001_X146c_X95,uid___A001_X146c_Xce,uid___A001_X146c_Xd1,https://casdc.china-vo.org/mirror/ALMAGAL/2019.1.00195.L/QA2/science_goal.uid___A001_X146c_X95/group.uid___A001_X146c_Xce/member.uid___A001_X146c_Xd1/product/member.uid___A001_X146c_Xd1._55190__sci.spw25_27_29_31.cont.I.pbcor.fits
uid___A001_X146c_X95,uid___A001_X146c_Xce,uid___A001_X146c_Xd1,https://casdc.china-vo.org/mirror/ALMAGAL/2019.1.00195.L/QA2/science_goal.uid___A001_X146c_X95/group.uid___A001_X146c_Xce/member.uid___A001_X146c_Xd1/product/member.uid___A001_X146c_Xd1._55288__sci.spw25_27_29_31.cont.I.pbcor.fits
uid___A001_X146c_X95,uid___A001_X146c_Xce,uid___A001_X146c_Xd1,https://casdc.china-vo.org/mirror/ALMAGAL/2019.1.00195.L/QA2/science_goal.uid___A001_X146c_X95/group.uid___A001_X146c_Xce/member.uid___A001_X146c_Xd1/product/member.uid___A001_X146c_Xd1._56184__sci.spw25_27_29_31.cont.I.pbcor.fits
uid___A001_X146c_X95,uid___A001_X146c_Xce,uid___A001_X146c_Xd1,https://casdc.china-vo.org/mirror/ALMAGAL/2019.1.00195.L/QA2/science_goal.uid___A001_X146c_X95/group.uid___A001_X146c_Xce/member.uid___A001_X146c_Xd1/product/member.uid___A001_X146c_Xd1._56634__sci.spw25_27_29_31.cont.I.pbcor.fits
uid___A001_X146c_X95,uid___A001_X146c_Xce,uid___A001_X146c_Xd1,https://casdc.china-vo.org/mirror/ALMAGAL/2019.1.00195.L/QA2/science_goal.uid___A001_X146c_X95/group.uid___A001_X146c_Xce/member.uid___A001_X146c_Xd1/product/member.uid___A001_X146c_Xd1._56859__sci.spw25_27_29_31.cont.I.pbcor.fits
uid___A001_X146c_X95,uid___A001_X146c_Xce,uid___A001_X146c_Xd1,https://casdc.china-vo.org/mirror/ALMAGAL/2019.1.00195.L/QA2/science_goal.uid___A001_X146c_X95/group.uid___A001_X146c_Xce/member.uid___A001_X146c_Xd1/product/member.uid___A001_X146c_Xd1._57335__sci.spw25_27_29_31.cont.I.pbcor.fits
uid___A001_X146c_X95,uid___A001_X146c_Xce,uid___A001_X146c_Xd1,https://casdc.china-vo.org/mirror/ALMAGAL/2019.1.00195.L/QA2/science_goal.uid___A001_X146c_X95/group.uid___A001_X146c_Xce/member.uid___A001_X146c_Xd1/product/member.uid___A001_X146c_Xd1._57596__sci.spw25_27_29_31.cont.I.pbcor.fits
uid___A001_X146c_X95,uid___A001_X146c_Xce,uid___A001_X146c_Xd1,https://casdc.china-vo.org/mirror/ALMAGAL/2019.1.00195.L/QA2/science_goal.uid___A001_X146c_X95/group.uid___A001_X146c_Xce/member.uid___A001_X146c_Xd1/product/member.uid___A001_X146c_Xd1._57641__sci.spw25_27_29_31.cont.I.pbcor.fits
uid___A001_X146c_X95,uid___A001_X146c_Xce,uid___A001_X146c_Xd1,https://casdc.china-vo.org/mirror/ALMAGAL/2019.1.00195.L/QA2/science_goal.uid___A001_X146c_X95/group.uid___A001_X146c_Xce/member.uid___A001_X146c_Xd1/product/member.uid___A001_X146c_Xd1._58312__sci.spw25_27_29_31.cont.I.pbcor.fits
uid___A001_X146c_X95,uid___A001_X146c_Xce,uid___A001_X146c_Xd1,https://casdc.china-vo.org/mirror/ALMAGAL/2019.1.00195.L/QA2/science_goal.uid___A001_X146c_X95/group.uid___A001_X146c_Xce/member.uid___A001_X146c_Xd1/product/member.uid___A001_X146c_Xd1._58516__sci.spw25_27_29_31.cont.I.pbcor.fits
uid___A001_X146c_X95,uid___A001_X146c_Xce,uid___A001_X146c_Xd1,https://casdc.china-vo.org/mirror/ALMAGAL/2019.1.00195.L/QA2/science_goal.uid___A001_X146c_X95/group.uid___A001_X146c_Xce/member.uid___A001_X146c_Xd1/product/member.uid___A001_X146c_Xd1._58549__sci.spw25_27_29_31.cont.I.pbcor.fits
uid___A001_X146c_X95,uid___A001_X146c_Xce,uid___A001_X146c_Xd1,https://casdc.china-vo.org/mirror/ALMAGAL/2019.1.00195.L/QA2/science_goal.uid___A001_X146c_X95/group.uid___A001_X146c_Xce/member.uid___A001_X146c_Xd1/product/member.uid___A001_X146c_Xd1._58583__sci.spw25_27_29_31.cont.I.pbcor.fits
uid___A001_X146c_X95,uid___A001_X146c_Xce,uid___A001_X146c_Xd1,https://casdc.china-vo.org/mirror/ALMAGAL/2019.1.00195.L/QA2/science_goal.uid___A001_X146c_X95/group.uid___A001_X146c_Xce/member.uid___A001_X146c_Xd1/product/member.uid___A001_X146c_Xd1._58971__sci.spw25_27_29_31.cont.I.pbcor.fits
uid___A001_X146c_X95,uid___A001_X146c_Xce,uid___A001_X146c_Xd1,https://casdc.china-vo.org/mirror/ALMAGAL/2019.1.00195.L/QA2/science_goal.uid___A001_X146c_X95/group.uid___A001_X146c_Xce/member.uid___A001_X146c_Xd1/product/member.uid___A001_X146c_Xd1._59262__sci.spw25_27_29_31.cont.I.pbcor.fits
uid___A001_X146c_X95,uid___A001_X146c_Xce,uid___A001_X146c_Xd1,https://casdc.china-vo.org/mirror/ALMAGAL/2019.1.00195.L/QA2/science_goal.uid___A001_X146c_X95/group.uid___A001_X146c_Xce/member.uid___A001_X146c_Xd1/product/member.uid___A001_X146c_Xd1._59390__sci.spw25_27_29_31.cont.I.pbcor.fits
uid___A001_X146c_X95,uid___A001_X146c_Xce,uid___A001_X146c_Xd1,https://casdc.china-vo.org/mirror/ALMAGAL/2019.1.00195.L/QA2/science_goal.uid___A001_X146c_X95/group.uid___A001_X146c_Xce/member.uid___A001_X146c_Xd1/product/member.uid___A001_X146c_Xd1._59542__sci.spw25_27_29_31.cont.I.pbcor.fits
uid___A001_X146c_X95,uid___A001_X146c_Xce,uid___A001_X146c_Xd1,https://casdc.china-vo.org/mirror/ALMAGAL/2019.1.00195.L/QA2/science_goal.uid___A001_X146c_X95/group.uid___A001_X146c_Xce/member.uid___A001_X146c_Xd1/product/member.uid___A001_X146c_Xd1._59561__sci.spw25_27_29_31.cont.I.pbcor.fits
uid___A001_X146c_X95,uid___A001_X146c_Xce,uid___A001_X146c_Xd1,https://casdc.china-vo.org/mirror/ALMAGAL/2019.1.00195.L/QA2/science_goal.uid___A001_X146c_X95/group.uid___A001_X146c_Xce/member.uid___A001_X146c_Xd1/product/member.uid___A001_X146c_Xd1._59672__sci.spw25_27_29_31.cont.I.pbcor.fits
uid___A001_X146c_X95,uid___A001_X146c_Xce,uid___A001_X146c_Xd1,https://casdc.china-vo.org/mirror/ALMAGAL/2019.1.00195.L/QA2/science_goal.uid___A001_X146c_X95/group.uid___A001_X146c_Xce/member.uid___A001_X146c_Xd1/product/member.uid___A001_X146c_Xd1._59679__sci.spw25_27_29_31.cont.I.pbcor.fits
uid___A001_X146c_X95,uid___A001_X146c_Xce,uid___A001_X146c_Xd1,https://casdc.china-vo.org/mirror/ALMAGAL/2019.1.00195.L/QA2/science_goal.uid___A001_X146c_X95/group.uid___A001_X146c_Xce/member.uid___A001_X146c_Xd1/product/member.uid___A001_X146c_Xd1._59799__sci.spw25_27_29_31.cont.I.pbcor.fits
uid___A001_X146c_X95,uid___A001_X146c_Xce,uid___A001_X146c_Xd1,https://casdc.china-vo.org/mirror/ALMAGAL/2019.1.00195.L/QA2/science_goal.uid___A001_X146c_X95/group.uid___A001_X146c_Xce/member.uid___A001_X146c_Xd1/product/member.uid___A001_X146c_Xd1._59900__sci.spw25_27_29_31.cont.I.pbcor.fits
uid___A001_X146c_X95,uid___A001_X146c_Xce,uid___A001_X146c_Xd1,https://casdc.china-vo.org/mirror/ALMAGAL/2019.1.00195.L/QA2/science_goal.uid___A001_X146c_X95/group.uid___A001_X146c_Xce/member.uid___A001_X146c_Xd1/product/member.uid___A001_X146c_Xd1._60053__sci.spw25_27_29_31.cont.I.pbcor.fits
uid___A001_X146c_X95,uid___A001_X146c_Xce,uid___A001_X146c_Xd1,https://casdc.china-vo.org/mirror/ALMAGAL/2019.1.00195.L/QA2/science_goal.uid___A001_X146c_X95/group.uid___A001_X146c_Xce/member.uid___A001_X146c_Xd1/product/member.uid___A001_X146c_Xd1._60104__sci.spw25_27_29_31.cont.I.pbcor.fits
uid___A001_X146c_X95,uid___A001_X146c_Xce,uid___A001_X146c_Xd1,https://casdc.china-vo.org/mirror/ALMAGAL/2019.1.00195.L/QA2/science_goal.uid___A001_X146c_X95/group.uid___A001_X146c_Xce/member.uid___A001_X146c_Xd1/product/member.uid___A001_X146c_Xd1._60181__sci.spw25_27_29_31.cont.I.pbcor.fits
uid___A001_X146c_X95,uid___A001_X146c_Xce,uid___A001_X146c_Xd1,https://casdc.china-vo.org/mirror/ALMAGAL/2019.1.00195.L/QA2/science_goal.uid___A001_X146c_X95/group.uid___A001_X146c_Xce/member.uid___A001_X146c_Xd1/product/member.uid___A001_X146c_Xd1._61664__sci.spw25_27_29_31.cont.I.pbcor.fits
uid___A001_X146c_X95,uid___A001_X146c_Xce,uid___A001_X146c_Xd1,https://casdc.china-vo.org/mirror/ALMAGAL/2019.1.00195.L/QA2/science_goal.uid___A001_X146c_X95/group.uid___A001_X146c_Xce/member.uid___A001_X146c_Xd1/product/member.uid___A001_X146c_Xd1._62002__sci.spw25_27_29_31.cont.I.pbcor.fits
uid___A001_X146c_X95,uid___A001_X146c_Xce,uid___A001_X146c_Xd1,https://casdc.china-vo.org/mirror/ALMAGAL/2019.1.00195.L/QA2/science_goal.uid___A001_X146c_X95/group.uid___A001_X146c_Xce/member.uid___A001_X146c_Xd1/product/member.uid___A001_X146c_Xd1._62026__sci.spw25_27_29_31.cont.I.pbcor.fits
uid___A001_X146c_X95,uid___A001_X146c_Xce,uid___A001_X146c_Xd1,https://casdc.china-vo.org/mirror/ALMAGAL/2019.1.00195.L/QA2/science_goal.uid___A001_X146c_X95/group.uid___A001_X146c_Xce/member.uid___A001_X146c_Xd1/product/member.uid___A001_X146c_Xd1._62306__sci.spw25_27_29_31.cont.I.pbcor.fits
uid___A001_X146c_X95,uid___A001_X146c_Xce,uid___A001_X146c_Xd1,https://casdc.china-vo.org/mirror/ALMAGAL/2019.1.00195.L/QA2/science_goal.uid___A001_X146c_X95/group.uid___A001_X146c_Xce/member.uid___A001_X146c_Xd1/product/member.uid___A001_X146c_Xd1._62789__sci.spw25_27_29_31.cont.I.pbcor.fits
uid___A001_X146c_X95,uid___A001_X146c_Xce,uid___A001_X146c_Xd1,https://casdc.china-vo.org/mirror/ALMAGAL/2019.1.00195.L/QA2/science_goal.uid___A001_X146c_X95/group.uid___A001_X146c_Xce/member.uid___A001_X146c_Xd1/product/member.uid___A001_X146c_Xd1._62842__sci.spw25_27_29_31.cont.I.pbcor.fits
uid___A001_X146c_X95,uid___A001_X146c_Xce,uid___A001_X146c_Xd1,https://casdc.china-vo.org/mirror/ALMAGAL/2019.1.00195.L/QA2/science_goal.uid___A001_X146c_X95/group.uid___A001_X146c_Xce/member.uid___A001_X146c_Xd1/product/member.uid___A001_X146c_Xd1._63723__sci.spw25_27_29_31.cont.I.pbcor.fits
uid___A001_X146c_X95,uid___A001_X146c_Xce,uid___A001_X146c_Xd1,https://casdc.china-vo.org/mirror/ALMAGAL/2019.1.00195.L/QA2/science_goal.uid___A001_X146c_X95/group.uid___A001_X146c_Xce/member.uid___A001_X146c_Xd1/product/member.uid___A001_X146c_Xd1._64993__sci.spw25_27_29_31.cont.I.pbcor.fits
uid___A001_X146c_X95,uid___A001_X146c_Xce,uid___A001_X146c_Xd1,https://casdc.china-vo.org/mirror/ALMAGAL/2019.1.00195.L/QA2/science_goal.uid___A001_X146c_X95/group.uid___A001_X146c_Xce/member.uid___A001_X146c_Xd1/product/member.uid___A001_X146c_Xd1._65040__sci.spw25_27_29_31.cont.I.pbcor.fits
uid___A001_X146c_X95,uid___A001_X146c_Xce,uid___A001_X146c_Xd1,https://casdc.china-vo.org/mirror/ALMAGAL/2019.1.00195.L/QA2/science_goal.uid___A001_X146c_X95/group.uid___A001_X146c_Xce/member.uid___A001_X146c_Xd1/product/member.uid___A001_X146c_Xd1._65099__sci.spw25_27_29_31.cont.I.pbcor.fits
uid___A001_X146c_X95,uid___A001_X146c_Xce,uid___A001_X146c_Xd1,https://casdc.china-vo.org/mirror/ALMAGAL/2019.1.00195.L/QA2/science_goal.uid___A001_X146c_X95/group.uid___A001_X146c_Xce/member.uid___A001_X146c_Xd1/product/member.uid___A001_X146c_Xd1._65249__sci.spw25_27_29_31.cont.I.pbcor.fits
uid___A001_X146c_X95,uid___A001_X146c_Xce,uid___A001_X146c_Xd1,https://casdc.china-vo.org/mirror/ALMAGAL/2019.1.00195.L/QA2/science_goal.uid___A001_X146c_X95/group.uid___A001_X146c_Xce/member.uid___A001_X146c_Xd1/product/member.uid___A001_X146c_Xd1._65985__sci.spw25_27_29_31.cont.I.pbcor.fits
uid___A001_X146c_X95,uid___A001_X146c_Xce,uid___A001_X146c_Xd1,https://casdc.china-vo.org/mirror/ALMAGAL/2019.1.00195.L/QA2/science_goal.uid___A001_X146c_X95/group.uid___A001_X146c_Xce/member.uid___A001_X146c_Xd1/product/member.uid___A001_X146c_Xd1._66149__sci.spw25_27_29_31.cont.I.pbcor.fits
uid___A001_X146c_X95,uid___A001_X146c_Xce,uid___A001_X146c_Xd1,https://casdc.china-vo.org/mirror/ALMAGAL/2019.1.00195.L/QA2/science_goal.uid___A001_X146c_X95/group.uid___A001_X146c_Xce/member.uid___A001_X146c_Xd1/product/member.uid___A001_X146c_Xd1._66261__sci.spw25_27_29_31.cont.I.pbcor.fits
uid___A001_X146c_X95,uid___A001_X146c_Xce,uid___A001_X146c_Xd1,https://casdc.china-vo.org/mirror/ALMAGAL/2019.1.00195.L/QA2/science_goal.uid___A001_X146c_X95/group.uid___A001_X146c_Xce/member.uid___A001_X146c_Xd1/product/member.uid___A001_X146c_Xd1._70080__sci.spw25_27_29_31.cont.I.pbcor.fits
uid___A001_X146c_X95,uid___A001_X146c_Xce,uid___A001_X146c_Xd1,https://casdc.china-vo.org/mirror/ALMAGAL/2019.1.00195.L/QA2/science_goal.uid___A001_X146c_X95/group.uid___A001_X146c_Xce/member.uid___A001_X146c_Xd1/product/member.uid___A001_X146c_Xd1._70706__sci.spw25_27_29_31.cont.I.pbcor.fits
uid___A001_X146c_X95,uid___A001_X146c_Xce,uid___A001_X146c_Xd1,https://casdc.china-vo.org/mirror/ALMAGAL/2019.1.00195.L/QA2/science_goal.uid___A001_X146c_X95/group.uid___A001_X146c_Xce/member.uid___A001_X146c_Xd1/product/member.uid___A001_X146c_Xd1._72942__sci.spw25_27_29_31.cont.I.pbcor.fits
uid___A001_X146c_X95,uid___A001_X146c_Xce,uid___A001_X146c_Xd1,https://casdc.china-vo.org/mirror/ALMAGAL/2019.1.00195.L/QA2/science_goal.uid___A001_X146c_X95/group.uid___A001_X146c_Xce/member.uid___A001_X146c_Xd1/product/member.uid___A001_X146c_Xd1._73047__sci.spw25_27_29_31.cont.I.pbcor.fits
uid___A001_X146c_X95,uid___A001_X146c_Xce,uid___A001_X146c_Xd1,https://casdc.china-vo.org/mirror/ALMAGAL/2019.1.00195.L/QA2/science_goal.uid___A001_X146c_X95/group.uid___A001_X146c_Xce/member.uid___A001_X146c_Xd1/product/member.uid___A001_X146c_Xd1._73276__sci.spw25_27_29_31.cont.I.pbcor.fits
uid___A001_X146c_X95,uid___A001_X146c_Xce,uid___A001_X146c_Xd1,https://casdc.china-vo.org/mirror/ALMAGAL/2019.1.00195.L/QA2/science_goal.uid___A001_X146c_X95/group.uid___A001_X146c_Xce/member.uid___A001_X146c_Xd1/product/member.uid___A001_X146c_Xd1._73706__sci.spw25_27_29_31.cont.I.pbcor.fits
uid___A001_X146c_X95,uid___A001_X146c_Xce,uid___A001_X146c_Xd1,https://casdc.china-vo.org/mirror/ALMAGAL/2019.1.00195.L/QA2/science_goal.uid___A001_X146c_X95/group.uid___A001_X146c_Xce/member.uid___A001_X146c_Xd1/product/member.uid___A001_X146c_Xd1._74026__sci.spw25_27_29_31.cont.I.pbcor.fits
uid___A001_X146c_X95,uid___A001_X146c_Xce,uid___A001_X146c_Xd1,https://casdc.china-vo.org/mirror/ALMAGAL/2019.1.00195.L/QA2/science_goal.uid___A001_X146c_X95/group.uid___A001_X146c_Xce/member.uid___A001_X146c_Xd1/product/member.uid___A001_X146c_Xd1._74335__sci.spw25_27_29_31.cont.I.pbcor.fits
uid___A001_X146c_X95,uid___A001_X146c_Xce,uid___A001_X146c_Xd1,https://casdc.china-vo.org/mirror/ALMAGAL/2019.1.00195.L/QA2/science_goal.uid___A001_X146c_X95/group.uid___A001_X146c_Xce/member.uid___A001_X146c_Xd1/product/member.uid___A001_X146c_Xd1._74698__sci.spw25_27_29_31.cont.I.pbcor.fits
uid___A001_X146c_X95,uid___A001_X146c_Xce,uid___A001_X146c_Xd1,https://casdc.china-vo.org/mirror/ALMAGAL/2019.1.00195.L/QA2/science_goal.uid___A001_X146c_X95/group.uid___A001_X146c_Xce/member.uid___A001_X146c_Xd1/product/member.uid___A001_X146c_Xd1._75326__sci.spw25_27_29_31.cont.I.pbcor.fits
uid___A001_X146c_X95,uid___A001_X146c_Xce,uid___A001_X146c_Xd1,https://casdc.china-vo.org/mirror/ALMAGAL/2019.1.00195.L/QA2/science_goal.uid___A001_X146c_X95/group.uid___A001_X146c_Xce/member.uid___A001_X146c_Xd1/product/member.uid___A001_X146c_Xd1._75426__sci.spw25_27_29_31.cont.I.pbcor.fits
uid___A001_X146c_X95,uid___A001_X146c_Xce,uid___A001_X146c_Xd1,https://casdc.china-vo.org/mirror/ALMAGAL/2019.1.00195.L/QA2/science_goal.uid___A001_X146c_X95/group.uid___A001_X146c_Xce/member.uid___A001_X146c_Xd1/product/member.uid___A001_X146c_Xd1._78999__sci.spw25_27_29_31.cont.I.pbcor.fits
uid___A001_X146c_X95,uid___A001_X146c_Xce,uid___A001_X146c_Xd1,https://casdc.china-vo.org/mirror/ALMAGAL/2019.1.00195.L/QA2/science_goal.uid___A001_X146c_X95/group.uid___A001_X146c_Xce/member.uid___A001_X146c_Xd1/product/member.uid___A001_X146c_Xd1._G010.3208-00.1570B__sci.spw25_27_29_31.cont.I.pbcor.fits
uid___A001_X146c_X95,uid___A001_X146c_Xce,uid___A001_X146c_Xd1,https://casdc.china-vo.org/mirror/ALMAGAL/2019.1.00195.L/QA2/science_goal.uid___A001_X146c_X95/group.uid___A001_X146c_Xce/member.uid___A001_X146c_Xd1/product/member.uid___A001_X146c_Xd1._G010.8856p00.1221__sci.spw25_27_29_31.cont.I.pbcor.fits
uid___A001_X146c_X95,uid___A001_X146c_Xce,uid___A001_X146c_Xd1,https://casdc.china-vo.org/mirror/ALMAGAL/2019.1.00195.L/QA2/science_goal.uid___A001_X146c_X95/group.uid___A001_X146c_Xce/member.uid___A001_X146c_Xd1/product/member.uid___A001_X146c_Xd1._G012.7879-00.1786__sci.spw25_27_29_31.cont.I.pbcor.fits
uid___A001_X146c_X95,uid___A001_X146c_Xce,uid___A001_X146c_Xd1,https://casdc.china-vo.org/mirror/ALMAGAL/2019.1.00195.L/QA2/science_goal.uid___A001_X146c_X95/group.uid___A001_X146c_Xce/member.uid___A001_X146c_Xd1/product/member.uid___A001_X146c_Xd1._G012.8909p00.4938C__sci.spw25_27_29_31.cont.I.pbcor.fits
uid___A001_X146c_X95,uid___A001_X146c_Xce,uid___A001_X146c_Xd1,https://casdc.china-vo.org/mirror/ALMAGAL/2019.1.00195.L/QA2/science_goal.uid___A001_X146c_X95/group.uid___A001_X146c_Xce/member.uid___A001_X146c_Xd1/product/member.uid___A001_X146c_Xd1._G013.6562-00.5997__sci.spw25_27_29_31.cont.I.pbcor.fits
uid___A001_X146c_X95,uid___A001_X146c_Xce,uid___A001_X146c_Xd1,https://casdc.china-vo.org/mirror/ALMAGAL/2019.1.00195.L/QA2/science_goal.uid___A001_X146c_X95/group.uid___A001_X146c_Xce/member.uid___A001_X146c_Xd1/product/member.uid___A001_X146c_Xd1._G014.6087p00.0127__sci.spw25_27_29_31.cont.I.pbcor.fits
uid___A001_X146c_X95,uid___A001_X146c_Xce,uid___A001_X146c_Xd1,https://casdc.china-vo.org/mirror/ALMAGAL/2019.1.00195.L/QA2/science_goal.uid___A001_X146c_X95/group.uid___A001_X146c_Xce/member.uid___A001_X146c_Xd1/product/member.uid___A001_X146c_Xd1._G014.9958-00.6732__sci.spw25_27_29_31.cont.I.pbcor.fits
uid___A001_X146c_X95,uid___A001_X146c_Xce,uid___A001_X146c_Xd1,https://casdc.china-vo.org/mirror/ALMAGAL/2019.1.00195.L/QA2/science_goal.uid___A001_X146c_X95/group.uid___A001_X146c_Xce/member.uid___A001_X146c_Xd1/product/member.uid___A001_X146c_Xd1._G015.1288-00.6717__sci.spw25_27_29_31.cont.I.pbcor.fits
uid___A001_X146c_X95,uid___A001_X146c_Xce,uid___A001_X146c_Xd1,https://casdc.china-vo.org/mirror/ALMAGAL/2019.1.00195.L/QA2/science_goal.uid___A001_X146c_X95/group.uid___A001_X146c_Xce/member.uid___A001_X146c_Xd1/product/member.uid___A001_X146c_Xd1._G016.9270p00.9599__sci.spw25_27_29_31.cont.I.pbcor.fits
uid___A001_X146c_X95,uid___A001_X146c_Xce,uid___A001_X146c_Xd1,https://casdc.china-vo.org/mirror/ALMAGAL/2019.1.00195.L/QA2/science_goal.uid___A001_X146c_X95/group.uid___A001_X146c_Xce/member.uid___A001_X146c_Xd1/product/member.uid___A001_X146c_Xd1._G017.6380p00.1566__sci.spw25_27_29_31.cont.I.pbcor.fits
uid___A001_X146c_X95,uid___A001_X146c_Xce,uid___A001_X146c_Xd3,https://casdc.china-vo.org/mirror/ALMAGAL/2019.1.00195.L/QA2/science_goal.uid___A001_X146c_X95/group.uid___A001_X146c_Xce/member.uid___A001_X146c_Xd3/product/member.uid___A001_X146c_Xd3._46677__sci.spw16_18_20_22.cont.I.pbcor.fits
uid___A001_X146c_X95,uid___A001_X146c_Xce,uid___A001_X146c_Xd3,https://casdc.china-vo.org/mirror/ALMAGAL/2019.1.00195.L/QA2/science_goal.uid___A001_X146c_X95/group.uid___A001_X146c_Xce/member.uid___A001_X146c_Xd3/product/member.uid___A001_X146c_Xd3._46696__sci.spw16_18_20_22.cont.I.pbcor.fits
uid___A001_X146c_X95,uid___A001_X146c_Xce,uid___A001_X146c_Xd3,https://casdc.china-vo.org/mirror/ALMAGAL/2019.1.00195.L/QA2/science_goal.uid___A001_X146c_X95/group.uid___A001_X146c_Xce/member.uid___A001_X146c_Xd3/product/member.uid___A001_X146c_Xd3._47184__sci.spw16_18_20_22.cont.I.pbcor.fits
uid___A001_X146c_X95,uid___A001_X146c_Xce,uid___A001_X146c_Xd3,https://casdc.china-vo.org/mirror/ALMAGAL/2019.1.00195.L/QA2/science_goal.uid___A001_X146c_X95/group.uid___A001_X146c_Xce/member.uid___A001_X146c_Xd3/product/member.uid___A001_X146c_Xd3._49005__sci.spw16_18_20_22.cont.I.pbcor.fits
uid___A001_X146c_X95,uid___A001_X146c_Xce,uid___A001_X146c_Xd3,https://casdc.china-vo.org/mirror/ALMAGAL/2019.1.00195.L/QA2/science_goal.uid___A001_X146c_X95/group.uid___A001_X146c_Xce/member.uid___A001_X146c_Xd3/product/member.uid___A001_X146c_Xd3._49337__sci.spw16_18_20_22.cont.I.pbcor.fits
uid___A001_X146c_X95,uid___A001_X146c_Xce,uid___A001_X146c_Xd3,https://casdc.china-vo.org/mirror/ALMAGAL/2019.1.00195.L/QA2/science_goal.uid___A001_X146c_X95/group.uid___A001_X146c_Xce/member.uid___A001_X146c_Xd3/product/member.uid___A001_X146c_Xd3._50433__sci.spw16_18_20_22.cont.I.pbcor.fits
uid___A001_X146c_X95,uid___A001_X146c_Xce,uid___A001_X146c_Xd3,https://casdc.china-vo.org/mirror/ALMAGAL/2019.1.00195.L/QA2/science_goal.uid___A001_X146c_X95/group.uid___A001_X146c_Xce/member.uid___A001_X146c_Xd3/product/member.uid___A001_X146c_Xd3._50555__sci.spw16_18_20_22.cont.I.pbcor.fits
uid___A001_X146c_X95,uid___A001_X146c_Xce,uid___A001_X146c_Xd3,https://casdc.china-vo.org/mirror/ALMAGAL/2019.1.00195.L/QA2/science_goal.uid___A001_X146c_X95/group.uid___A001_X146c_Xce/member.uid___A001_X146c_Xd3/product/member.uid___A001_X146c_Xd3._51020__sci.spw16_18_20_22.cont.I.pbcor.fits
uid___A001_X146c_X95,uid___A001_X146c_Xce,uid___A001_X146c_Xd3,https://casdc.china-vo.org/mirror/ALMAGAL/2019.1.00195.L/QA2/science_goal.uid___A001_X146c_X95/group.uid___A001_X146c_Xce/member.uid___A001_X146c_Xd3/product/member.uid___A001_X146c_Xd3._52831__sci.spw16_18_20_22.cont.I.pbcor.fits
uid___A001_X146c_X95,uid___A001_X146c_Xce,uid___A001_X146c_Xd3,https://casdc.china-vo.org/mirror/ALMAGAL/2019.1.00195.L/QA2/science_goal.uid___A001_X146c_X95/group.uid___A001_X146c_Xce/member.uid___A001_X146c_Xd3/product/member.uid___A001_X146c_Xd3._53795__sci.spw16_18_20_22.cont.I.pbcor.fits
uid___A001_X146c_X95,uid___A001_X146c_Xce,uid___A001_X146c_Xd3,https://casdc.china-vo.org/mirror/ALMAGAL/2019.1.00195.L/QA2/science_goal.uid___A001_X146c_X95/group.uid___A001_X146c_Xce/member.uid___A001_X146c_Xd3/product/member.uid___A001_X146c_Xd3._53869__sci.spw16_18_20_22.cont.I.pbcor.fits
uid___A001_X146c_X95,uid___A001_X146c_Xce,uid___A001_X146c_Xd3,https://casdc.china-vo.org/mirror/ALMAGAL/2019.1.00195.L/QA2/science_goal.uid___A001_X146c_X95/group.uid___A001_X146c_Xce/member.uid___A001_X146c_Xd3/product/member.uid___A001_X146c_Xd3._54001__sci.spw16_18_20_22.cont.I.pbcor.fits
uid___A001_X146c_X95,uid___A001_X146c_Xce,uid___A001_X146c_Xd3,https://casdc.china-vo.org/mirror/ALMAGAL/2019.1.00195.L/QA2/science_goal.uid___A001_X146c_X95/group.uid___A001_X146c_Xce/member.uid___A001_X146c_Xd3/product/member.uid___A001_X146c_Xd3._55190__sci.spw16_18_20_22.cont.I.pbcor.fits
uid___A001_X146c_X95,uid___A001_X146c_Xce,uid___A001_X146c_Xd3,https://casdc.china-vo.org/mirror/ALMAGAL/2019.1.00195.L/QA2/science_goal.uid___A001_X146c_X95/group.uid___A001_X146c_Xce/member.uid___A001_X146c_Xd3/product/member.uid___A001_X146c_Xd3._55288__sci.spw16_18_20_22.cont.I.pbcor.fits
uid___A001_X146c_X95,uid___A001_X146c_Xce,uid___A001_X146c_Xd3,https://casdc.china-vo.org/mirror/ALMAGAL/2019.1.00195.L/QA2/science_goal.uid___A001_X146c_X95/group.uid___A001_X146c_Xce/member.uid___A001_X146c_Xd3/product/member.uid___A001_X146c_Xd3._56184__sci.spw16_18_20_22.cont.I.pbcor.fits
uid___A001_X146c_X95,uid___A001_X146c_Xce,uid___A001_X146c_Xd3,https://casdc.china-vo.org/mirror/ALMAGAL/2019.1.00195.L/QA2/science_goal.uid___A001_X146c_X95/group.uid___A001_X146c_Xce/member.uid___A001_X146c_Xd3/product/member.uid___A001_X146c_Xd3._56634__sci.spw16_18_20_22.cont.I.pbcor.fits
uid___A001_X146c_X95,uid___A001_X146c_Xce,uid___A001_X146c_Xd3,https://casdc.china-vo.org/mirror/ALMAGAL/2019.1.00195.L/QA2/science_goal.uid___A001_X146c_X95/group.uid___A001_X146c_Xce/member.uid___A001_X146c_Xd3/product/member.uid___A001_X146c_Xd3._56859__sci.spw16_18_20_22.cont.I.pbcor.fits
uid___A001_X146c_X95,uid___A001_X146c_Xce,uid___A001_X146c_Xd3,https://casdc.china-vo.org/mirror/ALMAGAL/2019.1.00195.L/QA2/science_goal.uid___A001_X146c_X95/group.uid___A001_X146c_Xce/member.uid___A001_X146c_Xd3/product/member.uid___A001_X146c_Xd3._57335__sci.spw16_18_20_22.cont.I.pbcor.fits
uid___A001_X146c_X95,uid___A001_X146c_Xce,uid___A001_X146c_Xd3,https://casdc.china-vo.org/mirror/ALMAGAL/2019.1.00195.L/QA2/science_goal.uid___A001_X146c_X95/group.uid___A001_X146c_Xce/member.uid___A001_X146c_Xd3/product/member.uid___A001_X146c_Xd3._57596__sci.spw16_18_20_22.cont.I.pbcor.fits
uid___A001_X146c_X95,uid___A001_X146c_Xce,uid___A001_X146c_Xd3,https://casdc.china-vo.org/mirror/ALMAGAL/2019.1.00195.L/QA2/science_goal.uid___A001_X146c_X95/group.uid___A001_X146c_Xce/member.uid___A001_X146c_Xd3/product/member.uid___A001_X146c_Xd3._57641__sci.spw16_18_20_22.cont.I.pbcor.fits
uid___A001_X146c_X95,uid___A001_X146c_Xce,uid___A001_X146c_Xd3,https://casdc.china-vo.org/mirror/ALMAGAL/2019.1.00195.L/QA2/science_goal.uid___A001_X146c_X95/group.uid___A001_X146c_Xce/member.uid___A001_X146c_Xd3/product/member.uid___A001_X146c_Xd3._58312__sci.spw16_18_20_22.cont.I.pbcor.fits
uid___A001_X146c_X95,uid___A001_X146c_Xce,uid___A001_X146c_Xd3,https://casdc.china-vo.org/mirror/ALMAGAL/2019.1.00195.L/QA2/science_goal.uid___A001_X146c_X95/group.uid___A001_X146c_Xce/member.uid___A001_X146c_Xd3/product/member.uid___A001_X146c_Xd3._58516__sci.spw16_18_20_22.cont.I.pbcor.fits
uid___A001_X146c_X95,uid___A001_X146c_Xce,uid___A001_X146c_Xd3,https://casdc.china-vo.org/mirror/ALMAGAL/2019.1.00195.L/QA2/science_goal.uid___A001_X146c_X95/group.uid___A001_X146c_Xce/member.uid___A001_X146c_Xd3/product/member.uid___A001_X146c_Xd3._58549__sci.spw16_18_20_22.cont.I.pbcor.fits
uid___A001_X146c_X95,uid___A001_X146c_Xce,uid___A001_X146c_Xd3,https://casdc.china-vo.org/mirror/ALMAGAL/2019.1.00195.L/QA2/science_goal.uid___A001_X146c_X95/group.uid___A001_X146c_Xce/member.uid___A001_X146c_Xd3/product/member.uid___A001_X146c_Xd3._58583__sci.spw16_18_20_22.cont.I.pbcor.fits
uid___A001_X146c_X95,uid___A001_X146c_Xce,uid___A001_X146c_Xd3,https://casdc.china-vo.org/mirror/ALMAGAL/2019.1.00195.L/QA2/science_goal.uid___A001_X146c_X95/group.uid___A001_X146c_Xce/member.uid___A001_X146c_Xd3/product/member.uid___A001_X146c_Xd3._58971__sci.spw16_18_20_22.cont.I.pbcor.fits
uid___A001_X146c_X95,uid___A001_X146c_Xce,uid___A001_X146c_Xd3,https://casdc.china-vo.org/mirror/ALMAGAL/2019.1.00195.L/QA2/science_goal.uid___A001_X146c_X95/group.uid___A001_X146c_Xce/member.uid___A001_X146c_Xd3/product/member.uid___A001_X146c_Xd3._59262__sci.spw16_18_20_22.cont.I.pbcor.fits
uid___A001_X146c_X95,uid___A001_X146c_Xce,uid___A001_X146c_Xd3,https://casdc.china-vo.org/mirror/ALMAGAL/2019.1.00195.L/QA2/science_goal.uid___A001_X146c_X95/group.uid___A001_X146c_Xce/member.uid___A001_X146c_Xd3/product/member.uid___A001_X146c_Xd3._59390__sci.spw16_18_20_22.cont.I.pbcor.fits
uid___A001_X146c_X95,uid___A001_X146c_Xce,uid___A001_X146c_Xd3,https://casdc.china-vo.org/mirror/ALMAGAL/2019.1.00195.L/QA2/science_goal.uid___A001_X146c_X95/group.uid___A001_X146c_Xce/member.uid___A001_X146c_Xd3/product/member.uid___A001_X146c_Xd3._59542__sci.spw16_18_20_22.cont.I.pbcor.fits
uid___A001_X146c_X95,uid___A001_X146c_Xce,uid___A001_X146c_Xd3,https://casdc.china-vo.org/mirror/ALMAGAL/2019.1.00195.L/QA2/science_goal.uid___A001_X146c_X95/group.uid___A001_X146c_Xce/member.uid___A001_X146c_Xd3/product/member.uid___A001_X146c_Xd3._59561__sci.spw16_18_20_22.cont.I.pbcor.fits
uid___A001_X146c_X95,uid___A001_X146c_Xce,uid___A001_X146c_Xd3,https://casdc.china-vo.org/mirror/ALMAGAL/2019.1.00195.L/QA2/science_goal.uid___A001_X146c_X95/group.uid___A001_X146c_Xce/member.uid___A001_X146c_Xd3/product/member.uid___A001_X146c_Xd3._59672__sci.spw16_18_20_22.cont.I.pbcor.fits
uid___A001_X146c_X95,uid___A001_X146c_Xce,uid___A001_X146c_Xd3,https://casdc.china-vo.org/mirror/ALMAGAL/2019.1.00195.L/QA2/science_goal.uid___A001_X146c_X95/group.uid___A001_X146c_Xce/member.uid___A001_X146c_Xd3/product/member.uid___A001_X146c_Xd3._59679__sci.spw16_18_20_22.cont.I.pbcor.fits
uid___A001_X146c_X95,uid___A001_X146c_Xce,uid___A001_X146c_Xd3,https://casdc.china-vo.org/mirror/ALMAGAL/2019.1.00195.L/QA2/science_goal.uid___A001_X146c_X95/group.uid___A001_X146c_Xce/member.uid___A001_X146c_Xd3/product/member.uid___A001_X146c_Xd3._59799__sci.spw16_18_20_22.cont.I.pbcor.fits
uid___A001_X146c_X95,uid___A001_X146c_Xce,uid___A001_X146c_Xd3,https://casdc.china-vo.org/mirror/ALMAGAL/2019.1.00195.L/QA2/science_goal.uid___A001_X146c_X95/group.uid___A001_X146c_Xce/member.uid___A001_X146c_Xd3/product/member.uid___A001_X146c_Xd3._59900__sci.spw16_18_20_22.cont.I.pbcor.fits
uid___A001_X146c_X95,uid___A001_X146c_Xce,uid___A001_X146c_Xd3,https://casdc.china-vo.org/mirror/ALMAGAL/2019.1.00195.L/QA2/science_goal.uid___A001_X146c_X95/group.uid___A001_X146c_Xce/member.uid___A001_X146c_Xd3/product/member.uid___A001_X146c_Xd3._60053__sci.spw16_18_20_22.cont.I.pbcor.fits
uid___A001_X146c_X95,uid___A001_X146c_Xce,uid___A001_X146c_Xd3,https://casdc.china-vo.org/mirror/ALMAGAL/2019.1.00195.L/QA2/science_goal.uid___A001_X146c_X95/group.uid___A001_X146c_Xce/member.uid___A001_X146c_Xd3/product/member.uid___A001_X146c_Xd3._60104__sci.spw16_18_20_22.cont.I.pbcor.fits
uid___A001_X146c_X95,uid___A001_X146c_Xce,uid___A001_X146c_Xd3,https://casdc.china-vo.org/mirror/ALMAGAL/2019.1.00195.L/QA2/science_goal.uid___A001_X146c_X95/group.uid___A001_X146c_Xce/member.uid___A001_X146c_Xd3/product/member.uid___A001_X146c_Xd3._60181__sci.spw16_18_20_22.cont.I.pbcor.fits
uid___A001_X146c_X95,uid___A001_X146c_Xce,uid___A001_X146c_Xd3,https://casdc.china-vo.org/mirror/ALMAGAL/2019.1.00195.L/QA2/science_goal.uid___A001_X146c_X95/group.uid___A001_X146c_Xce/member.uid___A001_X146c_Xd3/product/member.uid___A001_X146c_Xd3._61664__sci.spw16_18_20_22.cont.I.pbcor.fits
uid___A001_X146c_X95,uid___A001_X146c_Xce,uid___A001_X146c_Xd3,https://casdc.china-vo.org/mirror/ALMAGAL/2019.1.00195.L/QA2/science_goal.uid___A001_X146c_X95/group.uid___A001_X146c_Xce/member.uid___A001_X146c_Xd3/product/member.uid___A001_X146c_Xd3._62002__sci.spw16_18_20_22.cont.I.pbcor.fits
uid___A001_X146c_X95,uid___A001_X146c_Xce,uid___A001_X146c_Xd3,https://casdc.china-vo.org/mirror/ALMAGAL/2019.1.00195.L/QA2/science_goal.uid___A001_X146c_X95/group.uid___A001_X146c_Xce/member.uid___A001_X146c_Xd3/product/member.uid___A001_X146c_Xd3._62026__sci.spw16_18_20_22.cont.I.pbcor.fits
uid___A001_X146c_X95,uid___A001_X146c_Xce,uid___A001_X146c_Xd3,https://casdc.china-vo.org/mirror/ALMAGAL/2019.1.00195.L/QA2/science_goal.uid___A001_X146c_X95/group.uid___A001_X146c_Xce/member.uid___A001_X146c_Xd3/product/member.uid___A001_X146c_Xd3._62306__sci.spw16_18_20_22.cont.I.pbcor.fits
uid___A001_X146c_X95,uid___A001_X146c_Xce,uid___A001_X146c_Xd3,https://casdc.china-vo.org/mirror/ALMAGAL/2019.1.00195.L/QA2/science_goal.uid___A001_X146c_X95/group.uid___A001_X146c_Xce/member.uid___A001_X146c_Xd3/product/member.uid___A001_X146c_Xd3._62789__sci.spw16_18_20_22.cont.I.pbcor.fits
uid___A001_X146c_X95,uid___A001_X146c_Xce,uid___A001_X146c_Xd3,https://casdc.china-vo.org/mirror/ALMAGAL/2019.1.00195.L/QA2/science_goal.uid___A001_X146c_X95/group.uid___A001_X146c_Xce/member.uid___A001_X146c_Xd3/product/member.uid___A001_X146c_Xd3._62842__sci.spw16_18_20_22.cont.I.pbcor.fits
uid___A001_X146c_X95,uid___A001_X146c_Xce,uid___A001_X146c_Xd3,https://casdc.china-vo.org/mirror/ALMAGAL/2019.1.00195.L/QA2/science_goal.uid___A001_X146c_X95/group.uid___A001_X146c_Xce/member.uid___A001_X146c_Xd3/product/member.uid___A001_X146c_Xd3._63723__sci.spw16_18_20_22.cont.I.pbcor.fits
uid___A001_X146c_X95,uid___A001_X146c_Xce,uid___A001_X146c_Xd3,https://casdc.china-vo.org/mirror/ALMAGAL/2019.1.00195.L/QA2/science_goal.uid___A001_X146c_X95/group.uid___A001_X146c_Xce/member.uid___A001_X146c_Xd3/product/member.uid___A001_X146c_Xd3._64993__sci.spw16_18_20_22.cont.I.pbcor.fits
uid___A001_X146c_X95,uid___A001_X146c_Xce,uid___A001_X146c_Xd3,https://casdc.china-vo.org/mirror/ALMAGAL/2019.1.00195.L/QA2/science_goal.uid___A001_X146c_X95/group.uid___A001_X146c_Xce/member.uid___A001_X146c_Xd3/product/member.uid___A001_X146c_Xd3._65040__sci.spw16_18_20_22.cont.I.pbcor.fits
uid___A001_X146c_X95,uid___A001_X146c_Xce,uid___A001_X146c_Xd3,https://casdc.china-vo.org/mirror/ALMAGAL/2019.1.00195.L/QA2/science_goal.uid___A001_X146c_X95/group.uid___A001_X146c_Xce/member.uid___A001_X146c_Xd3/product/member.uid___A001_X146c_Xd3._65099__sci.spw16_18_20_22.cont.I.pbcor.fits
uid___A001_X146c_X95,uid___A001_X146c_Xce,uid___A001_X146c_Xd3,https://casdc.china-vo.org/mirror/ALMAGAL/2019.1.00195.L/QA2/science_goal.uid___A001_X146c_X95/group.uid___A001_X146c_Xce/member.uid___A001_X146c_Xd3/product/member.uid___A001_X146c_Xd3._65249__sci.spw16_18_20_22.cont.I.pbcor.fits
uid___A001_X146c_X95,uid___A001_X146c_Xce,uid___A001_X146c_Xd3,https://casdc.china-vo.org/mirror/ALMAGAL/2019.1.00195.L/QA2/science_goal.uid___A001_X146c_X95/group.uid___A001_X146c_Xce/member.uid___A001_X146c_Xd3/product/member.uid___A001_X146c_Xd3._65985__sci.spw16_18_20_22.cont.I.pbcor.fits
uid___A001_X146c_X95,uid___A001_X146c_Xce,uid___A001_X146c_Xd3,https://casdc.china-vo.org/mirror/ALMAGAL/2019.1.00195.L/QA2/science_goal.uid___A001_X146c_X95/group.uid___A001_X146c_Xce/member.uid___A001_X146c_Xd3/product/member.uid___A001_X146c_Xd3._66149__sci.spw16_18_20_22.cont.I.pbcor.fits
uid___A001_X146c_X95,uid___A001_X146c_Xce,uid___A001_X146c_Xd3,https://casdc.china-vo.org/mirror/ALMAGAL/2019.1.00195.L/QA2/science_goal.uid___A001_X146c_X95/group.uid___A001_X146c_Xce/member.uid___A001_X146c_Xd3/product/member.uid___A001_X146c_Xd3._66261__sci.spw16_18_20_22.cont.I.pbcor.fits
uid___A001_X146c_X95,uid___A001_X146c_Xce,uid___A001_X146c_Xd3,https://casdc.china-vo.org/mirror/ALMAGAL/2019.1.00195.L/QA2/science_goal.uid___A001_X146c_X95/group.uid___A001_X146c_Xce/member.uid___A001_X146c_Xd3/product/member.uid___A001_X146c_Xd3._70080__sci.spw16_18_20_22.cont.I.pbcor.fits
uid___A001_X146c_X95,uid___A001_X146c_Xce,uid___A001_X146c_Xd3,https://casdc.china-vo.org/mirror/ALMAGAL/2019.1.00195.L/QA2/science_goal.uid___A001_X146c_X95/group.uid___A001_X146c_Xce/member.uid___A001_X146c_Xd3/product/member.uid___A001_X146c_Xd3._70706__sci.spw16_18_20_22.cont.I.pbcor.fits
uid___A001_X146c_X95,uid___A001_X146c_Xce,uid___A001_X146c_Xd3,https://casdc.china-vo.org/mirror/ALMAGAL/2019.1.00195.L/QA2/science_goal.uid___A001_X146c_X95/group.uid___A001_X146c_Xce/member.uid___A001_X146c_Xd3/product/member.uid___A001_X146c_Xd3._72942__sci.spw16_18_20_22.cont.I.pbcor.fits
uid___A001_X146c_X95,uid___A001_X146c_Xce,uid___A001_X146c_Xd3,https://casdc.china-vo.org/mirror/ALMAGAL/2019.1.00195.L/QA2/science_goal.uid___A001_X146c_X95/group.uid___A001_X146c_Xce/member.uid___A001_X146c_Xd3/product/member.uid___A001_X146c_Xd3._73047__sci.spw16_18_20_22.cont.I.pbcor.fits
uid___A001_X146c_X95,uid___A001_X146c_Xce,uid___A001_X146c_Xd3,https://casdc.china-vo.org/mirror/ALMAGAL/2019.1.00195.L/QA2/science_goal.uid___A001_X146c_X95/group.uid___A001_X146c_Xce/member.uid___A001_X146c_Xd3/product/member.uid___A001_X146c_Xd3._73276__sci.spw16_18_20_22.cont.I.pbcor.fits
uid___A001_X146c_X95,uid___A001_X146c_Xce,uid___A001_X146c_Xd3,https://casdc.china-vo.org/mirror/ALMAGAL/2019.1.00195.L/QA2/science_goal.uid___A001_X146c_X95/group.uid___A001_X146c_Xce/member.uid___A001_X146c_Xd3/product/member.uid___A001_X146c_Xd3._73706__sci.spw16_18_20_22.cont.I.pbcor.fits
uid___A001_X146c_X95,uid___A001_X146c_Xce,uid___A001_X146c_Xd3,https://casdc.china-vo.org/mirror/ALMAGAL/2019.1.00195.L/QA2/science_goal.uid___A001_X146c_X95/group.uid___A001_X146c_Xce/member.uid___A001_X146c_Xd3/product/member.uid___A001_X146c_Xd3._74026__sci.spw16_18_20_22.cont.I.pbcor.fits
uid___A001_X146c_X95,uid___A001_X146c_Xce,uid___A001_X146c_Xd3,https://casdc.china-vo.org/mirror/ALMAGAL/2019.1.00195.L/QA2/science_goal.uid___A001_X146c_X95/group.uid___A001_X146c_Xce/member.uid___A001_X146c_Xd3/product/member.uid___A001_X146c_Xd3._74335__sci.spw16_18_20_22.cont.I.pbcor.fits
uid___A001_X146c_X95,uid___A001_X146c_Xce,uid___A001_X146c_Xd3,https://casdc.china-vo.org/mirror/ALMAGAL/2019.1.00195.L/QA2/science_goal.uid___A001_X146c_X95/group.uid___A001_X146c_Xce/member.uid___A001_X146c_Xd3/product/member.uid___A001_X146c_Xd3._74698__sci.spw16_18_20_22.cont.I.pbcor.fits
uid___A001_X146c_X95,uid___A001_X146c_Xce,uid___A001_X146c_Xd3,https://casdc.china-vo.org/mirror/ALMAGAL/2019.1.00195.L/QA2/science_goal.uid___A001_X146c_X95/group.uid___A001_X146c_Xce/member.uid___A001_X146c_Xd3/product/member.uid___A001_X146c_Xd3._75326__sci.spw16_18_20_22.cont.I.pbcor.fits
uid___A001_X146c_X95,uid___A001_X146c_Xce,uid___A001_X146c_Xd3,https://casdc.china-vo.org/mirror/ALMAGAL/2019.1.00195.L/QA2/science_goal.uid___A001_X146c_X95/group.uid___A001_X146c_Xce/member.uid___A001_X146c_Xd3/product/member.uid___A001_X146c_Xd3._75426__sci.spw16_18_20_22.cont.I.pbcor.fits
uid___A001_X146c_X95,uid___A001_X146c_Xce,uid___A001_X146c_Xd3,https://casdc.china-vo.org/mirror/ALMAGAL/2019.1.00195.L/QA2/science_goal.uid___A001_X146c_X95/group.uid___A001_X146c_Xce/member.uid___A001_X146c_Xd3/product/member.uid___A001_X146c_Xd3._78999__sci.spw16_18_20_22.cont.I.pbcor.fits
uid___A001_X146c_X95,uid___A001_X146c_Xce,uid___A001_X146c_Xd3,https://casdc.china-vo.org/mirror/ALMAGAL/2019.1.00195.L/QA2/science_goal.uid___A001_X146c_X95/group.uid___A001_X146c_Xce/member.uid___A001_X146c_Xd3/product/member.uid___A001_X146c_Xd3._G010.3208-00.1570B__sci.spw16_18_20_22.cont.I.pbcor.fits
uid___A001_X146c_X95,uid___A001_X146c_Xce,uid___A001_X146c_Xd3,https://casdc.china-vo.org/mirror/ALMAGAL/2019.1.00195.L/QA2/science_goal.uid___A001_X146c_X95/group.uid___A001_X146c_Xce/member.uid___A001_X146c_Xd3/product/member.uid___A001_X146c_Xd3._G010.8856p00.1221__sci.spw16_18_20_22.cont.I.pbcor.fits
uid___A001_X146c_X95,uid___A001_X146c_Xce,uid___A001_X146c_Xd3,https://casdc.china-vo.org/mirror/ALMAGAL/2019.1.00195.L/QA2/science_goal.uid___A001_X146c_X95/group.uid___A001_X146c_Xce/member.uid___A001_X146c_Xd3/product/member.uid___A001_X146c_Xd3._G012.7879-00.1786__sci.spw16_18_20_22.cont.I.pbcor.fits
uid___A001_X146c_X95,uid___A001_X146c_Xce,uid___A001_X146c_Xd3,https://casdc.china-vo.org/mirror/ALMAGAL/2019.1.00195.L/QA2/science_goal.uid___A001_X146c_X95/group.uid___A001_X146c_Xce/member.uid___A001_X146c_Xd3/product/member.uid___A001_X146c_Xd3._G012.8909p00.4938C__sci.spw16_18_20_22.cont.I.pbcor.fits
uid___A001_X146c_X95,uid___A001_X146c_Xce,uid___A001_X146c_Xd3,https://casdc.china-vo.org/mirror/ALMAGAL/2019.1.00195.L/QA2/science_goal.uid___A001_X146c_X95/group.uid___A001_X146c_Xce/member.uid___A001_X146c_Xd3/product/member.uid___A001_X146c_Xd3._G013.6562-00.5997__sci.spw16_18_20_22.cont.I.pbcor.fits
uid___A001_X146c_X95,uid___A001_X146c_Xce,uid___A001_X146c_Xd3,https://casdc.china-vo.org/mirror/ALMAGAL/2019.1.00195.L/QA2/science_goal.uid___A001_X146c_X95/group.uid___A001_X146c_Xce/member.uid___A001_X146c_Xd3/product/member.uid___A001_X146c_Xd3._G014.6087p00.0127__sci.spw16_18_20_22.cont.I.pbcor.fits
uid___A001_X146c_X95,uid___A001_X146c_Xce,uid___A001_X146c_Xd3,https://casdc.china-vo.org/mirror/ALMAGAL/2019.1.00195.L/QA2/science_goal.uid___A001_X146c_X95/group.uid___A001_X146c_Xce/member.uid___A001_X146c_Xd3/product/member.uid___A001_X146c_Xd3._G014.9958-00.6732__sci.spw16_18_20_22.cont.I.pbcor.fits
uid___A001_X146c_X95,uid___A001_X146c_Xce,uid___A001_X146c_Xd3,https://casdc.china-vo.org/mirror/ALMAGAL/2019.1.00195.L/QA2/science_goal.uid___A001_X146c_X95/group.uid___A001_X146c_Xce/member.uid___A001_X146c_Xd3/product/member.uid___A001_X146c_Xd3._G015.1288-00.6717__sci.spw16_18_20_22.cont.I.pbcor.fits
uid___A001_X146c_X95,uid___A001_X146c_Xce,uid___A001_X146c_Xd3,https://casdc.china-vo.org/mirror/ALMAGAL/2019.1.00195.L/QA2/science_goal.uid___A001_X146c_X95/group.uid___A001_X146c_Xce/member.uid___A001_X146c_Xd3/product/member.uid___A001_X146c_Xd3._G016.9270p00.9599__sci.spw16_18_20_22.cont.I.pbcor.fits
uid___A001_X146c_X95,uid___A001_X146c_Xce,uid___A001_X146c_Xd3,https://casdc.china-vo.org/mirror/ALMAGAL/2019.1.00195.L/QA2/science_goal.uid___A001_X146c_X95/group.uid___A001_X146c_Xce/member.uid___A001_X146c_Xd3/product/member.uid___A001_X146c_Xd3._G017.6380p00.1566__sci.spw16_18_20_22.cont.I.pbcor.fits
uid___A001_X146c_X95,uid___A001_X146c_Xd5,uid___A001_X146c_Xd6,https://casdc.china-vo.org/mirror/ALMAGAL/2019.1.00195.L/QA2/science_goal.uid___A001_X146c_X95/group.uid___A001_X146c_Xd5/member.uid___A001_X146c_Xd6/product/member.uid___A001_X146c_Xd6._853658__sci.spw25_27_29_31.cont.I.pbcor.fits
uid___A001_X146c_X95,uid___A001_X146c_Xd5,uid___A001_X146c_Xd6,https://casdc.china-vo.org/mirror/ALMAGAL/2019.1.00195.L/QA2/science_goal.uid___A001_X146c_X95/group.uid___A001_X146c_Xd5/member.uid___A001_X146c_Xd6/product/member.uid___A001_X146c_Xd6._853716__sci.spw25_27_29_31.cont.I.pbcor.fits
uid___A001_X146c_X95,uid___A001_X146c_Xd5,uid___A001_X146c_Xd6,https://casdc.china-vo.org/mirror/ALMAGAL/2019.1.00195.L/QA2/science_goal.uid___A001_X146c_X95/group.uid___A001_X146c_Xd5/member.uid___A001_X146c_Xd6/product/member.uid___A001_X146c_Xd6._860816__sci.spw25_27_29_31.cont.I.pbcor.fits
uid___A001_X146c_X95,uid___A001_X146c_Xd5,uid___A001_X146c_Xd6,https://casdc.china-vo.org/mirror/ALMAGAL/2019.1.00195.L/QA2/science_goal.uid___A001_X146c_X95/group.uid___A001_X146c_Xd5/member.uid___A001_X146c_Xd6/product/member.uid___A001_X146c_Xd6._881240__sci.spw25_27_29_31.cont.I.pbcor.fits
uid___A001_X146c_X95,uid___A001_X146c_Xd5,uid___A001_X146c_Xd6,https://casdc.china-vo.org/mirror/ALMAGAL/2019.1.00195.L/QA2/science_goal.uid___A001_X146c_X95/group.uid___A001_X146c_Xd5/member.uid___A001_X146c_Xd6/product/member.uid___A001_X146c_Xd6._G348.7342-01.0359B__sci.spw25_27_29_31.cont.I.pbcor.fits
uid___A001_X146c_X95,uid___A001_X146c_Xd5,uid___A001_X146c_Xd8,https://casdc.china-vo.org/mirror/ALMAGAL/2019.1.00195.L/QA2/science_goal.uid___A001_X146c_X95/group.uid___A001_X146c_Xd5/member.uid___A001_X146c_Xd8/product/member.uid___A001_X146c_Xd8._853658__sci.spw25_27_29_31.cont.I.pbcor.fits
uid___A001_X146c_X95,uid___A001_X146c_Xd5,uid___A001_X146c_Xd8,https://casdc.china-vo.org/mirror/ALMAGAL/2019.1.00195.L/QA2/science_goal.uid___A001_X146c_X95/group.uid___A001_X146c_Xd5/member.uid___A001_X146c_Xd8/product/member.uid___A001_X146c_Xd8._853716__sci.spw25_27_29_31.cont.I.pbcor.fits
uid___A001_X146c_X95,uid___A001_X146c_Xd5,uid___A001_X146c_Xd8,https://casdc.china-vo.org/mirror/ALMAGAL/2019.1.00195.L/QA2/science_goal.uid___A001_X146c_X95/group.uid___A001_X146c_Xd5/member.uid___A001_X146c_Xd8/product/member.uid___A001_X146c_Xd8._854214__sci.spw25_27_29_31.cont.I.pbcor.fits
uid___A001_X146c_X95,uid___A001_X146c_Xd5,uid___A001_X146c_Xd8,https://casdc.china-vo.org/mirror/ALMAGAL/2019.1.00195.L/QA2/science_goal.uid___A001_X146c_X95/group.uid___A001_X146c_Xd5/member.uid___A001_X146c_Xd8/product/member.uid___A001_X146c_Xd8._856133__sci.spw25_27_29_31.cont.I.pbcor.fits
uid___A001_X146c_X95,uid___A001_X146c_Xd5,uid___A001_X146c_Xd8,https://casdc.china-vo.org/mirror/ALMAGAL/2019.1.00195.L/QA2/science_goal.uid___A001_X146c_X95/group.uid___A001_X146c_Xd5/member.uid___A001_X146c_Xd8/product/member.uid___A001_X146c_Xd8._858012__sci.spw25_27_29_31.cont.I.pbcor.fits
uid___A001_X146c_X95,uid___A001_X146c_Xd5,uid___A001_X146c_Xd8,https://casdc.china-vo.org/mirror/ALMAGAL/2019.1.00195.L/QA2/science_goal.uid___A001_X146c_X95/group.uid___A001_X146c_Xd5/member.uid___A001_X146c_Xd8/product/member.uid___A001_X146c_Xd8._858727__sci.spw25_27_29_31.cont.I.pbcor.fits
uid___A001_X146c_X95,uid___A001_X146c_Xd5,uid___A001_X146c_Xd8,https://casdc.china-vo.org/mirror/ALMAGAL/2019.1.00195.L/QA2/science_goal.uid___A001_X146c_X95/group.uid___A001_X146c_Xd5/member.uid___A001_X146c_Xd8/product/member.uid___A001_X146c_Xd8._860816__sci.spw25_27_29_31.cont.I.pbcor.fits
uid___A001_X146c_X95,uid___A001_X146c_Xd5,uid___A001_X146c_Xd8,https://casdc.china-vo.org/mirror/ALMAGAL/2019.1.00195.L/QA2/science_goal.uid___A001_X146c_X95/group.uid___A001_X146c_Xd5/member.uid___A001_X146c_Xd8/product/member.uid___A001_X146c_Xd8._861762__sci.spw25_27_29_31.cont.I.pbcor.fits
uid___A001_X146c_X95,uid___A001_X146c_Xd5,uid___A001_X146c_Xd8,https://casdc.china-vo.org/mirror/ALMAGAL/2019.1.00195.L/QA2/science_goal.uid___A001_X146c_X95/group.uid___A001_X146c_Xd5/member.uid___A001_X146c_Xd8/product/member.uid___A001_X146c_Xd8._862128__sci.spw25_27_29_31.cont.I.pbcor.fits
uid___A001_X146c_X95,uid___A001_X146c_Xd5,uid___A001_X146c_Xd8,https://casdc.china-vo.org/mirror/ALMAGAL/2019.1.00195.L/QA2/science_goal.uid___A001_X146c_X95/group.uid___A001_X146c_Xd5/member.uid___A001_X146c_Xd8/product/member.uid___A001_X146c_Xd8._864399__sci.spw25_27_29_31.cont.I.pbcor.fits
uid___A001_X146c_X95,uid___A001_X146c_Xd5,uid___A001_X146c_Xd8,https://casdc.china-vo.org/mirror/ALMAGAL/2019.1.00195.L/QA2/science_goal.uid___A001_X146c_X95/group.uid___A001_X146c_Xd5/member.uid___A001_X146c_Xd8/product/member.uid___A001_X146c_Xd8._865468__sci.spw25_27_29_31.cont.I.pbcor.fits
uid___A001_X146c_X95,uid___A001_X146c_Xd5,uid___A001_X146c_Xd8,https://casdc.china-vo.org/mirror/ALMAGAL/2019.1.00195.L/QA2/science_goal.uid___A001_X146c_X95/group.uid___A001_X146c_Xd5/member.uid___A001_X146c_Xd8/product/member.uid___A001_X146c_Xd8._866226__sci.spw25_27_29_31.cont.I.pbcor.fits
uid___A001_X146c_X95,uid___A001_X146c_Xd5,uid___A001_X146c_Xd8,https://casdc.china-vo.org/mirror/ALMAGAL/2019.1.00195.L/QA2/science_goal.uid___A001_X146c_X95/group.uid___A001_X146c_Xd5/member.uid___A001_X146c_Xd8/product/member.uid___A001_X146c_Xd8._867071__sci.spw25_27_29_31.cont.I.pbcor.fits
uid___A001_X146c_X95,uid___A001_X146c_Xd5,uid___A001_X146c_Xd8,https://casdc.china-vo.org/mirror/ALMAGAL/2019.1.00195.L/QA2/science_goal.uid___A001_X146c_X95/group.uid___A001_X146c_Xd5/member.uid___A001_X146c_Xd8/product/member.uid___A001_X146c_Xd8._880433__sci.spw25_27_29_31.cont.I.pbcor.fits
uid___A001_X146c_X95,uid___A001_X146c_Xd5,uid___A001_X146c_Xd8,https://casdc.china-vo.org/mirror/ALMAGAL/2019.1.00195.L/QA2/science_goal.uid___A001_X146c_X95/group.uid___A001_X146c_Xd5/member.uid___A001_X146c_Xd8/product/member.uid___A001_X146c_Xd8._881240__sci.spw25_27_29_31.cont.I.pbcor.fits
uid___A001_X146c_X95,uid___A001_X146c_Xd5,uid___A001_X146c_Xd8,https://casdc.china-vo.org/mirror/ALMAGAL/2019.1.00195.L/QA2/science_goal.uid___A001_X146c_X95/group.uid___A001_X146c_Xd5/member.uid___A001_X146c_Xd8/product/member.uid___A001_X146c_Xd8._881427__sci.spw25_27_29_31.cont.I.pbcor.fits
uid___A001_X146c_X95,uid___A001_X146c_Xd5,uid___A001_X146c_Xd8,https://casdc.china-vo.org/mirror/ALMAGAL/2019.1.00195.L/QA2/science_goal.uid___A001_X146c_X95/group.uid___A001_X146c_Xd5/member.uid___A001_X146c_Xd8/product/member.uid___A001_X146c_Xd8._881644__sci.spw25_27_29_31.cont.I.pbcor.fits
uid___A001_X146c_X95,uid___A001_X146c_Xd5,uid___A001_X146c_Xd8,https://casdc.china-vo.org/mirror/ALMAGAL/2019.1.00195.L/QA2/science_goal.uid___A001_X146c_X95/group.uid___A001_X146c_Xd5/member.uid___A001_X146c_Xd8/product/member.uid___A001_X146c_Xd8._886383__sci.spw25_27_29_31.cont.I.pbcor.fits
uid___A001_X146c_X95,uid___A001_X146c_Xd5,uid___A001_X146c_Xd8,https://casdc.china-vo.org/mirror/ALMAGAL/2019.1.00195.L/QA2/science_goal.uid___A001_X146c_X95/group.uid___A001_X146c_Xd5/member.uid___A001_X146c_Xd8/product/member.uid___A001_X146c_Xd8._G342.7057p00.1260B__sci.spw25_27_29_31.cont.I.pbcor.fits
uid___A001_X146c_X95,uid___A001_X146c_Xd5,uid___A001_X146c_Xd8,https://casdc.china-vo.org/mirror/ALMAGAL/2019.1.00195.L/QA2/science_goal.uid___A001_X146c_X95/group.uid___A001_X146c_Xd5/member.uid___A001_X146c_Xd8/product/member.uid___A001_X146c_Xd8._G343.1261-00.0623__sci.spw25_27_29_31.cont.I.pbcor.fits
uid___A001_X146c_X95,uid___A001_X146c_Xd5,uid___A001_X146c_Xd8,https://casdc.china-vo.org/mirror/ALMAGAL/2019.1.00195.L/QA2/science_goal.uid___A001_X146c_X95/group.uid___A001_X146c_Xd5/member.uid___A001_X146c_Xd8/product/member.uid___A001_X146c_Xd8._G343.5213-00.5171__sci.spw25_27_29_31.cont.I.pbcor.fits
uid___A001_X146c_X95,uid___A001_X146c_Xd5,uid___A001_X146c_Xd8,https://casdc.china-vo.org/mirror/ALMAGAL/2019.1.00195.L/QA2/science_goal.uid___A001_X146c_X95/group.uid___A001_X146c_Xd5/member.uid___A001_X146c_Xd8/product/member.uid___A001_X146c_Xd8._G343.9033-00.6713__sci.spw25_27_29_31.cont.I.pbcor.fits
uid___A001_X146c_X95,uid___A001_X146c_Xd5,uid___A001_X146c_Xd8,https://casdc.china-vo.org/mirror/ALMAGAL/2019.1.00195.L/QA2/science_goal.uid___A001_X146c_X95/group.uid___A001_X146c_Xd5/member.uid___A001_X146c_Xd8/product/member.uid___A001_X146c_Xd8._G345.5043p00.3480__sci.spw25_27_29_31.cont.I.pbcor.fits
uid___A001_X146c_X95,uid___A001_X146c_Xd5,uid___A001_X146c_Xd8,https://casdc.china-vo.org/mirror/ALMAGAL/2019.1.00195.L/QA2/science_goal.uid___A001_X146c_X95/group.uid___A001_X146c_Xd5/member.uid___A001_X146c_Xd8/product/member.uid___A001_X146c_Xd8._G348.7342-01.0359B__sci.spw25_27_29_31.cont.I.pbcor.fits
uid___A001_X146c_X95,uid___A001_X146c_Xd5,uid___A001_X146c_Xd8,https://casdc.china-vo.org/mirror/ALMAGAL/2019.1.00195.L/QA2/science_goal.uid___A001_X146c_X95/group.uid___A001_X146c_Xd5/member.uid___A001_X146c_Xd8/product/member.uid___A001_X146c_Xd8._G349.6433-01.0957A__sci.spw25_27_29_31.cont.I.pbcor.fits
uid___A001_X146c_X95,uid___A001_X146c_Xd5,uid___A001_X146c_Xda,https://casdc.china-vo.org/mirror/ALMAGAL/2019.1.00195.L/QA2/science_goal.uid___A001_X146c_X95/group.uid___A001_X146c_Xd5/member.uid___A001_X146c_Xda/product/member.uid___A001_X146c_Xda._853658__sci.spw16_18_20_22.cont.I.pbcor.fits
uid___A001_X146c_X95,uid___A001_X146c_Xd5,uid___A001_X146c_Xda,https://casdc.china-vo.org/mirror/ALMAGAL/2019.1.00195.L/QA2/science_goal.uid___A001_X146c_X95/group.uid___A001_X146c_Xd5/member.uid___A001_X146c_Xda/product/member.uid___A001_X146c_Xda._853716__sci.spw16_18_20_22.cont.I.pbcor.fits
uid___A001_X146c_X95,uid___A001_X146c_Xd5,uid___A001_X146c_Xda,https://casdc.china-vo.org/mirror/ALMAGAL/2019.1.00195.L/QA2/science_goal.uid___A001_X146c_X95/group.uid___A001_X146c_Xd5/member.uid___A001_X146c_Xda/product/member.uid___A001_X146c_Xda._854214__sci.spw16_18_20_22.cont.I.pbcor.fits
uid___A001_X146c_X95,uid___A001_X146c_Xd5,uid___A001_X146c_Xda,https://casdc.china-vo.org/mirror/ALMAGAL/2019.1.00195.L/QA2/science_goal.uid___A001_X146c_X95/group.uid___A001_X146c_Xd5/member.uid___A001_X146c_Xda/product/member.uid___A001_X146c_Xda._856133__sci.spw16_18_20_22.cont.I.pbcor.fits
uid___A001_X146c_X95,uid___A001_X146c_Xd5,uid___A001_X146c_Xda,https://casdc.china-vo.org/mirror/ALMAGAL/2019.1.00195.L/QA2/science_goal.uid___A001_X146c_X95/group.uid___A001_X146c_Xd5/member.uid___A001_X146c_Xda/product/member.uid___A001_X146c_Xda._858012__sci.spw16_18_20_22.cont.I.pbcor.fits
uid___A001_X146c_X95,uid___A001_X146c_Xd5,uid___A001_X146c_Xda,https://casdc.china-vo.org/mirror/ALMAGAL/2019.1.00195.L/QA2/science_goal.uid___A001_X146c_X95/group.uid___A001_X146c_Xd5/member.uid___A001_X146c_Xda/product/member.uid___A001_X146c_Xda._858727__sci.spw16_18_20_22.cont.I.pbcor.fits
uid___A001_X146c_X95,uid___A001_X146c_Xd5,uid___A001_X146c_Xda,https://casdc.china-vo.org/mirror/ALMAGAL/2019.1.00195.L/QA2/science_goal.uid___A001_X146c_X95/group.uid___A001_X146c_Xd5/member.uid___A001_X146c_Xda/product/member.uid___A001_X146c_Xda._860816__sci.spw16_18_20_22.cont.I.pbcor.fits
uid___A001_X146c_X95,uid___A001_X146c_Xd5,uid___A001_X146c_Xda,https://casdc.china-vo.org/mirror/ALMAGAL/2019.1.00195.L/QA2/science_goal.uid___A001_X146c_X95/group.uid___A001_X146c_Xd5/member.uid___A001_X146c_Xda/product/member.uid___A001_X146c_Xda._861762__sci.spw16_18_20_22.cont.I.pbcor.fits
uid___A001_X146c_X95,uid___A001_X146c_Xd5,uid___A001_X146c_Xda,https://casdc.china-vo.org/mirror/ALMAGAL/2019.1.00195.L/QA2/science_goal.uid___A001_X146c_X95/group.uid___A001_X146c_Xd5/member.uid___A001_X146c_Xda/product/member.uid___A001_X146c_Xda._862128__sci.spw16_18_20_22.cont.I.pbcor.fits
uid___A001_X146c_X95,uid___A001_X146c_Xd5,uid___A001_X146c_Xda,https://casdc.china-vo.org/mirror/ALMAGAL/2019.1.00195.L/QA2/science_goal.uid___A001_X146c_X95/group.uid___A001_X146c_Xd5/member.uid___A001_X146c_Xda/product/member.uid___A001_X146c_Xda._864399__sci.spw16_18_20_22.cont.I.pbcor.fits
uid___A001_X146c_X95,uid___A001_X146c_Xd5,uid___A001_X146c_Xda,https://casdc.china-vo.org/mirror/ALMAGAL/2019.1.00195.L/QA2/science_goal.uid___A001_X146c_X95/group.uid___A001_X146c_Xd5/member.uid___A001_X146c_Xda/product/member.uid___A001_X146c_Xda._865468__sci.spw16_18_20_22.cont.I.pbcor.fits
uid___A001_X146c_X95,uid___A001_X146c_Xd5,uid___A001_X146c_Xda,https://casdc.china-vo.org/mirror/ALMAGAL/2019.1.00195.L/QA2/science_goal.uid___A001_X146c_X95/group.uid___A001_X146c_Xd5/member.uid___A001_X146c_Xda/product/member.uid___A001_X146c_Xda._866226__sci.spw16_18_20_22.cont.I.pbcor.fits
uid___A001_X146c_X95,uid___A001_X146c_Xd5,uid___A001_X146c_Xda,https://casdc.china-vo.org/mirror/ALMAGAL/2019.1.00195.L/QA2/science_goal.uid___A001_X146c_X95/group.uid___A001_X146c_Xd5/member.uid___A001_X146c_Xda/product/member.uid___A001_X146c_Xda._867071__sci.spw16_18_20_22.cont.I.pbcor.fits
uid___A001_X146c_X95,uid___A001_X146c_Xd5,uid___A001_X146c_Xda,https://casdc.china-vo.org/mirror/ALMAGAL/2019.1.00195.L/QA2/science_goal.uid___A001_X146c_X95/group.uid___A001_X146c_Xd5/member.uid___A001_X146c_Xda/product/member.uid___A001_X146c_Xda._880433__sci.spw16_18_20_22.cont.I.pbcor.fits
uid___A001_X146c_X95,uid___A001_X146c_Xd5,uid___A001_X146c_Xda,https://casdc.china-vo.org/mirror/ALMAGAL/2019.1.00195.L/QA2/science_goal.uid___A001_X146c_X95/group.uid___A001_X146c_Xd5/member.uid___A001_X146c_Xda/product/member.uid___A001_X146c_Xda._881240__sci.spw16_18_20_22.cont.I.pbcor.fits
uid___A001_X146c_X95,uid___A001_X146c_Xd5,uid___A001_X146c_Xda,https://casdc.china-vo.org/mirror/ALMAGAL/2019.1.00195.L/QA2/science_goal.uid___A001_X146c_X95/group.uid___A001_X146c_Xd5/member.uid___A001_X146c_Xda/product/member.uid___A001_X146c_Xda._881427__sci.spw16_18_20_22.cont.I.pbcor.fits
uid___A001_X146c_X95,uid___A001_X146c_Xd5,uid___A001_X146c_Xda,https://casdc.china-vo.org/mirror/ALMAGAL/2019.1.00195.L/QA2/science_goal.uid___A001_X146c_X95/group.uid___A001_X146c_Xd5/member.uid___A001_X146c_Xda/product/member.uid___A001_X146c_Xda._881644__sci.spw16_18_20_22.cont.I.pbcor.fits
uid___A001_X146c_X95,uid___A001_X146c_Xd5,uid___A001_X146c_Xda,https://casdc.china-vo.org/mirror/ALMAGAL/2019.1.00195.L/QA2/science_goal.uid___A001_X146c_X95/group.uid___A001_X146c_Xd5/member.uid___A001_X146c_Xda/product/member.uid___A001_X146c_Xda._886383__sci.spw16_18_20_22.cont.I.pbcor.fits
uid___A001_X146c_X95,uid___A001_X146c_Xd5,uid___A001_X146c_Xda,https://casdc.china-vo.org/mirror/ALMAGAL/2019.1.00195.L/QA2/science_goal.uid___A001_X146c_X95/group.uid___A001_X146c_Xd5/member.uid___A001_X146c_Xda/product/member.uid___A001_X146c_Xda._G342.7057p00.1260B__sci.spw16_18_20_22.cont.I.pbcor.fits
uid___A001_X146c_X95,uid___A001_X146c_Xd5,uid___A001_X146c_Xda,https://casdc.china-vo.org/mirror/ALMAGAL/2019.1.00195.L/QA2/science_goal.uid___A001_X146c_X95/group.uid___A001_X146c_Xd5/member.uid___A001_X146c_Xda/product/member.uid___A001_X146c_Xda._G343.1261-00.0623__sci.spw16_18_20_22.cont.I.pbcor.fits
uid___A001_X146c_X95,uid___A001_X146c_Xd5,uid___A001_X146c_Xda,https://casdc.china-vo.org/mirror/ALMAGAL/2019.1.00195.L/QA2/science_goal.uid___A001_X146c_X95/group.uid___A001_X146c_Xd5/member.uid___A001_X146c_Xda/product/member.uid___A001_X146c_Xda._G343.5213-00.5171__sci.spw16_18_20_22.cont.I.pbcor.fits
uid___A001_X146c_X95,uid___A001_X146c_Xd5,uid___A001_X146c_Xda,https://casdc.china-vo.org/mirror/ALMAGAL/2019.1.00195.L/QA2/science_goal.uid___A001_X146c_X95/group.uid___A001_X146c_Xd5/member.uid___A001_X146c_Xda/product/member.uid___A001_X146c_Xda._G343.9033-00.6713__sci.spw16_18_20_22.cont.I.pbcor.fits
uid___A001_X146c_X95,uid___A001_X146c_Xd5,uid___A001_X146c_Xda,https://casdc.china-vo.org/mirror/ALMAGAL/2019.1.00195.L/QA2/science_goal.uid___A001_X146c_X95/group.uid___A001_X146c_Xd5/member.uid___A001_X146c_Xda/product/member.uid___A001_X146c_Xda._G345.5043p00.3480__sci.spw16_18_20_22.cont.I.pbcor.fits
uid___A001_X146c_X95,uid___A001_X146c_Xd5,uid___A001_X146c_Xda,https://casdc.china-vo.org/mirror/ALMAGAL/2019.1.00195.L/QA2/science_goal.uid___A001_X146c_X95/group.uid___A001_X146c_Xd5/member.uid___A001_X146c_Xda/product/member.uid___A001_X146c_Xda._G348.7342-01.0359B__sci.spw16_18_20_22.cont.I.pbcor.fits
uid___A001_X146c_X95,uid___A001_X146c_Xd5,uid___A001_X146c_Xda,https://casdc.china-vo.org/mirror/ALMAGAL/2019.1.00195.L/QA2/science_goal.uid___A001_X146c_X95/group.uid___A001_X146c_Xd5/member.uid___A001_X146c_Xda/product/member.uid___A001_X146c_Xda._G349.6433-01.0957A__sci.spw16_18_20_22.cont.I.pbcor.fits
uid___A001_X146c_X95,uid___A001_X146c_Xdc,uid___A001_X146c_Xdd,https://casdc.china-vo.org/mirror/ALMAGAL/2019.1.00195.L/QA2/science_goal.uid___A001_X146c_X95/group.uid___A001_X146c_Xdc/member.uid___A001_X146c_Xdd/product/member.uid___A001_X146c_Xdd._777339__sci.spw25_27_29_31.cont.I.pbcor.fits
uid___A001_X146c_X95,uid___A001_X146c_Xdc,uid___A001_X146c_Xdd,https://casdc.china-vo.org/mirror/ALMAGAL/2019.1.00195.L/QA2/science_goal.uid___A001_X146c_X95/group.uid___A001_X146c_Xdc/member.uid___A001_X146c_Xdd/product/member.uid___A001_X146c_Xdd._778940__sci.spw25_27_29_31.cont.I.pbcor.fits
uid___A001_X146c_X95,uid___A001_X146c_Xdc,uid___A001_X146c_Xdd,https://casdc.china-vo.org/mirror/ALMAGAL/2019.1.00195.L/QA2/science_goal.uid___A001_X146c_X95/group.uid___A001_X146c_Xdc/member.uid___A001_X146c_Xdd/product/member.uid___A001_X146c_Xdd._782293__sci.spw25_27_29_31.cont.I.pbcor.fits
uid___A001_X146c_X95,uid___A001_X146c_Xdc,uid___A001_X146c_Xdd,https://casdc.china-vo.org/mirror/ALMAGAL/2019.1.00195.L/QA2/science_goal.uid___A001_X146c_X95/group.uid___A001_X146c_Xdc/member.uid___A001_X146c_Xdd/product/member.uid___A001_X146c_Xdd._797095__sci.spw25_27_29_31.cont.I.pbcor.fits
uid___A001_X146c_X95,uid___A001_X146c_Xdc,uid___A001_X146c_Xdd,https://casdc.china-vo.org/mirror/ALMAGAL/2019.1.00195.L/QA2/science_goal.uid___A001_X146c_X95/group.uid___A001_X146c_Xdc/member.uid___A001_X146c_Xdd/product/member.uid___A001_X146c_Xdd._799832__sci.spw25_27_29_31.cont.I.pbcor.fits
uid___A001_X146c_X95,uid___A001_X146c_Xdc,uid___A001_X146c_Xdf,https://casdc.china-vo.org/mirror/ALMAGAL/2019.1.00195.L/QA2/science_goal.uid___A001_X146c_X95/group.uid___A001_X146c_Xdc/member.uid___A001_X146c_Xdf/product/member.uid___A001_X146c_Xdf._777339__sci.spw25_27_29_31.cont.I.pbcor.fits
uid___A001_X146c_X95,uid___A001_X146c_Xdc,uid___A001_X146c_Xdf,https://casdc.china-vo.org/mirror/ALMAGAL/2019.1.00195.L/QA2/science_goal.uid___A001_X146c_X95/group.uid___A001_X146c_Xdc/member.uid___A001_X146c_Xdf/product/member.uid___A001_X146c_Xdf._777573__sci.spw25_27_29_31.cont.I.pbcor.fits
uid___A001_X146c_X95,uid___A001_X146c_Xdc,uid___A001_X146c_Xdf,https://casdc.china-vo.org/mirror/ALMAGAL/2019.1.00195.L/QA2/science_goal.uid___A001_X146c_X95/group.uid___A001_X146c_Xdc/member.uid___A001_X146c_Xdf/product/member.uid___A001_X146c_Xdf._777707__sci.spw25_27_29_31.cont.I.pbcor.fits
uid___A001_X146c_X95,uid___A001_X146c_Xdc,uid___A001_X146c_Xdf,https://casdc.china-vo.org/mirror/ALMAGAL/2019.1.00195.L/QA2/science_goal.uid___A001_X146c_X95/group.uid___A001_X146c_Xdc/member.uid___A001_X146c_Xdf/product/member.uid___A001_X146c_Xdf._777988__sci.spw25_27_29_31.cont.I.pbcor.fits
uid___A001_X146c_X95,uid___A001_X146c_Xdc,uid___A001_X146c_Xdf,https://casdc.china-vo.org/mirror/ALMAGAL/2019.1.00195.L/QA2/science_goal.uid___A001_X146c_X95/group.uid___A001_X146c_Xdc/member.uid___A001_X146c_Xdf/product/member.uid___A001_X146c_Xdf._778177__sci.spw25_27_29_31.cont.I.pbcor.fits
uid___A001_X146c_X95,uid___A001_X146c_Xdc,uid___A001_X146c_Xdf,https://casdc.china-vo.org/mirror/ALMAGAL/2019.1.00195.L/QA2/science_goal.uid___A001_X146c_X95/group.uid___A001_X146c_Xdc/member.uid___A001_X146c_Xdf/product/member.uid___A001_X146c_Xdf._778289__sci.spw25_27_29_31.cont.I.pbcor.fits
uid___A001_X146c_X95,uid___A001_X146c_Xdc,uid___A001_X146c_Xdf,https://casdc.china-vo.org/mirror/ALMAGAL/2019.1.00195.L/QA2/science_goal.uid___A001_X146c_X95/group.uid___A001_X146c_Xdc/member.uid___A001_X146c_Xdf/product/member.uid___A001_X146c_Xdf._778802__sci.spw25_27_29_31.cont.I.pbcor.fits
uid___A001_X146c_X95,uid___A001_X146c_Xdc,uid___A001_X146c_Xdf,https://casdc.china-vo.org/mirror/ALMAGAL/2019.1.00195.L/QA2/science_goal.uid___A001_X146c_X95/group.uid___A001_X146c_Xdc/member.uid___A001_X146c_Xdf/product/member.uid___A001_X146c_Xdf._778839__sci.spw25_27_29_31.cont.I.pbcor.fits
uid___A001_X146c_X95,uid___A001_X146c_Xdc,uid___A001_X146c_Xdf,https://casdc.china-vo.org/mirror/ALMAGAL/2019.1.00195.L/QA2/science_goal.uid___A001_X146c_X95/group.uid___A001_X146c_Xdc/member.uid___A001_X146c_Xdf/product/member.uid___A001_X146c_Xdf._778917__sci.spw25_27_29_31.cont.I.pbcor.fits
uid___A001_X146c_X95,uid___A001_X146c_Xdc,uid___A001_X146c_Xdf,https://casdc.china-vo.org/mirror/ALMAGAL/2019.1.00195.L/QA2/science_goal.uid___A001_X146c_X95/group.uid___A001_X146c_Xdc/member.uid___A001_X146c_Xdf/product/member.uid___A001_X146c_Xdf._778940__sci.spw25_27_29_31.cont.I.pbcor.fits
uid___A001_X146c_X95,uid___A001_X146c_Xdc,uid___A001_X146c_Xdf,https://casdc.china-vo.org/mirror/ALMAGAL/2019.1.00195.L/QA2/science_goal.uid___A001_X146c_X95/group.uid___A001_X146c_Xdc/member.uid___A001_X146c_Xdf/product/member.uid___A001_X146c_Xdf._779459__sci.spw25_27_29_31.cont.I.pbcor.fits
uid___A001_X146c_X95,uid___A001_X146c_Xdc,uid___A001_X146c_Xdf,https://casdc.china-vo.org/mirror/ALMAGAL/2019.1.00195.L/QA2/science_goal.uid___A001_X146c_X95/group.uid___A001_X146c_Xdc/member.uid___A001_X146c_Xdf/product/member.uid___A001_X146c_Xdf._779523__sci.spw25_27_29_31.cont.I.pbcor.fits
uid___A001_X146c_X95,uid___A001_X146c_Xdc,uid___A001_X146c_Xdf,https://casdc.china-vo.org/mirror/ALMAGAL/2019.1.00195.L/QA2/science_goal.uid___A001_X146c_X95/group.uid___A001_X146c_Xdc/member.uid___A001_X146c_Xdf/product/member.uid___A001_X146c_Xdf._779936__sci.spw25_27_29_31.cont.I.pbcor.fits
uid___A001_X146c_X95,uid___A001_X146c_Xdc,uid___A001_X146c_Xdf,https://casdc.china-vo.org/mirror/ALMAGAL/2019.1.00195.L/QA2/science_goal.uid___A001_X146c_X95/group.uid___A001_X146c_Xdc/member.uid___A001_X146c_Xdf/product/member.uid___A001_X146c_Xdf._779984__sci.spw25_27_29_31.cont.I.pbcor.fits
uid___A001_X146c_X95,uid___A001_X146c_Xdc,uid___A001_X146c_Xdf,https://casdc.china-vo.org/mirror/ALMAGAL/2019.1.00195.L/QA2/science_goal.uid___A001_X146c_X95/group.uid___A001_X146c_Xdc/member.uid___A001_X146c_Xdf/product/member.uid___A001_X146c_Xdf._780026__sci.spw25_27_29_31.cont.I.pbcor.fits
uid___A001_X146c_X95,uid___A001_X146c_Xdc,uid___A001_X146c_Xdf,https://casdc.china-vo.org/mirror/ALMAGAL/2019.1.00195.L/QA2/science_goal.uid___A001_X146c_X95/group.uid___A001_X146c_Xdc/member.uid___A001_X146c_Xdf/product/member.uid___A001_X146c_Xdf._780386__sci.spw25_27_29_31.cont.I.pbcor.fits
uid___A001_X146c_X95,uid___A001_X146c_Xdc,uid___A001_X146c_Xdf,https://casdc.china-vo.org/mirror/ALMAGAL/2019.1.00195.L/QA2/science_goal.uid___A001_X146c_X95/group.uid___A001_X146c_Xdc/member.uid___A001_X146c_Xdf/product/member.uid___A001_X146c_Xdf._780504__sci.spw25_27_29_31.cont.I.pbcor.fits
uid___A001_X146c_X95,uid___A001_X146c_Xdc,uid___A001_X146c_Xdf,https://casdc.china-vo.org/mirror/ALMAGAL/2019.1.00195.L/QA2/science_goal.uid___A001_X146c_X95/group.uid___A001_X146c_Xdc/member.uid___A001_X146c_Xdf/product/member.uid___A001_X146c_Xdf._780649__sci.spw25_27_29_31.cont.I.pbcor.fits
uid___A001_X146c_X95,uid___A001_X146c_Xdc,uid___A001_X146c_Xdf,https://casdc.china-vo.org/mirror/ALMAGAL/2019.1.00195.L/QA2/science_goal.uid___A001_X146c_X95/group.uid___A001_X146c_Xdc/member.uid___A001_X146c_Xdf/product/member.uid___A001_X146c_Xdf._780892__sci.spw25_27_29_31.cont.I.pbcor.fits
uid___A001_X146c_X95,uid___A001_X146c_Xdc,uid___A001_X146c_Xdf,https://casdc.china-vo.org/mirror/ALMAGAL/2019.1.00195.L/QA2/science_goal.uid___A001_X146c_X95/group.uid___A001_X146c_Xdc/member.uid___A001_X146c_Xdf/product/member.uid___A001_X146c_Xdf._781068__sci.spw25_27_29_31.cont.I.pbcor.fits
uid___A001_X146c_X95,uid___A001_X146c_Xdc,uid___A001_X146c_Xdf,https://casdc.china-vo.org/mirror/ALMAGAL/2019.1.00195.L/QA2/science_goal.uid___A001_X146c_X95/group.uid___A001_X146c_Xdc/member.uid___A001_X146c_Xdf/product/member.uid___A001_X146c_Xdf._781217__sci.spw25_27_29_31.cont.I.pbcor.fits
uid___A001_X146c_X95,uid___A001_X146c_Xdc,uid___A001_X146c_Xdf,https://casdc.china-vo.org/mirror/ALMAGAL/2019.1.00195.L/QA2/science_goal.uid___A001_X146c_X95/group.uid___A001_X146c_Xdc/member.uid___A001_X146c_Xdf/product/member.uid___A001_X146c_Xdf._781268__sci.spw25_27_29_31.cont.I.pbcor.fits
uid___A001_X146c_X95,uid___A001_X146c_Xdc,uid___A001_X146c_Xdf,https://casdc.china-vo.org/mirror/ALMAGAL/2019.1.00195.L/QA2/science_goal.uid___A001_X146c_X95/group.uid___A001_X146c_Xdc/member.uid___A001_X146c_Xdf/product/member.uid___A001_X146c_Xdf._781741__sci.spw25_27_29_31.cont.I.pbcor.fits
uid___A001_X146c_X95,uid___A001_X146c_Xdc,uid___A001_X146c_Xdf,https://casdc.china-vo.org/mirror/ALMAGAL/2019.1.00195.L/QA2/science_goal.uid___A001_X146c_X95/group.uid___A001_X146c_Xdc/member.uid___A001_X146c_Xdf/product/member.uid___A001_X146c_Xdf._781827__sci.spw25_27_29_31.cont.I.pbcor.fits
uid___A001_X146c_X95,uid___A001_X146c_Xdc,uid___A001_X146c_Xdf,https://casdc.china-vo.org/mirror/ALMAGAL/2019.1.00195.L/QA2/science_goal.uid___A001_X146c_X95/group.uid___A001_X146c_Xdc/member.uid___A001_X146c_Xdf/product/member.uid___A001_X146c_Xdf._781938__sci.spw25_27_29_31.cont.I.pbcor.fits
uid___A001_X146c_X95,uid___A001_X146c_Xdc,uid___A001_X146c_Xdf,https://casdc.china-vo.org/mirror/ALMAGAL/2019.1.00195.L/QA2/science_goal.uid___A001_X146c_X95/group.uid___A001_X146c_Xdc/member.uid___A001_X146c_Xdf/product/member.uid___A001_X146c_Xdf._782096__sci.spw25_27_29_31.cont.I.pbcor.fits
uid___A001_X146c_X95,uid___A001_X146c_Xdc,uid___A001_X146c_Xdf,https://casdc.china-vo.org/mirror/ALMAGAL/2019.1.00195.L/QA2/science_goal.uid___A001_X146c_X95/group.uid___A001_X146c_Xdc/member.uid___A001_X146c_Xdf/product/member.uid___A001_X146c_Xdf._782264__sci.spw25_27_29_31.cont.I.pbcor.fits
uid___A001_X146c_X95,uid___A001_X146c_Xdc,uid___A001_X146c_Xdf,https://casdc.china-vo.org/mirror/ALMAGAL/2019.1.00195.L/QA2/science_goal.uid___A001_X146c_X95/group.uid___A001_X146c_Xdc/member.uid___A001_X146c_Xdf/product/member.uid___A001_X146c_Xdf._782293__sci.spw25_27_29_31.cont.I.pbcor.fits
uid___A001_X146c_X95,uid___A001_X146c_Xdc,uid___A001_X146c_Xdf,https://casdc.china-vo.org/mirror/ALMAGAL/2019.1.00195.L/QA2/science_goal.uid___A001_X146c_X95/group.uid___A001_X146c_Xdc/member.uid___A001_X146c_Xdf/product/member.uid___A001_X146c_Xdf._782519__sci.spw25_27_29_31.cont.I.pbcor.fits
uid___A001_X146c_X95,uid___A001_X146c_Xdc,uid___A001_X146c_Xdf,https://casdc.china-vo.org/mirror/ALMAGAL/2019.1.00195.L/QA2/science_goal.uid___A001_X146c_X95/group.uid___A001_X146c_Xdc/member.uid___A001_X146c_Xdf/product/member.uid___A001_X146c_Xdf._782569__sci.spw25_27_29_31.cont.I.pbcor.fits
uid___A001_X146c_X95,uid___A001_X146c_Xdc,uid___A001_X146c_Xdf,https://casdc.china-vo.org/mirror/ALMAGAL/2019.1.00195.L/QA2/science_goal.uid___A001_X146c_X95/group.uid___A001_X146c_Xdc/member.uid___A001_X146c_Xdf/product/member.uid___A001_X146c_Xdf._782611__sci.spw25_27_29_31.cont.I.pbcor.fits
uid___A001_X146c_X95,uid___A001_X146c_Xdc,uid___A001_X146c_Xdf,https://casdc.china-vo.org/mirror/ALMAGAL/2019.1.00195.L/QA2/science_goal.uid___A001_X146c_X95/group.uid___A001_X146c_Xdc/member.uid___A001_X146c_Xdf/product/member.uid___A001_X146c_Xdf._783350__sci.spw25_27_29_31.cont.I.pbcor.fits
uid___A001_X146c_X95,uid___A001_X146c_Xdc,uid___A001_X146c_Xdf,https://casdc.china-vo.org/mirror/ALMAGAL/2019.1.00195.L/QA2/science_goal.uid___A001_X146c_X95/group.uid___A001_X146c_Xdc/member.uid___A001_X146c_Xdf/product/member.uid___A001_X146c_Xdf._784256__sci.spw25_27_29_31.cont.I.pbcor.fits
uid___A001_X146c_X95,uid___A001_X146c_Xdc,uid___A001_X146c_Xdf,https://casdc.china-vo.org/mirror/ALMAGAL/2019.1.00195.L/QA2/science_goal.uid___A001_X146c_X95/group.uid___A001_X146c_Xdc/member.uid___A001_X146c_Xdf/product/member.uid___A001_X146c_Xdf._784611__sci.spw25_27_29_31.cont.I.pbcor.fits
uid___A001_X146c_X95,uid___A001_X146c_Xdc,uid___A001_X146c_Xdf,https://casdc.china-vo.org/mirror/ALMAGAL/2019.1.00195.L/QA2/science_goal.uid___A001_X146c_X95/group.uid___A001_X146c_Xdc/member.uid___A001_X146c_Xdf/product/member.uid___A001_X146c_Xdf._784674__sci.spw25_27_29_31.cont.I.pbcor.fits
uid___A001_X146c_X95,uid___A001_X146c_Xdc,uid___A001_X146c_Xdf,https://casdc.china-vo.org/mirror/ALMAGAL/2019.1.00195.L/QA2/science_goal.uid___A001_X146c_X95/group.uid___A001_X146c_Xdc/member.uid___A001_X146c_Xdf/product/member.uid___A001_X146c_Xdf._784722__sci.spw25_27_29_31.cont.I.pbcor.fits
uid___A001_X146c_X95,uid___A001_X146c_Xdc,uid___A001_X146c_Xdf,https://casdc.china-vo.org/mirror/ALMAGAL/2019.1.00195.L/QA2/science_goal.uid___A001_X146c_X95/group.uid___A001_X146c_Xdc/member.uid___A001_X146c_Xdf/product/member.uid___A001_X146c_Xdf._784793__sci.spw25_27_29_31.cont.I.pbcor.fits
uid___A001_X146c_X95,uid___A001_X146c_Xdc,uid___A001_X146c_Xdf,https://casdc.china-vo.org/mirror/ALMAGAL/2019.1.00195.L/QA2/science_goal.uid___A001_X146c_X95/group.uid___A001_X146c_Xdc/member.uid___A001_X146c_Xdf/product/member.uid___A001_X146c_Xdf._784890__sci.spw25_27_29_31.cont.I.pbcor.fits
uid___A001_X146c_X95,uid___A001_X146c_Xdc,uid___A001_X146c_Xdf,https://casdc.china-vo.org/mirror/ALMAGAL/2019.1.00195.L/QA2/science_goal.uid___A001_X146c_X95/group.uid___A001_X146c_Xdc/member.uid___A001_X146c_Xdf/product/member.uid___A001_X146c_Xdf._785620__sci.spw25_27_29_31.cont.I.pbcor.fits
uid___A001_X146c_X95,uid___A001_X146c_Xdc,uid___A001_X146c_Xdf,https://casdc.china-vo.org/mirror/ALMAGAL/2019.1.00195.L/QA2/science_goal.uid___A001_X146c_X95/group.uid___A001_X146c_Xdc/member.uid___A001_X146c_Xdf/product/member.uid___A001_X146c_Xdf._786246__sci.spw25_27_29_31.cont.I.pbcor.fits
uid___A001_X146c_X95,uid___A001_X146c_Xdc,uid___A001_X146c_Xdf,https://casdc.china-vo.org/mirror/ALMAGAL/2019.1.00195.L/QA2/science_goal.uid___A001_X146c_X95/group.uid___A001_X146c_Xdc/member.uid___A001_X146c_Xdf/product/member.uid___A001_X146c_Xdf._787062__sci.spw25_27_29_31.cont.I.pbcor.fits
uid___A001_X146c_X95,uid___A001_X146c_Xdc,uid___A001_X146c_Xdf,https://casdc.china-vo.org/mirror/ALMAGAL/2019.1.00195.L/QA2/science_goal.uid___A001_X146c_X95/group.uid___A001_X146c_Xdc/member.uid___A001_X146c_Xdf/product/member.uid___A001_X146c_Xdf._787212__sci.spw25_27_29_31.cont.I.pbcor.fits
uid___A001_X146c_X95,uid___A001_X146c_Xdc,uid___A001_X146c_Xdf,https://casdc.china-vo.org/mirror/ALMAGAL/2019.1.00195.L/QA2/science_goal.uid___A001_X146c_X95/group.uid___A001_X146c_Xdc/member.uid___A001_X146c_Xdf/product/member.uid___A001_X146c_Xdf._787345__sci.spw25_27_29_31.cont.I.pbcor.fits
uid___A001_X146c_X95,uid___A001_X146c_Xdc,uid___A001_X146c_Xdf,https://casdc.china-vo.org/mirror/ALMAGAL/2019.1.00195.L/QA2/science_goal.uid___A001_X146c_X95/group.uid___A001_X146c_Xdc/member.uid___A001_X146c_Xdf/product/member.uid___A001_X146c_Xdf._787643__sci.spw25_27_29_31.cont.I.pbcor.fits
uid___A001_X146c_X95,uid___A001_X146c_Xdc,uid___A001_X146c_Xdf,https://casdc.china-vo.org/mirror/ALMAGAL/2019.1.00195.L/QA2/science_goal.uid___A001_X146c_X95/group.uid___A001_X146c_Xdc/member.uid___A001_X146c_Xdf/product/member.uid___A001_X146c_Xdf._787699__sci.spw25_27_29_31.cont.I.pbcor.fits
uid___A001_X146c_X95,uid___A001_X146c_Xdc,uid___A001_X146c_Xdf,https://casdc.china-vo.org/mirror/ALMAGAL/2019.1.00195.L/QA2/science_goal.uid___A001_X146c_X95/group.uid___A001_X146c_Xdc/member.uid___A001_X146c_Xdf/product/member.uid___A001_X146c_Xdf._787947__sci.spw25_27_29_31.cont.I.pbcor.fits
uid___A001_X146c_X95,uid___A001_X146c_Xdc,uid___A001_X146c_Xdf,https://casdc.china-vo.org/mirror/ALMAGAL/2019.1.00195.L/QA2/science_goal.uid___A001_X146c_X95/group.uid___A001_X146c_Xdc/member.uid___A001_X146c_Xdf/product/member.uid___A001_X146c_Xdf._788531__sci.spw25_27_29_31.cont.I.pbcor.fits
uid___A001_X146c_X95,uid___A001_X146c_Xdc,uid___A001_X146c_Xdf,https://casdc.china-vo.org/mirror/ALMAGAL/2019.1.00195.L/QA2/science_goal.uid___A001_X146c_X95/group.uid___A001_X146c_Xdc/member.uid___A001_X146c_Xdf/product/member.uid___A001_X146c_Xdf._790672__sci.spw25_27_29_31.cont.I.pbcor.fits
uid___A001_X146c_X95,uid___A001_X146c_Xdc,uid___A001_X146c_Xdf,https://casdc.china-vo.org/mirror/ALMAGAL/2019.1.00195.L/QA2/science_goal.uid___A001_X146c_X95/group.uid___A001_X146c_Xdc/member.uid___A001_X146c_Xdf/product/member.uid___A001_X146c_Xdf._791907__sci.spw25_27_29_31.cont.I.pbcor.fits
uid___A001_X146c_X95,uid___A001_X146c_Xdc,uid___A001_X146c_Xdf,https://casdc.china-vo.org/mirror/ALMAGAL/2019.1.00195.L/QA2/science_goal.uid___A001_X146c_X95/group.uid___A001_X146c_Xdc/member.uid___A001_X146c_Xdf/product/member.uid___A001_X146c_Xdf._792192__sci.spw25_27_29_31.cont.I.pbcor.fits
uid___A001_X146c_X95,uid___A001_X146c_Xdc,uid___A001_X146c_Xdf,https://casdc.china-vo.org/mirror/ALMAGAL/2019.1.00195.L/QA2/science_goal.uid___A001_X146c_X95/group.uid___A001_X146c_Xdc/member.uid___A001_X146c_Xdf/product/member.uid___A001_X146c_Xdf._792278__sci.spw25_27_29_31.cont.I.pbcor.fits
uid___A001_X146c_X95,uid___A001_X146c_Xdc,uid___A001_X146c_Xdf,https://casdc.china-vo.org/mirror/ALMAGAL/2019.1.00195.L/QA2/science_goal.uid___A001_X146c_X95/group.uid___A001_X146c_Xdc/member.uid___A001_X146c_Xdf/product/member.uid___A001_X146c_Xdf._792355__sci.spw25_27_29_31.cont.I.pbcor.fits
uid___A001_X146c_X95,uid___A001_X146c_Xdc,uid___A001_X146c_Xdf,https://casdc.china-vo.org/mirror/ALMAGAL/2019.1.00195.L/QA2/science_goal.uid___A001_X146c_X95/group.uid___A001_X146c_Xdc/member.uid___A001_X146c_Xdf/product/member.uid___A001_X146c_Xdf._792437__sci.spw25_27_29_31.cont.I.pbcor.fits
uid___A001_X146c_X95,uid___A001_X146c_Xdc,uid___A001_X146c_Xdf,https://casdc.china-vo.org/mirror/ALMAGAL/2019.1.00195.L/QA2/science_goal.uid___A001_X146c_X95/group.uid___A001_X146c_Xdc/member.uid___A001_X146c_Xdf/product/member.uid___A001_X146c_Xdf._792545__sci.spw25_27_29_31.cont.I.pbcor.fits
uid___A001_X146c_X95,uid___A001_X146c_Xdc,uid___A001_X146c_Xdf,https://casdc.china-vo.org/mirror/ALMAGAL/2019.1.00195.L/QA2/science_goal.uid___A001_X146c_X95/group.uid___A001_X146c_Xdc/member.uid___A001_X146c_Xdf/product/member.uid___A001_X146c_Xdf._793695__sci.spw25_27_29_31.cont.I.pbcor.fits
uid___A001_X146c_X95,uid___A001_X146c_Xdc,uid___A001_X146c_Xdf,https://casdc.china-vo.org/mirror/ALMAGAL/2019.1.00195.L/QA2/science_goal.uid___A001_X146c_X95/group.uid___A001_X146c_Xdc/member.uid___A001_X146c_Xdf/product/member.uid___A001_X146c_Xdf._793710__sci.spw25_27_29_31.cont.I.pbcor.fits
uid___A001_X146c_X95,uid___A001_X146c_Xdc,uid___A001_X146c_Xdf,https://casdc.china-vo.org/mirror/ALMAGAL/2019.1.00195.L/QA2/science_goal.uid___A001_X146c_X95/group.uid___A001_X146c_Xdc/member.uid___A001_X146c_Xdf/product/member.uid___A001_X146c_Xdf._793779__sci.spw25_27_29_31.cont.I.pbcor.fits
uid___A001_X146c_X95,uid___A001_X146c_Xdc,uid___A001_X146c_Xdf,https://casdc.china-vo.org/mirror/ALMAGAL/2019.1.00195.L/QA2/science_goal.uid___A001_X146c_X95/group.uid___A001_X146c_Xdc/member.uid___A001_X146c_Xdf/product/member.uid___A001_X146c_Xdf._797087__sci.spw25_27_29_31.cont.I.pbcor.fits
uid___A001_X146c_X95,uid___A001_X146c_Xdc,uid___A001_X146c_Xdf,https://casdc.china-vo.org/mirror/ALMAGAL/2019.1.00195.L/QA2/science_goal.uid___A001_X146c_X95/group.uid___A001_X146c_Xdc/member.uid___A001_X146c_Xdf/product/member.uid___A001_X146c_Xdf._797095__sci.spw25_27_29_31.cont.I.pbcor.fits
uid___A001_X146c_X95,uid___A001_X146c_Xdc,uid___A001_X146c_Xdf,https://casdc.china-vo.org/mirror/ALMAGAL/2019.1.00195.L/QA2/science_goal.uid___A001_X146c_X95/group.uid___A001_X146c_Xdc/member.uid___A001_X146c_Xdf/product/member.uid___A001_X146c_Xdf._797524__sci.spw25_27_29_31.cont.I.pbcor.fits
uid___A001_X146c_X95,uid___A001_X146c_Xdc,uid___A001_X146c_Xdf,https://casdc.china-vo.org/mirror/ALMAGAL/2019.1.00195.L/QA2/science_goal.uid___A001_X146c_X95/group.uid___A001_X146c_Xdc/member.uid___A001_X146c_Xdf/product/member.uid___A001_X146c_Xdf._797972__sci.spw25_27_29_31.cont.I.pbcor.fits
uid___A001_X146c_X95,uid___A001_X146c_Xdc,uid___A001_X146c_Xdf,https://casdc.china-vo.org/mirror/ALMAGAL/2019.1.00195.L/QA2/science_goal.uid___A001_X146c_X95/group.uid___A001_X146c_Xdc/member.uid___A001_X146c_Xdf/product/member.uid___A001_X146c_Xdf._798822__sci.spw25_27_29_31.cont.I.pbcor.fits
uid___A001_X146c_X95,uid___A001_X146c_Xdc,uid___A001_X146c_Xdf,https://casdc.china-vo.org/mirror/ALMAGAL/2019.1.00195.L/QA2/science_goal.uid___A001_X146c_X95/group.uid___A001_X146c_Xdc/member.uid___A001_X146c_Xdf/product/member.uid___A001_X146c_Xdf._799153__sci.spw25_27_29_31.cont.I.pbcor.fits
uid___A001_X146c_X95,uid___A001_X146c_Xdc,uid___A001_X146c_Xdf,https://casdc.china-vo.org/mirror/ALMAGAL/2019.1.00195.L/QA2/science_goal.uid___A001_X146c_X95/group.uid___A001_X146c_Xdc/member.uid___A001_X146c_Xdf/product/member.uid___A001_X146c_Xdf._799503__sci.spw25_27_29_31.cont.I.pbcor.fits
uid___A001_X146c_X95,uid___A001_X146c_Xdc,uid___A001_X146c_Xdf,https://casdc.china-vo.org/mirror/ALMAGAL/2019.1.00195.L/QA2/science_goal.uid___A001_X146c_X95/group.uid___A001_X146c_Xdc/member.uid___A001_X146c_Xdf/product/member.uid___A001_X146c_Xdf._799832__sci.spw25_27_29_31.cont.I.pbcor.fits
uid___A001_X146c_X95,uid___A001_X146c_Xdc,uid___A001_X146c_Xdf,https://casdc.china-vo.org/mirror/ALMAGAL/2019.1.00195.L/QA2/science_goal.uid___A001_X146c_X95/group.uid___A001_X146c_Xdc/member.uid___A001_X146c_Xdf/product/member.uid___A001_X146c_Xdf._800055__sci.spw25_27_29_31.cont.I.pbcor.fits
uid___A001_X146c_X95,uid___A001_X146c_Xdc,uid___A001_X146c_Xdf,https://casdc.china-vo.org/mirror/ALMAGAL/2019.1.00195.L/QA2/science_goal.uid___A001_X146c_X95/group.uid___A001_X146c_Xdc/member.uid___A001_X146c_Xdf/product/member.uid___A001_X146c_Xdf._800114__sci.spw25_27_29_31.cont.I.pbcor.fits
uid___A001_X146c_X95,uid___A001_X146c_Xdc,uid___A001_X146c_Xdf,https://casdc.china-vo.org/mirror/ALMAGAL/2019.1.00195.L/QA2/science_goal.uid___A001_X146c_X95/group.uid___A001_X146c_Xdc/member.uid___A001_X146c_Xdf/product/member.uid___A001_X146c_Xdf._800202__sci.spw25_27_29_31.cont.I.pbcor.fits
uid___A001_X146c_X95,uid___A001_X146c_Xdc,uid___A001_X146c_Xdf,https://casdc.china-vo.org/mirror/ALMAGAL/2019.1.00195.L/QA2/science_goal.uid___A001_X146c_X95/group.uid___A001_X146c_Xdc/member.uid___A001_X146c_Xdf/product/member.uid___A001_X146c_Xdf._800751__sci.spw25_27_29_31.cont.I.pbcor.fits
uid___A001_X146c_X95,uid___A001_X146c_Xdc,uid___A001_X146c_Xdf,https://casdc.china-vo.org/mirror/ALMAGAL/2019.1.00195.L/QA2/science_goal.uid___A001_X146c_X95/group.uid___A001_X146c_Xdc/member.uid___A001_X146c_Xdf/product/member.uid___A001_X146c_Xdf._800891__sci.spw25_27_29_31.cont.I.pbcor.fits
uid___A001_X146c_X95,uid___A001_X146c_Xdc,uid___A001_X146c_Xdf,https://casdc.china-vo.org/mirror/ALMAGAL/2019.1.00195.L/QA2/science_goal.uid___A001_X146c_X95/group.uid___A001_X146c_Xdc/member.uid___A001_X146c_Xdf/product/member.uid___A001_X146c_Xdf._800967__sci.spw25_27_29_31.cont.I.pbcor.fits
uid___A001_X146c_X95,uid___A001_X146c_Xdc,uid___A001_X146c_Xdf,https://casdc.china-vo.org/mirror/ALMAGAL/2019.1.00195.L/QA2/science_goal.uid___A001_X146c_X95/group.uid___A001_X146c_Xdc/member.uid___A001_X146c_Xdf/product/member.uid___A001_X146c_Xdf._801000__sci.spw25_27_29_31.cont.I.pbcor.fits
uid___A001_X146c_X95,uid___A001_X146c_Xdc,uid___A001_X146c_Xdf,https://casdc.china-vo.org/mirror/ALMAGAL/2019.1.00195.L/QA2/science_goal.uid___A001_X146c_X95/group.uid___A001_X146c_Xdc/member.uid___A001_X146c_Xdf/product/member.uid___A001_X146c_Xdf._801089__sci.spw25_27_29_31.cont.I.pbcor.fits
uid___A001_X146c_X95,uid___A001_X146c_Xdc,uid___A001_X146c_Xdf,https://casdc.china-vo.org/mirror/ALMAGAL/2019.1.00195.L/QA2/science_goal.uid___A001_X146c_X95/group.uid___A001_X146c_Xdc/member.uid___A001_X146c_Xdf/product/member.uid___A001_X146c_Xdf._801282__sci.spw25_27_29_31.cont.I.pbcor.fits
uid___A001_X146c_X95,uid___A001_X146c_Xdc,uid___A001_X146c_Xdf,https://casdc.china-vo.org/mirror/ALMAGAL/2019.1.00195.L/QA2/science_goal.uid___A001_X146c_X95/group.uid___A001_X146c_Xdc/member.uid___A001_X146c_Xdf/product/member.uid___A001_X146c_Xdf._801644__sci.spw25_27_29_31.cont.I.pbcor.fits
uid___A001_X146c_X95,uid___A001_X146c_Xdc,uid___A001_X146c_Xdf,https://casdc.china-vo.org/mirror/ALMAGAL/2019.1.00195.L/QA2/science_goal.uid___A001_X146c_X95/group.uid___A001_X146c_Xdc/member.uid___A001_X146c_Xdf/product/member.uid___A001_X146c_Xdf._802291__sci.spw25_27_29_31.cont.I.pbcor.fits
uid___A001_X146c_X95,uid___A001_X146c_Xdc,uid___A001_X146c_Xdf,https://casdc.china-vo.org/mirror/ALMAGAL/2019.1.00195.L/QA2/science_goal.uid___A001_X146c_X95/group.uid___A001_X146c_Xdc/member.uid___A001_X146c_Xdf/product/member.uid___A001_X146c_Xdf._802647__sci.spw25_27_29_31.cont.I.pbcor.fits
uid___A001_X146c_X95,uid___A001_X146c_Xdc,uid___A001_X146c_Xdf,https://casdc.china-vo.org/mirror/ALMAGAL/2019.1.00195.L/QA2/science_goal.uid___A001_X146c_X95/group.uid___A001_X146c_Xdc/member.uid___A001_X146c_Xdf/product/member.uid___A001_X146c_Xdf._803218__sci.spw25_27_29_31.cont.I.pbcor.fits
uid___A001_X146c_X95,uid___A001_X146c_Xdc,uid___A001_X146c_Xdf,https://casdc.china-vo.org/mirror/ALMAGAL/2019.1.00195.L/QA2/science_goal.uid___A001_X146c_X95/group.uid___A001_X146c_Xdc/member.uid___A001_X146c_Xdf/product/member.uid___A001_X146c_Xdf._G326.4755p00.6947__sci.spw25_27_29_31.cont.I.pbcor.fits
uid___A001_X146c_X95,uid___A001_X146c_Xdc,uid___A001_X146c_Xdf,https://casdc.china-vo.org/mirror/ALMAGAL/2019.1.00195.L/QA2/science_goal.uid___A001_X146c_X95/group.uid___A001_X146c_Xdc/member.uid___A001_X146c_Xdf/product/member.uid___A001_X146c_Xdf._G326.6618p00.5207__sci.spw25_27_29_31.cont.I.pbcor.fits
uid___A001_X146c_X95,uid___A001_X146c_Xdc,uid___A001_X146c_Xdf,https://casdc.china-vo.org/mirror/ALMAGAL/2019.1.00195.L/QA2/science_goal.uid___A001_X146c_X95/group.uid___A001_X146c_Xdc/member.uid___A001_X146c_Xdf/product/member.uid___A001_X146c_Xdf._G327.9455-00.1149__sci.spw25_27_29_31.cont.I.pbcor.fits
uid___A001_X146c_X95,uid___A001_X146c_Xdc,uid___A001_X146c_Xdf,https://casdc.china-vo.org/mirror/ALMAGAL/2019.1.00195.L/QA2/science_goal.uid___A001_X146c_X95/group.uid___A001_X146c_Xdc/member.uid___A001_X146c_Xdf/product/member.uid___A001_X146c_Xdf._G328.5487p00.2717__sci.spw25_27_29_31.cont.I.pbcor.fits
uid___A001_X146c_X95,uid___A001_X146c_Xdc,uid___A001_X146c_Xdf,https://casdc.china-vo.org/mirror/ALMAGAL/2019.1.00195.L/QA2/science_goal.uid___A001_X146c_X95/group.uid___A001_X146c_Xdc/member.uid___A001_X146c_Xdf/product/member.uid___A001_X146c_Xdf._G329.2713p00.1147__sci.spw25_27_29_31.cont.I.pbcor.fits
uid___A001_X146c_X95,uid___A001_X146c_Xdc,uid___A001_X146c_Xdf,https://casdc.china-vo.org/mirror/ALMAGAL/2019.1.00195.L/QA2/science_goal.uid___A001_X146c_X95/group.uid___A001_X146c_Xdc/member.uid___A001_X146c_Xdf/product/member.uid___A001_X146c_Xdf._G329.6098p00.1139__sci.spw25_27_29_31.cont.I.pbcor.fits
uid___A001_X146c_X95,uid___A001_X146c_Xdc,uid___A001_X146c_Xdf,https://casdc.china-vo.org/mirror/ALMAGAL/2019.1.00195.L/QA2/science_goal.uid___A001_X146c_X95/group.uid___A001_X146c_Xdc/member.uid___A001_X146c_Xdf/product/member.uid___A001_X146c_Xdf._G330.0699p01.0639__sci.spw25_27_29_31.cont.I.pbcor.fits
uid___A001_X146c_X95,uid___A001_X146c_Xdc,uid___A001_X146c_Xdf,https://casdc.china-vo.org/mirror/ALMAGAL/2019.1.00195.L/QA2/science_goal.uid___A001_X146c_X95/group.uid___A001_X146c_Xdc/member.uid___A001_X146c_Xdf/product/member.uid___A001_X146c_Xdf._G331.6191-00.0442A__sci.spw25_27_29_31.cont.I.pbcor.fits
uid___A001_X146c_X95,uid___A001_X146c_Xdc,uid___A001_X146c_Xe1,https://casdc.china-vo.org/mirror/ALMAGAL/2019.1.00195.L/QA2/science_goal.uid___A001_X146c_X95/group.uid___A001_X146c_Xdc/member.uid___A001_X146c_Xe1/product/member.uid___A001_X146c_Xe1._777339__sci.spw16_18_20_22.cont.I.pbcor.fits
uid___A001_X146c_X95,uid___A001_X146c_Xdc,uid___A001_X146c_Xe1,https://casdc.china-vo.org/mirror/ALMAGAL/2019.1.00195.L/QA2/science_goal.uid___A001_X146c_X95/group.uid___A001_X146c_Xdc/member.uid___A001_X146c_Xe1/product/member.uid___A001_X146c_Xe1._777573__sci.spw16_18_20_22.cont.I.pbcor.fits
uid___A001_X146c_X95,uid___A001_X146c_Xdc,uid___A001_X146c_Xe1,https://casdc.china-vo.org/mirror/ALMAGAL/2019.1.00195.L/QA2/science_goal.uid___A001_X146c_X95/group.uid___A001_X146c_Xdc/member.uid___A001_X146c_Xe1/product/member.uid___A001_X146c_Xe1._777707__sci.spw16_18_20_22.cont.I.pbcor.fits
uid___A001_X146c_X95,uid___A001_X146c_Xdc,uid___A001_X146c_Xe1,https://casdc.china-vo.org/mirror/ALMAGAL/2019.1.00195.L/QA2/science_goal.uid___A001_X146c_X95/group.uid___A001_X146c_Xdc/member.uid___A001_X146c_Xe1/product/member.uid___A001_X146c_Xe1._777988__sci.spw16_18_20_22.cont.I.pbcor.fits
uid___A001_X146c_X95,uid___A001_X146c_Xdc,uid___A001_X146c_Xe1,https://casdc.china-vo.org/mirror/ALMAGAL/2019.1.00195.L/QA2/science_goal.uid___A001_X146c_X95/group.uid___A001_X146c_Xdc/member.uid___A001_X146c_Xe1/product/member.uid___A001_X146c_Xe1._778177__sci.spw16_18_20_22.cont.I.pbcor.fits
uid___A001_X146c_X95,uid___A001_X146c_Xdc,uid___A001_X146c_Xe1,https://casdc.china-vo.org/mirror/ALMAGAL/2019.1.00195.L/QA2/science_goal.uid___A001_X146c_X95/group.uid___A001_X146c_Xdc/member.uid___A001_X146c_Xe1/product/member.uid___A001_X146c_Xe1._778289__sci.spw16_18_20_22.cont.I.pbcor.fits
uid___A001_X146c_X95,uid___A001_X146c_Xdc,uid___A001_X146c_Xe1,https://casdc.china-vo.org/mirror/ALMAGAL/2019.1.00195.L/QA2/science_goal.uid___A001_X146c_X95/group.uid___A001_X146c_Xdc/member.uid___A001_X146c_Xe1/product/member.uid___A001_X146c_Xe1._778802__sci.spw16_18_20_22.cont.I.pbcor.fits
uid___A001_X146c_X95,uid___A001_X146c_Xdc,uid___A001_X146c_Xe1,https://casdc.china-vo.org/mirror/ALMAGAL/2019.1.00195.L/QA2/science_goal.uid___A001_X146c_X95/group.uid___A001_X146c_Xdc/member.uid___A001_X146c_Xe1/product/member.uid___A001_X146c_Xe1._778839__sci.spw16_18_20_22.cont.I.pbcor.fits
uid___A001_X146c_X95,uid___A001_X146c_Xdc,uid___A001_X146c_Xe1,https://casdc.china-vo.org/mirror/ALMAGAL/2019.1.00195.L/QA2/science_goal.uid___A001_X146c_X95/group.uid___A001_X146c_Xdc/member.uid___A001_X146c_Xe1/product/member.uid___A001_X146c_Xe1._778917__sci.spw16_18_20_22.cont.I.pbcor.fits
uid___A001_X146c_X95,uid___A001_X146c_Xdc,uid___A001_X146c_Xe1,https://casdc.china-vo.org/mirror/ALMAGAL/2019.1.00195.L/QA2/science_goal.uid___A001_X146c_X95/group.uid___A001_X146c_Xdc/member.uid___A001_X146c_Xe1/product/member.uid___A001_X146c_Xe1._778940__sci.spw16_18_20_22.cont.I.pbcor.fits
uid___A001_X146c_X95,uid___A001_X146c_Xdc,uid___A001_X146c_Xe1,https://casdc.china-vo.org/mirror/ALMAGAL/2019.1.00195.L/QA2/science_goal.uid___A001_X146c_X95/group.uid___A001_X146c_Xdc/member.uid___A001_X146c_Xe1/product/member.uid___A001_X146c_Xe1._779459__sci.spw16_18_20_22.cont.I.pbcor.fits
uid___A001_X146c_X95,uid___A001_X146c_Xdc,uid___A001_X146c_Xe1,https://casdc.china-vo.org/mirror/ALMAGAL/2019.1.00195.L/QA2/science_goal.uid___A001_X146c_X95/group.uid___A001_X146c_Xdc/member.uid___A001_X146c_Xe1/product/member.uid___A001_X146c_Xe1._779523__sci.spw16_18_20_22.cont.I.pbcor.fits
uid___A001_X146c_X95,uid___A001_X146c_Xdc,uid___A001_X146c_Xe1,https://casdc.china-vo.org/mirror/ALMAGAL/2019.1.00195.L/QA2/science_goal.uid___A001_X146c_X95/group.uid___A001_X146c_Xdc/member.uid___A001_X146c_Xe1/product/member.uid___A001_X146c_Xe1._779936__sci.spw16_18_20_22.cont.I.pbcor.fits
uid___A001_X146c_X95,uid___A001_X146c_Xdc,uid___A001_X146c_Xe1,https://casdc.china-vo.org/mirror/ALMAGAL/2019.1.00195.L/QA2/science_goal.uid___A001_X146c_X95/group.uid___A001_X146c_Xdc/member.uid___A001_X146c_Xe1/product/member.uid___A001_X146c_Xe1._779984__sci.spw16_18_20_22.cont.I.pbcor.fits
uid___A001_X146c_X95,uid___A001_X146c_Xdc,uid___A001_X146c_Xe1,https://casdc.china-vo.org/mirror/ALMAGAL/2019.1.00195.L/QA2/science_goal.uid___A001_X146c_X95/group.uid___A001_X146c_Xdc/member.uid___A001_X146c_Xe1/product/member.uid___A001_X146c_Xe1._780026__sci.spw16_18_20_22.cont.I.pbcor.fits
uid___A001_X146c_X95,uid___A001_X146c_Xdc,uid___A001_X146c_Xe1,https://casdc.china-vo.org/mirror/ALMAGAL/2019.1.00195.L/QA2/science_goal.uid___A001_X146c_X95/group.uid___A001_X146c_Xdc/member.uid___A001_X146c_Xe1/product/member.uid___A001_X146c_Xe1._780386__sci.spw16_18_20_22.cont.I.pbcor.fits
uid___A001_X146c_X95,uid___A001_X146c_Xdc,uid___A001_X146c_Xe1,https://casdc.china-vo.org/mirror/ALMAGAL/2019.1.00195.L/QA2/science_goal.uid___A001_X146c_X95/group.uid___A001_X146c_Xdc/member.uid___A001_X146c_Xe1/product/member.uid___A001_X146c_Xe1._780504__sci.spw16_18_20_22.cont.I.pbcor.fits
uid___A001_X146c_X95,uid___A001_X146c_Xdc,uid___A001_X146c_Xe1,https://casdc.china-vo.org/mirror/ALMAGAL/2019.1.00195.L/QA2/science_goal.uid___A001_X146c_X95/group.uid___A001_X146c_Xdc/member.uid___A001_X146c_Xe1/product/member.uid___A001_X146c_Xe1._780649__sci.spw16_18_20_22.cont.I.pbcor.fits
uid___A001_X146c_X95,uid___A001_X146c_Xdc,uid___A001_X146c_Xe1,https://casdc.china-vo.org/mirror/ALMAGAL/2019.1.00195.L/QA2/science_goal.uid___A001_X146c_X95/group.uid___A001_X146c_Xdc/member.uid___A001_X146c_Xe1/product/member.uid___A001_X146c_Xe1._780892__sci.spw16_18_20_22.cont.I.pbcor.fits
uid___A001_X146c_X95,uid___A001_X146c_Xdc,uid___A001_X146c_Xe1,https://casdc.china-vo.org/mirror/ALMAGAL/2019.1.00195.L/QA2/science_goal.uid___A001_X146c_X95/group.uid___A001_X146c_Xdc/member.uid___A001_X146c_Xe1/product/member.uid___A001_X146c_Xe1._781068__sci.spw16_18_20_22.cont.I.pbcor.fits
uid___A001_X146c_X95,uid___A001_X146c_Xdc,uid___A001_X146c_Xe1,https://casdc.china-vo.org/mirror/ALMAGAL/2019.1.00195.L/QA2/science_goal.uid___A001_X146c_X95/group.uid___A001_X146c_Xdc/member.uid___A001_X146c_Xe1/product/member.uid___A001_X146c_Xe1._781217__sci.spw16_18_20_22.cont.I.pbcor.fits
uid___A001_X146c_X95,uid___A001_X146c_Xdc,uid___A001_X146c_Xe1,https://casdc.china-vo.org/mirror/ALMAGAL/2019.1.00195.L/QA2/science_goal.uid___A001_X146c_X95/group.uid___A001_X146c_Xdc/member.uid___A001_X146c_Xe1/product/member.uid___A001_X146c_Xe1._781268__sci.spw16_18_20_22.cont.I.pbcor.fits
uid___A001_X146c_X95,uid___A001_X146c_Xdc,uid___A001_X146c_Xe1,https://casdc.china-vo.org/mirror/ALMAGAL/2019.1.00195.L/QA2/science_goal.uid___A001_X146c_X95/group.uid___A001_X146c_Xdc/member.uid___A001_X146c_Xe1/product/member.uid___A001_X146c_Xe1._781741__sci.spw16_18_20_22.cont.I.pbcor.fits
uid___A001_X146c_X95,uid___A001_X146c_Xdc,uid___A001_X146c_Xe1,https://casdc.china-vo.org/mirror/ALMAGAL/2019.1.00195.L/QA2/science_goal.uid___A001_X146c_X95/group.uid___A001_X146c_Xdc/member.uid___A001_X146c_Xe1/product/member.uid___A001_X146c_Xe1._781827__sci.spw16_18_20_22.cont.I.pbcor.fits
uid___A001_X146c_X95,uid___A001_X146c_Xdc,uid___A001_X146c_Xe1,https://casdc.china-vo.org/mirror/ALMAGAL/2019.1.00195.L/QA2/science_goal.uid___A001_X146c_X95/group.uid___A001_X146c_Xdc/member.uid___A001_X146c_Xe1/product/member.uid___A001_X146c_Xe1._781938__sci.spw16_18_20_22.cont.I.pbcor.fits
uid___A001_X146c_X95,uid___A001_X146c_Xdc,uid___A001_X146c_Xe1,https://casdc.china-vo.org/mirror/ALMAGAL/2019.1.00195.L/QA2/science_goal.uid___A001_X146c_X95/group.uid___A001_X146c_Xdc/member.uid___A001_X146c_Xe1/product/member.uid___A001_X146c_Xe1._782096__sci.spw16_18_20_22.cont.I.pbcor.fits
uid___A001_X146c_X95,uid___A001_X146c_Xdc,uid___A001_X146c_Xe1,https://casdc.china-vo.org/mirror/ALMAGAL/2019.1.00195.L/QA2/science_goal.uid___A001_X146c_X95/group.uid___A001_X146c_Xdc/member.uid___A001_X146c_Xe1/product/member.uid___A001_X146c_Xe1._782264__sci.spw16_18_20_22.cont.I.pbcor.fits
uid___A001_X146c_X95,uid___A001_X146c_Xdc,uid___A001_X146c_Xe1,https://casdc.china-vo.org/mirror/ALMAGAL/2019.1.00195.L/QA2/science_goal.uid___A001_X146c_X95/group.uid___A001_X146c_Xdc/member.uid___A001_X146c_Xe1/product/member.uid___A001_X146c_Xe1._782293__sci.spw16_18_20_22.cont.I.pbcor.fits
uid___A001_X146c_X95,uid___A001_X146c_Xdc,uid___A001_X146c_Xe1,https://casdc.china-vo.org/mirror/ALMAGAL/2019.1.00195.L/QA2/science_goal.uid___A001_X146c_X95/group.uid___A001_X146c_Xdc/member.uid___A001_X146c_Xe1/product/member.uid___A001_X146c_Xe1._782519__sci.spw16_18_20_22.cont.I.pbcor.fits
uid___A001_X146c_X95,uid___A001_X146c_Xdc,uid___A001_X146c_Xe1,https://casdc.china-vo.org/mirror/ALMAGAL/2019.1.00195.L/QA2/science_goal.uid___A001_X146c_X95/group.uid___A001_X146c_Xdc/member.uid___A001_X146c_Xe1/product/member.uid___A001_X146c_Xe1._782569__sci.spw16_18_20_22.cont.I.pbcor.fits
uid___A001_X146c_X95,uid___A001_X146c_Xdc,uid___A001_X146c_Xe1,https://casdc.china-vo.org/mirror/ALMAGAL/2019.1.00195.L/QA2/science_goal.uid___A001_X146c_X95/group.uid___A001_X146c_Xdc/member.uid___A001_X146c_Xe1/product/member.uid___A001_X146c_Xe1._782611__sci.spw16_18_20_22.cont.I.pbcor.fits
uid___A001_X146c_X95,uid___A001_X146c_Xdc,uid___A001_X146c_Xe1,https://casdc.china-vo.org/mirror/ALMAGAL/2019.1.00195.L/QA2/science_goal.uid___A001_X146c_X95/group.uid___A001_X146c_Xdc/member.uid___A001_X146c_Xe1/product/member.uid___A001_X146c_Xe1._783350__sci.spw16_18_20_22.cont.I.pbcor.fits
uid___A001_X146c_X95,uid___A001_X146c_Xdc,uid___A001_X146c_Xe1,https://casdc.china-vo.org/mirror/ALMAGAL/2019.1.00195.L/QA2/science_goal.uid___A001_X146c_X95/group.uid___A001_X146c_Xdc/member.uid___A001_X146c_Xe1/product/member.uid___A001_X146c_Xe1._784256__sci.spw16_18_20_22.cont.I.pbcor.fits
uid___A001_X146c_X95,uid___A001_X146c_Xdc,uid___A001_X146c_Xe1,https://casdc.china-vo.org/mirror/ALMAGAL/2019.1.00195.L/QA2/science_goal.uid___A001_X146c_X95/group.uid___A001_X146c_Xdc/member.uid___A001_X146c_Xe1/product/member.uid___A001_X146c_Xe1._784611__sci.spw16_18_20_22.cont.I.pbcor.fits
uid___A001_X146c_X95,uid___A001_X146c_Xdc,uid___A001_X146c_Xe1,https://casdc.china-vo.org/mirror/ALMAGAL/2019.1.00195.L/QA2/science_goal.uid___A001_X146c_X95/group.uid___A001_X146c_Xdc/member.uid___A001_X146c_Xe1/product/member.uid___A001_X146c_Xe1._784674__sci.spw16_18_20_22.cont.I.pbcor.fits
uid___A001_X146c_X95,uid___A001_X146c_Xdc,uid___A001_X146c_Xe1,https://casdc.china-vo.org/mirror/ALMAGAL/2019.1.00195.L/QA2/science_goal.uid___A001_X146c_X95/group.uid___A001_X146c_Xdc/member.uid___A001_X146c_Xe1/product/member.uid___A001_X146c_Xe1._784722__sci.spw16_18_20_22.cont.I.pbcor.fits
uid___A001_X146c_X95,uid___A001_X146c_Xdc,uid___A001_X146c_Xe1,https://casdc.china-vo.org/mirror/ALMAGAL/2019.1.00195.L/QA2/science_goal.uid___A001_X146c_X95/group.uid___A001_X146c_Xdc/member.uid___A001_X146c_Xe1/product/member.uid___A001_X146c_Xe1._784793__sci.spw16_18_20_22.cont.I.pbcor.fits
uid___A001_X146c_X95,uid___A001_X146c_Xdc,uid___A001_X146c_Xe1,https://casdc.china-vo.org/mirror/ALMAGAL/2019.1.00195.L/QA2/science_goal.uid___A001_X146c_X95/group.uid___A001_X146c_Xdc/member.uid___A001_X146c_Xe1/product/member.uid___A001_X146c_Xe1._784890__sci.spw16_18_20_22.cont.I.pbcor.fits
uid___A001_X146c_X95,uid___A001_X146c_Xdc,uid___A001_X146c_Xe1,https://casdc.china-vo.org/mirror/ALMAGAL/2019.1.00195.L/QA2/science_goal.uid___A001_X146c_X95/group.uid___A001_X146c_Xdc/member.uid___A001_X146c_Xe1/product/member.uid___A001_X146c_Xe1._785620__sci.spw16_18_20_22.cont.I.pbcor.fits
uid___A001_X146c_X95,uid___A001_X146c_Xdc,uid___A001_X146c_Xe1,https://casdc.china-vo.org/mirror/ALMAGAL/2019.1.00195.L/QA2/science_goal.uid___A001_X146c_X95/group.uid___A001_X146c_Xdc/member.uid___A001_X146c_Xe1/product/member.uid___A001_X146c_Xe1._786246__sci.spw16_18_20_22.cont.I.pbcor.fits
uid___A001_X146c_X95,uid___A001_X146c_Xdc,uid___A001_X146c_Xe1,https://casdc.china-vo.org/mirror/ALMAGAL/2019.1.00195.L/QA2/science_goal.uid___A001_X146c_X95/group.uid___A001_X146c_Xdc/member.uid___A001_X146c_Xe1/product/member.uid___A001_X146c_Xe1._787062__sci.spw16_18_20_22.cont.I.pbcor.fits
uid___A001_X146c_X95,uid___A001_X146c_Xdc,uid___A001_X146c_Xe1,https://casdc.china-vo.org/mirror/ALMAGAL/2019.1.00195.L/QA2/science_goal.uid___A001_X146c_X95/group.uid___A001_X146c_Xdc/member.uid___A001_X146c_Xe1/product/member.uid___A001_X146c_Xe1._787212__sci.spw16_18_20_22.cont.I.pbcor.fits
uid___A001_X146c_X95,uid___A001_X146c_Xdc,uid___A001_X146c_Xe1,https://casdc.china-vo.org/mirror/ALMAGAL/2019.1.00195.L/QA2/science_goal.uid___A001_X146c_X95/group.uid___A001_X146c_Xdc/member.uid___A001_X146c_Xe1/product/member.uid___A001_X146c_Xe1._787345__sci.spw16_18_20_22.cont.I.pbcor.fits
uid___A001_X146c_X95,uid___A001_X146c_Xdc,uid___A001_X146c_Xe1,https://casdc.china-vo.org/mirror/ALMAGAL/2019.1.00195.L/QA2/science_goal.uid___A001_X146c_X95/group.uid___A001_X146c_Xdc/member.uid___A001_X146c_Xe1/product/member.uid___A001_X146c_Xe1._787643__sci.spw16_18_20_22.cont.I.pbcor.fits
uid___A001_X146c_X95,uid___A001_X146c_Xdc,uid___A001_X146c_Xe1,https://casdc.china-vo.org/mirror/ALMAGAL/2019.1.00195.L/QA2/science_goal.uid___A001_X146c_X95/group.uid___A001_X146c_Xdc/member.uid___A001_X146c_Xe1/product/member.uid___A001_X146c_Xe1._787699__sci.spw16_18_20_22.cont.I.pbcor.fits
uid___A001_X146c_X95,uid___A001_X146c_Xdc,uid___A001_X146c_Xe1,https://casdc.china-vo.org/mirror/ALMAGAL/2019.1.00195.L/QA2/science_goal.uid___A001_X146c_X95/group.uid___A001_X146c_Xdc/member.uid___A001_X146c_Xe1/product/member.uid___A001_X146c_Xe1._787947__sci.spw16_18_20_22.cont.I.pbcor.fits
uid___A001_X146c_X95,uid___A001_X146c_Xdc,uid___A001_X146c_Xe1,https://casdc.china-vo.org/mirror/ALMAGAL/2019.1.00195.L/QA2/science_goal.uid___A001_X146c_X95/group.uid___A001_X146c_Xdc/member.uid___A001_X146c_Xe1/product/member.uid___A001_X146c_Xe1._788531__sci.spw16_18_20_22.cont.I.pbcor.fits
uid___A001_X146c_X95,uid___A001_X146c_Xdc,uid___A001_X146c_Xe1,https://casdc.china-vo.org/mirror/ALMAGAL/2019.1.00195.L/QA2/science_goal.uid___A001_X146c_X95/group.uid___A001_X146c_Xdc/member.uid___A001_X146c_Xe1/product/member.uid___A001_X146c_Xe1._790672__sci.spw16_18_20_22.cont.I.pbcor.fits
uid___A001_X146c_X95,uid___A001_X146c_Xdc,uid___A001_X146c_Xe1,https://casdc.china-vo.org/mirror/ALMAGAL/2019.1.00195.L/QA2/science_goal.uid___A001_X146c_X95/group.uid___A001_X146c_Xdc/member.uid___A001_X146c_Xe1/product/member.uid___A001_X146c_Xe1._791907__sci.spw16_18_20_22.cont.I.pbcor.fits
uid___A001_X146c_X95,uid___A001_X146c_Xdc,uid___A001_X146c_Xe1,https://casdc.china-vo.org/mirror/ALMAGAL/2019.1.00195.L/QA2/science_goal.uid___A001_X146c_X95/group.uid___A001_X146c_Xdc/member.uid___A001_X146c_Xe1/product/member.uid___A001_X146c_Xe1._792192__sci.spw16_18_20_22.cont.I.pbcor.fits
uid___A001_X146c_X95,uid___A001_X146c_Xdc,uid___A001_X146c_Xe1,https://casdc.china-vo.org/mirror/ALMAGAL/2019.1.00195.L/QA2/science_goal.uid___A001_X146c_X95/group.uid___A001_X146c_Xdc/member.uid___A001_X146c_Xe1/product/member.uid___A001_X146c_Xe1._792278__sci.spw16_18_20_22.cont.I.pbcor.fits
uid___A001_X146c_X95,uid___A001_X146c_Xdc,uid___A001_X146c_Xe1,https://casdc.china-vo.org/mirror/ALMAGAL/2019.1.00195.L/QA2/science_goal.uid___A001_X146c_X95/group.uid___A001_X146c_Xdc/member.uid___A001_X146c_Xe1/product/member.uid___A001_X146c_Xe1._792355__sci.spw16_18_20_22.cont.I.pbcor.fits
uid___A001_X146c_X95,uid___A001_X146c_Xdc,uid___A001_X146c_Xe1,https://casdc.china-vo.org/mirror/ALMAGAL/2019.1.00195.L/QA2/science_goal.uid___A001_X146c_X95/group.uid___A001_X146c_Xdc/member.uid___A001_X146c_Xe1/product/member.uid___A001_X146c_Xe1._792437__sci.spw16_18_20_22.cont.I.pbcor.fits
uid___A001_X146c_X95,uid___A001_X146c_Xdc,uid___A001_X146c_Xe1,https://casdc.china-vo.org/mirror/ALMAGAL/2019.1.00195.L/QA2/science_goal.uid___A001_X146c_X95/group.uid___A001_X146c_Xdc/member.uid___A001_X146c_Xe1/product/member.uid___A001_X146c_Xe1._792545__sci.spw16_18_20_22.cont.I.pbcor.fits
uid___A001_X146c_X95,uid___A001_X146c_Xdc,uid___A001_X146c_Xe1,https://casdc.china-vo.org/mirror/ALMAGAL/2019.1.00195.L/QA2/science_goal.uid___A001_X146c_X95/group.uid___A001_X146c_Xdc/member.uid___A001_X146c_Xe1/product/member.uid___A001_X146c_Xe1._793695__sci.spw16_18_20_22.cont.I.pbcor.fits
uid___A001_X146c_X95,uid___A001_X146c_Xdc,uid___A001_X146c_Xe1,https://casdc.china-vo.org/mirror/ALMAGAL/2019.1.00195.L/QA2/science_goal.uid___A001_X146c_X95/group.uid___A001_X146c_Xdc/member.uid___A001_X146c_Xe1/product/member.uid___A001_X146c_Xe1._793710__sci.spw16_18_20_22.cont.I.pbcor.fits
uid___A001_X146c_X95,uid___A001_X146c_Xdc,uid___A001_X146c_Xe1,https://casdc.china-vo.org/mirror/ALMAGAL/2019.1.00195.L/QA2/science_goal.uid___A001_X146c_X95/group.uid___A001_X146c_Xdc/member.uid___A001_X146c_Xe1/product/member.uid___A001_X146c_Xe1._793779__sci.spw16_18_20_22.cont.I.pbcor.fits
uid___A001_X146c_X95,uid___A001_X146c_Xdc,uid___A001_X146c_Xe1,https://casdc.china-vo.org/mirror/ALMAGAL/2019.1.00195.L/QA2/science_goal.uid___A001_X146c_X95/group.uid___A001_X146c_Xdc/member.uid___A001_X146c_Xe1/product/member.uid___A001_X146c_Xe1._797087__sci.spw16_18_20_22.cont.I.pbcor.fits
uid___A001_X146c_X95,uid___A001_X146c_Xdc,uid___A001_X146c_Xe1,https://casdc.china-vo.org/mirror/ALMAGAL/2019.1.00195.L/QA2/science_goal.uid___A001_X146c_X95/group.uid___A001_X146c_Xdc/member.uid___A001_X146c_Xe1/product/member.uid___A001_X146c_Xe1._797095__sci.spw16_18_20_22.cont.I.pbcor.fits
uid___A001_X146c_X95,uid___A001_X146c_Xdc,uid___A001_X146c_Xe1,https://casdc.china-vo.org/mirror/ALMAGAL/2019.1.00195.L/QA2/science_goal.uid___A001_X146c_X95/group.uid___A001_X146c_Xdc/member.uid___A001_X146c_Xe1/product/member.uid___A001_X146c_Xe1._797524__sci.spw16_18_20_22.cont.I.pbcor.fits
uid___A001_X146c_X95,uid___A001_X146c_Xdc,uid___A001_X146c_Xe1,https://casdc.china-vo.org/mirror/ALMAGAL/2019.1.00195.L/QA2/science_goal.uid___A001_X146c_X95/group.uid___A001_X146c_Xdc/member.uid___A001_X146c_Xe1/product/member.uid___A001_X146c_Xe1._797972__sci.spw16_18_20_22.cont.I.pbcor.fits
uid___A001_X146c_X95,uid___A001_X146c_Xdc,uid___A001_X146c_Xe1,https://casdc.china-vo.org/mirror/ALMAGAL/2019.1.00195.L/QA2/science_goal.uid___A001_X146c_X95/group.uid___A001_X146c_Xdc/member.uid___A001_X146c_Xe1/product/member.uid___A001_X146c_Xe1._798822__sci.spw16_18_20_22.cont.I.pbcor.fits
uid___A001_X146c_X95,uid___A001_X146c_Xdc,uid___A001_X146c_Xe1,https://casdc.china-vo.org/mirror/ALMAGAL/2019.1.00195.L/QA2/science_goal.uid___A001_X146c_X95/group.uid___A001_X146c_Xdc/member.uid___A001_X146c_Xe1/product/member.uid___A001_X146c_Xe1._799153__sci.spw16_18_20_22.cont.I.pbcor.fits
uid___A001_X146c_X95,uid___A001_X146c_Xdc,uid___A001_X146c_Xe1,https://casdc.china-vo.org/mirror/ALMAGAL/2019.1.00195.L/QA2/science_goal.uid___A001_X146c_X95/group.uid___A001_X146c_Xdc/member.uid___A001_X146c_Xe1/product/member.uid___A001_X146c_Xe1._799503__sci.spw16_18_20_22.cont.I.pbcor.fits
uid___A001_X146c_X95,uid___A001_X146c_Xdc,uid___A001_X146c_Xe1,https://casdc.china-vo.org/mirror/ALMAGAL/2019.1.00195.L/QA2/science_goal.uid___A001_X146c_X95/group.uid___A001_X146c_Xdc/member.uid___A001_X146c_Xe1/product/member.uid___A001_X146c_Xe1._799832__sci.spw16_18_20_22.cont.I.pbcor.fits
uid___A001_X146c_X95,uid___A001_X146c_Xdc,uid___A001_X146c_Xe1,https://casdc.china-vo.org/mirror/ALMAGAL/2019.1.00195.L/QA2/science_goal.uid___A001_X146c_X95/group.uid___A001_X146c_Xdc/member.uid___A001_X146c_Xe1/product/member.uid___A001_X146c_Xe1._800055__sci.spw16_18_20_22.cont.I.pbcor.fits
uid___A001_X146c_X95,uid___A001_X146c_Xdc,uid___A001_X146c_Xe1,https://casdc.china-vo.org/mirror/ALMAGAL/2019.1.00195.L/QA2/science_goal.uid___A001_X146c_X95/group.uid___A001_X146c_Xdc/member.uid___A001_X146c_Xe1/product/member.uid___A001_X146c_Xe1._800114__sci.spw16_18_20_22.cont.I.pbcor.fits
uid___A001_X146c_X95,uid___A001_X146c_Xdc,uid___A001_X146c_Xe1,https://casdc.china-vo.org/mirror/ALMAGAL/2019.1.00195.L/QA2/science_goal.uid___A001_X146c_X95/group.uid___A001_X146c_Xdc/member.uid___A001_X146c_Xe1/product/member.uid___A001_X146c_Xe1._800202__sci.spw16_18_20_22.cont.I.pbcor.fits
uid___A001_X146c_X95,uid___A001_X146c_Xdc,uid___A001_X146c_Xe1,https://casdc.china-vo.org/mirror/ALMAGAL/2019.1.00195.L/QA2/science_goal.uid___A001_X146c_X95/group.uid___A001_X146c_Xdc/member.uid___A001_X146c_Xe1/product/member.uid___A001_X146c_Xe1._800751__sci.spw16_18_20_22.cont.I.pbcor.fits
uid___A001_X146c_X95,uid___A001_X146c_Xdc,uid___A001_X146c_Xe1,https://casdc.china-vo.org/mirror/ALMAGAL/2019.1.00195.L/QA2/science_goal.uid___A001_X146c_X95/group.uid___A001_X146c_Xdc/member.uid___A001_X146c_Xe1/product/member.uid___A001_X146c_Xe1._800891__sci.spw16_18_20_22.cont.I.pbcor.fits
uid___A001_X146c_X95,uid___A001_X146c_Xdc,uid___A001_X146c_Xe1,https://casdc.china-vo.org/mirror/ALMAGAL/2019.1.00195.L/QA2/science_goal.uid___A001_X146c_X95/group.uid___A001_X146c_Xdc/member.uid___A001_X146c_Xe1/product/member.uid___A001_X146c_Xe1._800967__sci.spw16_18_20_22.cont.I.pbcor.fits
uid___A001_X146c_X95,uid___A001_X146c_Xdc,uid___A001_X146c_Xe1,https://casdc.china-vo.org/mirror/ALMAGAL/2019.1.00195.L/QA2/science_goal.uid___A001_X146c_X95/group.uid___A001_X146c_Xdc/member.uid___A001_X146c_Xe1/product/member.uid___A001_X146c_Xe1._801000__sci.spw16_18_20_22.cont.I.pbcor.fits
uid___A001_X146c_X95,uid___A001_X146c_Xdc,uid___A001_X146c_Xe1,https://casdc.china-vo.org/mirror/ALMAGAL/2019.1.00195.L/QA2/science_goal.uid___A001_X146c_X95/group.uid___A001_X146c_Xdc/member.uid___A001_X146c_Xe1/product/member.uid___A001_X146c_Xe1._801089__sci.spw16_18_20_22.cont.I.pbcor.fits
uid___A001_X146c_X95,uid___A001_X146c_Xdc,uid___A001_X146c_Xe1,https://casdc.china-vo.org/mirror/ALMAGAL/2019.1.00195.L/QA2/science_goal.uid___A001_X146c_X95/group.uid___A001_X146c_Xdc/member.uid___A001_X146c_Xe1/product/member.uid___A001_X146c_Xe1._801282__sci.spw16_18_20_22.cont.I.pbcor.fits
uid___A001_X146c_X95,uid___A001_X146c_Xdc,uid___A001_X146c_Xe1,https://casdc.china-vo.org/mirror/ALMAGAL/2019.1.00195.L/QA2/science_goal.uid___A001_X146c_X95/group.uid___A001_X146c_Xdc/member.uid___A001_X146c_Xe1/product/member.uid___A001_X146c_Xe1._801644__sci.spw16_18_20_22.cont.I.pbcor.fits
uid___A001_X146c_X95,uid___A001_X146c_Xdc,uid___A001_X146c_Xe1,https://casdc.china-vo.org/mirror/ALMAGAL/2019.1.00195.L/QA2/science_goal.uid___A001_X146c_X95/group.uid___A001_X146c_Xdc/member.uid___A001_X146c_Xe1/product/member.uid___A001_X146c_Xe1._802291__sci.spw16_18_20_22.cont.I.pbcor.fits
uid___A001_X146c_X95,uid___A001_X146c_Xdc,uid___A001_X146c_Xe1,https://casdc.china-vo.org/mirror/ALMAGAL/2019.1.00195.L/QA2/science_goal.uid___A001_X146c_X95/group.uid___A001_X146c_Xdc/member.uid___A001_X146c_Xe1/product/member.uid___A001_X146c_Xe1._802647__sci.spw16_18_20_22.cont.I.pbcor.fits
uid___A001_X146c_X95,uid___A001_X146c_Xdc,uid___A001_X146c_Xe1,https://casdc.china-vo.org/mirror/ALMAGAL/2019.1.00195.L/QA2/science_goal.uid___A001_X146c_X95/group.uid___A001_X146c_Xdc/member.uid___A001_X146c_Xe1/product/member.uid___A001_X146c_Xe1._803218__sci.spw16_18_20_22.cont.I.pbcor.fits
uid___A001_X146c_X95,uid___A001_X146c_Xdc,uid___A001_X146c_Xe1,https://casdc.china-vo.org/mirror/ALMAGAL/2019.1.00195.L/QA2/science_goal.uid___A001_X146c_X95/group.uid___A001_X146c_Xdc/member.uid___A001_X146c_Xe1/product/member.uid___A001_X146c_Xe1._G326.4755p00.6947__sci.spw16_18_20_22.cont.I.pbcor.fits
uid___A001_X146c_X95,uid___A001_X146c_Xdc,uid___A001_X146c_Xe1,https://casdc.china-vo.org/mirror/ALMAGAL/2019.1.00195.L/QA2/science_goal.uid___A001_X146c_X95/group.uid___A001_X146c_Xdc/member.uid___A001_X146c_Xe1/product/member.uid___A001_X146c_Xe1._G326.6618p00.5207__sci.spw16_18_20_22.cont.I.pbcor.fits
uid___A001_X146c_X95,uid___A001_X146c_Xdc,uid___A001_X146c_Xe1,https://casdc.china-vo.org/mirror/ALMAGAL/2019.1.00195.L/QA2/science_goal.uid___A001_X146c_X95/group.uid___A001_X146c_Xdc/member.uid___A001_X146c_Xe1/product/member.uid___A001_X146c_Xe1._G327.9455-00.1149__sci.spw16_18_20_22.cont.I.pbcor.fits
uid___A001_X146c_X95,uid___A001_X146c_Xdc,uid___A001_X146c_Xe1,https://casdc.china-vo.org/mirror/ALMAGAL/2019.1.00195.L/QA2/science_goal.uid___A001_X146c_X95/group.uid___A001_X146c_Xdc/member.uid___A001_X146c_Xe1/product/member.uid___A001_X146c_Xe1._G328.5487p00.2717__sci.spw16_18_20_22.cont.I.pbcor.fits
uid___A001_X146c_X95,uid___A001_X146c_Xdc,uid___A001_X146c_Xe1,https://casdc.china-vo.org/mirror/ALMAGAL/2019.1.00195.L/QA2/science_goal.uid___A001_X146c_X95/group.uid___A001_X146c_Xdc/member.uid___A001_X146c_Xe1/product/member.uid___A001_X146c_Xe1._G329.2713p00.1147__sci.spw16_18_20_22.cont.I.pbcor.fits
uid___A001_X146c_X95,uid___A001_X146c_Xdc,uid___A001_X146c_Xe1,https://casdc.china-vo.org/mirror/ALMAGAL/2019.1.00195.L/QA2/science_goal.uid___A001_X146c_X95/group.uid___A001_X146c_Xdc/member.uid___A001_X146c_Xe1/product/member.uid___A001_X146c_Xe1._G329.6098p00.1139__sci.spw16_18_20_22.cont.I.pbcor.fits
uid___A001_X146c_X95,uid___A001_X146c_Xdc,uid___A001_X146c_Xe1,https://casdc.china-vo.org/mirror/ALMAGAL/2019.1.00195.L/QA2/science_goal.uid___A001_X146c_X95/group.uid___A001_X146c_Xdc/member.uid___A001_X146c_Xe1/product/member.uid___A001_X146c_Xe1._G330.0699p01.0639__sci.spw16_18_20_22.cont.I.pbcor.fits
uid___A001_X146c_X95,uid___A001_X146c_Xdc,uid___A001_X146c_Xe1,https://casdc.china-vo.org/mirror/ALMAGAL/2019.1.00195.L/QA2/science_goal.uid___A001_X146c_X95/group.uid___A001_X146c_Xdc/member.uid___A001_X146c_Xe1/product/member.uid___A001_X146c_Xe1._G331.6191-00.0442A__sci.spw16_18_20_22.cont.I.pbcor.fits
uid___A001_X146c_X95,uid___A001_X146c_Xe3,uid___A001_X146c_Xe4,https://casdc.china-vo.org/mirror/ALMAGAL/2019.1.00195.L/QA2/science_goal.uid___A001_X146c_X95/group.uid___A001_X146c_Xe3/member.uid___A001_X146c_Xe4/product/member.uid___A001_X146c_Xe4._804173__sci.spw25_27_29_31.cont.I.pbcor.fits
uid___A001_X146c_X95,uid___A001_X146c_Xe3,uid___A001_X146c_Xe4,https://casdc.china-vo.org/mirror/ALMAGAL/2019.1.00195.L/QA2/science_goal.uid___A001_X146c_X95/group.uid___A001_X146c_Xe3/member.uid___A001_X146c_Xe4/product/member.uid___A001_X146c_Xe4._804190__sci.spw25_27_29_31.cont.I.pbcor.fits
uid___A001_X146c_X95,uid___A001_X146c_Xe3,uid___A001_X146c_Xe4,https://casdc.china-vo.org/mirror/ALMAGAL/2019.1.00195.L/QA2/science_goal.uid___A001_X146c_X95/group.uid___A001_X146c_Xe3/member.uid___A001_X146c_Xe4/product/member.uid___A001_X146c_Xe4._804675__sci.spw25_27_29_31.cont.I.pbcor.fits
uid___A001_X146c_X95,uid___A001_X146c_Xe3,uid___A001_X146c_Xe4,https://casdc.china-vo.org/mirror/ALMAGAL/2019.1.00195.L/QA2/science_goal.uid___A001_X146c_X95/group.uid___A001_X146c_Xe3/member.uid___A001_X146c_Xe4/product/member.uid___A001_X146c_Xe4._804997__sci.spw25_27_29_31.cont.I.pbcor.fits
uid___A001_X146c_X95,uid___A001_X146c_Xe3,uid___A001_X146c_Xe4,https://casdc.china-vo.org/mirror/ALMAGAL/2019.1.00195.L/QA2/science_goal.uid___A001_X146c_X95/group.uid___A001_X146c_Xe3/member.uid___A001_X146c_Xe4/product/member.uid___A001_X146c_Xe4._805077__sci.spw25_27_29_31.cont.I.pbcor.fits
uid___A001_X146c_X95,uid___A001_X146c_Xe3,uid___A001_X146c_Xe4,https://casdc.china-vo.org/mirror/ALMAGAL/2019.1.00195.L/QA2/science_goal.uid___A001_X146c_X95/group.uid___A001_X146c_Xe3/member.uid___A001_X146c_Xe4/product/member.uid___A001_X146c_Xe4._805162__sci.spw25_27_29_31.cont.I.pbcor.fits
uid___A001_X146c_X95,uid___A001_X146c_Xe3,uid___A001_X146c_Xe4,https://casdc.china-vo.org/mirror/ALMAGAL/2019.1.00195.L/QA2/science_goal.uid___A001_X146c_X95/group.uid___A001_X146c_Xe3/member.uid___A001_X146c_Xe4/product/member.uid___A001_X146c_Xe4._805178__sci.spw25_27_29_31.cont.I.pbcor.fits
uid___A001_X146c_X95,uid___A001_X146c_Xe3,uid___A001_X146c_Xe6,https://casdc.china-vo.org/mirror/ALMAGAL/2019.1.00195.L/QA2/science_goal.uid___A001_X146c_X95/group.uid___A001_X146c_Xe3/member.uid___A001_X146c_Xe6/product/member.uid___A001_X146c_Xe6._804173__sci.spw25_27_29_31.cont.I.pbcor.fits
uid___A001_X146c_X95,uid___A001_X146c_Xe3,uid___A001_X146c_Xe6,https://casdc.china-vo.org/mirror/ALMAGAL/2019.1.00195.L/QA2/science_goal.uid___A001_X146c_X95/group.uid___A001_X146c_Xe3/member.uid___A001_X146c_Xe6/product/member.uid___A001_X146c_Xe6._804190__sci.spw25_27_29_31.cont.I.pbcor.fits
uid___A001_X146c_X95,uid___A001_X146c_Xe3,uid___A001_X146c_Xe6,https://casdc.china-vo.org/mirror/ALMAGAL/2019.1.00195.L/QA2/science_goal.uid___A001_X146c_X95/group.uid___A001_X146c_Xe3/member.uid___A001_X146c_Xe6/product/member.uid___A001_X146c_Xe6._804675__sci.spw25_27_29_31.cont.I.pbcor.fits
uid___A001_X146c_X95,uid___A001_X146c_Xe3,uid___A001_X146c_Xe6,https://casdc.china-vo.org/mirror/ALMAGAL/2019.1.00195.L/QA2/science_goal.uid___A001_X146c_X95/group.uid___A001_X146c_Xe3/member.uid___A001_X146c_Xe6/product/member.uid___A001_X146c_Xe6._804997__sci.spw25_27_29_31.cont.I.pbcor.fits
uid___A001_X146c_X95,uid___A001_X146c_Xe3,uid___A001_X146c_Xe6,https://casdc.china-vo.org/mirror/ALMAGAL/2019.1.00195.L/QA2/science_goal.uid___A001_X146c_X95/group.uid___A001_X146c_Xe3/member.uid___A001_X146c_Xe6/product/member.uid___A001_X146c_Xe6._805077__sci.spw25_27_29_31.cont.I.pbcor.fits
uid___A001_X146c_X95,uid___A001_X146c_Xe3,uid___A001_X146c_Xe6,https://casdc.china-vo.org/mirror/ALMAGAL/2019.1.00195.L/QA2/science_goal.uid___A001_X146c_X95/group.uid___A001_X146c_Xe3/member.uid___A001_X146c_Xe6/product/member.uid___A001_X146c_Xe6._805162__sci.spw25_27_29_31.cont.I.pbcor.fits
uid___A001_X146c_X95,uid___A001_X146c_Xe3,uid___A001_X146c_Xe6,https://casdc.china-vo.org/mirror/ALMAGAL/2019.1.00195.L/QA2/science_goal.uid___A001_X146c_X95/group.uid___A001_X146c_Xe3/member.uid___A001_X146c_Xe6/product/member.uid___A001_X146c_Xe6._805178__sci.spw25_27_29_31.cont.I.pbcor.fits
uid___A001_X146c_X95,uid___A001_X146c_Xe3,uid___A001_X146c_Xe6,https://casdc.china-vo.org/mirror/ALMAGAL/2019.1.00195.L/QA2/science_goal.uid___A001_X146c_X95/group.uid___A001_X146c_Xe3/member.uid___A001_X146c_Xe6/product/member.uid___A001_X146c_Xe6._805751__sci.spw25_27_29_31.cont.I.pbcor.fits
uid___A001_X146c_X95,uid___A001_X146c_Xe3,uid___A001_X146c_Xe6,https://casdc.china-vo.org/mirror/ALMAGAL/2019.1.00195.L/QA2/science_goal.uid___A001_X146c_X95/group.uid___A001_X146c_Xe3/member.uid___A001_X146c_Xe6/product/member.uid___A001_X146c_Xe6._805970__sci.spw25_27_29_31.cont.I.pbcor.fits
uid___A001_X146c_X95,uid___A001_X146c_Xe3,uid___A001_X146c_Xe6,https://casdc.china-vo.org/mirror/ALMAGAL/2019.1.00195.L/QA2/science_goal.uid___A001_X146c_X95/group.uid___A001_X146c_Xe3/member.uid___A001_X146c_Xe6/product/member.uid___A001_X146c_Xe6._806581__sci.spw25_27_29_31.cont.I.pbcor.fits
uid___A001_X146c_X95,uid___A001_X146c_Xe3,uid___A001_X146c_Xe6,https://casdc.china-vo.org/mirror/ALMAGAL/2019.1.00195.L/QA2/science_goal.uid___A001_X146c_X95/group.uid___A001_X146c_Xe3/member.uid___A001_X146c_Xe6/product/member.uid___A001_X146c_Xe6._806896__sci.spw25_27_29_31.cont.I.pbcor.fits
uid___A001_X146c_X95,uid___A001_X146c_Xe3,uid___A001_X146c_Xe6,https://casdc.china-vo.org/mirror/ALMAGAL/2019.1.00195.L/QA2/science_goal.uid___A001_X146c_X95/group.uid___A001_X146c_Xe3/member.uid___A001_X146c_Xe6/product/member.uid___A001_X146c_Xe6._806998__sci.spw25_27_29_31.cont.I.pbcor.fits
uid___A001_X146c_X95,uid___A001_X146c_Xe3,uid___A001_X146c_Xe6,https://casdc.china-vo.org/mirror/ALMAGAL/2019.1.00195.L/QA2/science_goal.uid___A001_X146c_X95/group.uid___A001_X146c_Xe3/member.uid___A001_X146c_Xe6/product/member.uid___A001_X146c_Xe6._807063__sci.spw25_27_29_31.cont.I.pbcor.fits
uid___A001_X146c_X95,uid___A001_X146c_Xe3,uid___A001_X146c_Xe6,https://casdc.china-vo.org/mirror/ALMAGAL/2019.1.00195.L/QA2/science_goal.uid___A001_X146c_X95/group.uid___A001_X146c_Xe3/member.uid___A001_X146c_Xe6/product/member.uid___A001_X146c_Xe6._807111__sci.spw25_27_29_31.cont.I.pbcor.fits
uid___A001_X146c_X95,uid___A001_X146c_Xe3,uid___A001_X146c_Xe6,https://casdc.china-vo.org/mirror/ALMAGAL/2019.1.00195.L/QA2/science_goal.uid___A001_X146c_X95/group.uid___A001_X146c_Xe3/member.uid___A001_X146c_Xe6/product/member.uid___A001_X146c_Xe6._807440__sci.spw25_27_29_31.cont.I.pbcor.fits
uid___A001_X146c_X95,uid___A001_X146c_Xe3,uid___A001_X146c_Xe6,https://casdc.china-vo.org/mirror/ALMAGAL/2019.1.00195.L/QA2/science_goal.uid___A001_X146c_X95/group.uid___A001_X146c_Xe3/member.uid___A001_X146c_Xe6/product/member.uid___A001_X146c_Xe6._807707__sci.spw25_27_29_31.cont.I.pbcor.fits
uid___A001_X146c_X95,uid___A001_X146c_Xe3,uid___A001_X146c_Xe6,https://casdc.china-vo.org/mirror/ALMAGAL/2019.1.00195.L/QA2/science_goal.uid___A001_X146c_X95/group.uid___A001_X146c_Xe3/member.uid___A001_X146c_Xe6/product/member.uid___A001_X146c_Xe6._808017__sci.spw25_27_29_31.cont.I.pbcor.fits
uid___A001_X146c_X95,uid___A001_X146c_Xe3,uid___A001_X146c_Xe6,https://casdc.china-vo.org/mirror/ALMAGAL/2019.1.00195.L/QA2/science_goal.uid___A001_X146c_X95/group.uid___A001_X146c_Xe3/member.uid___A001_X146c_Xe6/product/member.uid___A001_X146c_Xe6._808125__sci.spw25_27_29_31.cont.I.pbcor.fits
uid___A001_X146c_X95,uid___A001_X146c_Xe3,uid___A001_X146c_Xe6,https://casdc.china-vo.org/mirror/ALMAGAL/2019.1.00195.L/QA2/science_goal.uid___A001_X146c_X95/group.uid___A001_X146c_Xe3/member.uid___A001_X146c_Xe6/product/member.uid___A001_X146c_Xe6._808711__sci.spw25_27_29_31.cont.I.pbcor.fits
uid___A001_X146c_X95,uid___A001_X146c_Xe3,uid___A001_X146c_Xe6,https://casdc.china-vo.org/mirror/ALMAGAL/2019.1.00195.L/QA2/science_goal.uid___A001_X146c_X95/group.uid___A001_X146c_Xe3/member.uid___A001_X146c_Xe6/product/member.uid___A001_X146c_Xe6._808803__sci.spw25_27_29_31.cont.I.pbcor.fits
uid___A001_X146c_X95,uid___A001_X146c_Xe3,uid___A001_X146c_Xe6,https://casdc.china-vo.org/mirror/ALMAGAL/2019.1.00195.L/QA2/science_goal.uid___A001_X146c_X95/group.uid___A001_X146c_Xe3/member.uid___A001_X146c_Xe6/product/member.uid___A001_X146c_Xe6._808875__sci.spw25_27_29_31.cont.I.pbcor.fits
uid___A001_X146c_X95,uid___A001_X146c_Xe3,uid___A001_X146c_Xe6,https://casdc.china-vo.org/mirror/ALMAGAL/2019.1.00195.L/QA2/science_goal.uid___A001_X146c_X95/group.uid___A001_X146c_Xe3/member.uid___A001_X146c_Xe6/product/member.uid___A001_X146c_Xe6._808999__sci.spw25_27_29_31.cont.I.pbcor.fits
uid___A001_X146c_X95,uid___A001_X146c_Xe3,uid___A001_X146c_Xe6,https://casdc.china-vo.org/mirror/ALMAGAL/2019.1.00195.L/QA2/science_goal.uid___A001_X146c_X95/group.uid___A001_X146c_Xe3/member.uid___A001_X146c_Xe6/product/member.uid___A001_X146c_Xe6._809068__sci.spw25_27_29_31.cont.I.pbcor.fits
uid___A001_X146c_X95,uid___A001_X146c_Xe3,uid___A001_X146c_Xe6,https://casdc.china-vo.org/mirror/ALMAGAL/2019.1.00195.L/QA2/science_goal.uid___A001_X146c_X95/group.uid___A001_X146c_Xe3/member.uid___A001_X146c_Xe6/product/member.uid___A001_X146c_Xe6._809069__sci.spw25_27_29_31.cont.I.pbcor.fits
uid___A001_X146c_X95,uid___A001_X146c_Xe3,uid___A001_X146c_Xe6,https://casdc.china-vo.org/mirror/ALMAGAL/2019.1.00195.L/QA2/science_goal.uid___A001_X146c_X95/group.uid___A001_X146c_Xe3/member.uid___A001_X146c_Xe6/product/member.uid___A001_X146c_Xe6._809185__sci.spw25_27_29_31.cont.I.pbcor.fits
uid___A001_X146c_X95,uid___A001_X146c_Xe3,uid___A001_X146c_Xe6,https://casdc.china-vo.org/mirror/ALMAGAL/2019.1.00195.L/QA2/science_goal.uid___A001_X146c_X95/group.uid___A001_X146c_Xe3/member.uid___A001_X146c_Xe6/product/member.uid___A001_X146c_Xe6._809262__sci.spw25_27_29_31.cont.I.pbcor.fits
uid___A001_X146c_X95,uid___A001_X146c_Xe3,uid___A001_X146c_Xe6,https://casdc.china-vo.org/mirror/ALMAGAL/2019.1.00195.L/QA2/science_goal.uid___A001_X146c_X95/group.uid___A001_X146c_Xe3/member.uid___A001_X146c_Xe6/product/member.uid___A001_X146c_Xe6._809316__sci.spw25_27_29_31.cont.I.pbcor.fits
uid___A001_X146c_X95,uid___A001_X146c_Xe3,uid___A001_X146c_Xe6,https://casdc.china-vo.org/mirror/ALMAGAL/2019.1.00195.L/QA2/science_goal.uid___A001_X146c_X95/group.uid___A001_X146c_Xe3/member.uid___A001_X146c_Xe6/product/member.uid___A001_X146c_Xe6._809324__sci.spw25_27_29_31.cont.I.pbcor.fits
uid___A001_X146c_X95,uid___A001_X146c_Xe3,uid___A001_X146c_Xe6,https://casdc.china-vo.org/mirror/ALMAGAL/2019.1.00195.L/QA2/science_goal.uid___A001_X146c_X95/group.uid___A001_X146c_Xe3/member.uid___A001_X146c_Xe6/product/member.uid___A001_X146c_Xe6._809327__sci.spw25_27_29_31.cont.I.pbcor.fits
uid___A001_X146c_X95,uid___A001_X146c_Xe3,uid___A001_X146c_Xe6,https://casdc.china-vo.org/mirror/ALMAGAL/2019.1.00195.L/QA2/science_goal.uid___A001_X146c_X95/group.uid___A001_X146c_Xe3/member.uid___A001_X146c_Xe6/product/member.uid___A001_X146c_Xe6._809343__sci.spw25_27_29_31.cont.I.pbcor.fits
uid___A001_X146c_X95,uid___A001_X146c_Xe3,uid___A001_X146c_Xe6,https://casdc.china-vo.org/mirror/ALMAGAL/2019.1.00195.L/QA2/science_goal.uid___A001_X146c_X95/group.uid___A001_X146c_Xe3/member.uid___A001_X146c_Xe6/product/member.uid___A001_X146c_Xe6._809511__sci.spw25_27_29_31.cont.I.pbcor.fits
uid___A001_X146c_X95,uid___A001_X146c_Xe3,uid___A001_X146c_Xe6,https://casdc.china-vo.org/mirror/ALMAGAL/2019.1.00195.L/QA2/science_goal.uid___A001_X146c_X95/group.uid___A001_X146c_Xe3/member.uid___A001_X146c_Xe6/product/member.uid___A001_X146c_Xe6._809780__sci.spw25_27_29_31.cont.I.pbcor.fits
uid___A001_X146c_X95,uid___A001_X146c_Xe3,uid___A001_X146c_Xe6,https://casdc.china-vo.org/mirror/ALMAGAL/2019.1.00195.L/QA2/science_goal.uid___A001_X146c_X95/group.uid___A001_X146c_Xe3/member.uid___A001_X146c_Xe6/product/member.uid___A001_X146c_Xe6._809874__sci.spw25_27_29_31.cont.I.pbcor.fits
uid___A001_X146c_X95,uid___A001_X146c_Xe3,uid___A001_X146c_Xe6,https://casdc.china-vo.org/mirror/ALMAGAL/2019.1.00195.L/QA2/science_goal.uid___A001_X146c_X95/group.uid___A001_X146c_Xe3/member.uid___A001_X146c_Xe6/product/member.uid___A001_X146c_Xe6._810029__sci.spw25_27_29_31.cont.I.pbcor.fits
uid___A001_X146c_X95,uid___A001_X146c_Xe3,uid___A001_X146c_Xe6,https://casdc.china-vo.org/mirror/ALMAGAL/2019.1.00195.L/QA2/science_goal.uid___A001_X146c_X95/group.uid___A001_X146c_Xe3/member.uid___A001_X146c_Xe6/product/member.uid___A001_X146c_Xe6._810154__sci.spw25_27_29_31.cont.I.pbcor.fits
uid___A001_X146c_X95,uid___A001_X146c_Xe3,uid___A001_X146c_Xe6,https://casdc.china-vo.org/mirror/ALMAGAL/2019.1.00195.L/QA2/science_goal.uid___A001_X146c_X95/group.uid___A001_X146c_Xe3/member.uid___A001_X146c_Xe6/product/member.uid___A001_X146c_Xe6._810478__sci.spw25_27_29_31.cont.I.pbcor.fits
uid___A001_X146c_X95,uid___A001_X146c_Xe3,uid___A001_X146c_Xe6,https://casdc.china-vo.org/mirror/ALMAGAL/2019.1.00195.L/QA2/science_goal.uid___A001_X146c_X95/group.uid___A001_X146c_Xe3/member.uid___A001_X146c_Xe6/product/member.uid___A001_X146c_Xe6._810788__sci.spw25_27_29_31.cont.I.pbcor.fits
uid___A001_X146c_X95,uid___A001_X146c_Xe3,uid___A001_X146c_Xe6,https://casdc.china-vo.org/mirror/ALMAGAL/2019.1.00195.L/QA2/science_goal.uid___A001_X146c_X95/group.uid___A001_X146c_Xe3/member.uid___A001_X146c_Xe6/product/member.uid___A001_X146c_Xe6._810984__sci.spw25_27_29_31.cont.I.pbcor.fits
uid___A001_X146c_X95,uid___A001_X146c_Xe3,uid___A001_X146c_Xe6,https://casdc.china-vo.org/mirror/ALMAGAL/2019.1.00195.L/QA2/science_goal.uid___A001_X146c_X95/group.uid___A001_X146c_Xe3/member.uid___A001_X146c_Xe6/product/member.uid___A001_X146c_Xe6._811356__sci.spw25_27_29_31.cont.I.pbcor.fits
uid___A001_X146c_X95,uid___A001_X146c_Xe3,uid___A001_X146c_Xe6,https://casdc.china-vo.org/mirror/ALMAGAL/2019.1.00195.L/QA2/science_goal.uid___A001_X146c_X95/group.uid___A001_X146c_Xe3/member.uid___A001_X146c_Xe6/product/member.uid___A001_X146c_Xe6._811517__sci.spw25_27_29_31.cont.I.pbcor.fits
uid___A001_X146c_X95,uid___A001_X146c_Xe3,uid___A001_X146c_Xe6,https://casdc.china-vo.org/mirror/ALMAGAL/2019.1.00195.L/QA2/science_goal.uid___A001_X146c_X95/group.uid___A001_X146c_Xe3/member.uid___A001_X146c_Xe6/product/member.uid___A001_X146c_Xe6._812487__sci.spw25_27_29_31.cont.I.pbcor.fits
uid___A001_X146c_X95,uid___A001_X146c_Xe3,uid___A001_X146c_Xe6,https://casdc.china-vo.org/mirror/ALMAGAL/2019.1.00195.L/QA2/science_goal.uid___A001_X146c_X95/group.uid___A001_X146c_Xe3/member.uid___A001_X146c_Xe6/product/member.uid___A001_X146c_Xe6._812518__sci.spw25_27_29_31.cont.I.pbcor.fits
uid___A001_X146c_X95,uid___A001_X146c_Xe3,uid___A001_X146c_Xe6,https://casdc.china-vo.org/mirror/ALMAGAL/2019.1.00195.L/QA2/science_goal.uid___A001_X146c_X95/group.uid___A001_X146c_Xe3/member.uid___A001_X146c_Xe6/product/member.uid___A001_X146c_Xe6._812921__sci.spw25_27_29_31.cont.I.pbcor.fits
uid___A001_X146c_X95,uid___A001_X146c_Xe3,uid___A001_X146c_Xe6,https://casdc.china-vo.org/mirror/ALMAGAL/2019.1.00195.L/QA2/science_goal.uid___A001_X146c_X95/group.uid___A001_X146c_Xe3/member.uid___A001_X146c_Xe6/product/member.uid___A001_X146c_Xe6._813166__sci.spw25_27_29_31.cont.I.pbcor.fits
uid___A001_X146c_X95,uid___A001_X146c_Xe3,uid___A001_X146c_Xe6,https://casdc.china-vo.org/mirror/ALMAGAL/2019.1.00195.L/QA2/science_goal.uid___A001_X146c_X95/group.uid___A001_X146c_Xe3/member.uid___A001_X146c_Xe6/product/member.uid___A001_X146c_Xe6._813620__sci.spw25_27_29_31.cont.I.pbcor.fits
uid___A001_X146c_X95,uid___A001_X146c_Xe3,uid___A001_X146c_Xe6,https://casdc.china-vo.org/mirror/ALMAGAL/2019.1.00195.L/QA2/science_goal.uid___A001_X146c_X95/group.uid___A001_X146c_Xe3/member.uid___A001_X146c_Xe6/product/member.uid___A001_X146c_Xe6._813886__sci.spw25_27_29_31.cont.I.pbcor.fits
uid___A001_X146c_X95,uid___A001_X146c_Xe3,uid___A001_X146c_Xe6,https://casdc.china-vo.org/mirror/ALMAGAL/2019.1.00195.L/QA2/science_goal.uid___A001_X146c_X95/group.uid___A001_X146c_Xe3/member.uid___A001_X146c_Xe6/product/member.uid___A001_X146c_Xe6._814133__sci.spw25_27_29_31.cont.I.pbcor.fits
uid___A001_X146c_X95,uid___A001_X146c_Xe3,uid___A001_X146c_Xe6,https://casdc.china-vo.org/mirror/ALMAGAL/2019.1.00195.L/QA2/science_goal.uid___A001_X146c_X95/group.uid___A001_X146c_Xe3/member.uid___A001_X146c_Xe6/product/member.uid___A001_X146c_Xe6._815302__sci.spw25_27_29_31.cont.I.pbcor.fits
uid___A001_X146c_X95,uid___A001_X146c_Xe3,uid___A001_X146c_Xe6,https://casdc.china-vo.org/mirror/ALMAGAL/2019.1.00195.L/QA2/science_goal.uid___A001_X146c_X95/group.uid___A001_X146c_Xe3/member.uid___A001_X146c_Xe6/product/member.uid___A001_X146c_Xe6._815787__sci.spw25_27_29_31.cont.I.pbcor.fits
uid___A001_X146c_X95,uid___A001_X146c_Xe3,uid___A001_X146c_Xe6,https://casdc.china-vo.org/mirror/ALMAGAL/2019.1.00195.L/QA2/science_goal.uid___A001_X146c_X95/group.uid___A001_X146c_Xe3/member.uid___A001_X146c_Xe6/product/member.uid___A001_X146c_Xe6._816065__sci.spw25_27_29_31.cont.I.pbcor.fits
uid___A001_X146c_X95,uid___A001_X146c_Xe3,uid___A001_X146c_Xe6,https://casdc.china-vo.org/mirror/ALMAGAL/2019.1.00195.L/QA2/science_goal.uid___A001_X146c_X95/group.uid___A001_X146c_Xe3/member.uid___A001_X146c_Xe6/product/member.uid___A001_X146c_Xe6._817911__sci.spw25_27_29_31.cont.I.pbcor.fits
uid___A001_X146c_X95,uid___A001_X146c_Xe3,uid___A001_X146c_Xe6,https://casdc.china-vo.org/mirror/ALMAGAL/2019.1.00195.L/QA2/science_goal.uid___A001_X146c_X95/group.uid___A001_X146c_Xe3/member.uid___A001_X146c_Xe6/product/member.uid___A001_X146c_Xe6._817925__sci.spw25_27_29_31.cont.I.pbcor.fits
uid___A001_X146c_X95,uid___A001_X146c_Xe3,uid___A001_X146c_Xe6,https://casdc.china-vo.org/mirror/ALMAGAL/2019.1.00195.L/QA2/science_goal.uid___A001_X146c_X95/group.uid___A001_X146c_Xe3/member.uid___A001_X146c_Xe6/product/member.uid___A001_X146c_Xe6._817958__sci.spw25_27_29_31.cont.I.pbcor.fits
uid___A001_X146c_X95,uid___A001_X146c_Xe3,uid___A001_X146c_Xe6,https://casdc.china-vo.org/mirror/ALMAGAL/2019.1.00195.L/QA2/science_goal.uid___A001_X146c_X95/group.uid___A001_X146c_Xe3/member.uid___A001_X146c_Xe6/product/member.uid___A001_X146c_Xe6._820233__sci.spw25_27_29_31.cont.I.pbcor.fits
uid___A001_X146c_X95,uid___A001_X146c_Xe3,uid___A001_X146c_Xe6,https://casdc.china-vo.org/mirror/ALMAGAL/2019.1.00195.L/QA2/science_goal.uid___A001_X146c_X95/group.uid___A001_X146c_Xe3/member.uid___A001_X146c_Xe6/product/member.uid___A001_X146c_Xe6._821687__sci.spw25_27_29_31.cont.I.pbcor.fits
uid___A001_X146c_X95,uid___A001_X146c_Xe3,uid___A001_X146c_Xe6,https://casdc.china-vo.org/mirror/ALMAGAL/2019.1.00195.L/QA2/science_goal.uid___A001_X146c_X95/group.uid___A001_X146c_Xe3/member.uid___A001_X146c_Xe6/product/member.uid___A001_X146c_Xe6._821718__sci.spw25_27_29_31.cont.I.pbcor.fits
uid___A001_X146c_X95,uid___A001_X146c_Xe3,uid___A001_X146c_Xe6,https://casdc.china-vo.org/mirror/ALMAGAL/2019.1.00195.L/QA2/science_goal.uid___A001_X146c_X95/group.uid___A001_X146c_Xe3/member.uid___A001_X146c_Xe6/product/member.uid___A001_X146c_Xe6._822181__sci.spw25_27_29_31.cont.I.pbcor.fits
uid___A001_X146c_X95,uid___A001_X146c_Xe3,uid___A001_X146c_Xe6,https://casdc.china-vo.org/mirror/ALMAGAL/2019.1.00195.L/QA2/science_goal.uid___A001_X146c_X95/group.uid___A001_X146c_Xe3/member.uid___A001_X146c_Xe6/product/member.uid___A001_X146c_Xe6._822214__sci.spw25_27_29_31.cont.I.pbcor.fits
uid___A001_X146c_X95,uid___A001_X146c_Xe3,uid___A001_X146c_Xe6,https://casdc.china-vo.org/mirror/ALMAGAL/2019.1.00195.L/QA2/science_goal.uid___A001_X146c_X95/group.uid___A001_X146c_Xe3/member.uid___A001_X146c_Xe6/product/member.uid___A001_X146c_Xe6._822761__sci.spw25_27_29_31.cont.I.pbcor.fits
uid___A001_X146c_X95,uid___A001_X146c_Xe3,uid___A001_X146c_Xe6,https://casdc.china-vo.org/mirror/ALMAGAL/2019.1.00195.L/QA2/science_goal.uid___A001_X146c_X95/group.uid___A001_X146c_Xe3/member.uid___A001_X146c_Xe6/product/member.uid___A001_X146c_Xe6._824994__sci.spw25_27_29_31.cont.I.pbcor.fits
uid___A001_X146c_X95,uid___A001_X146c_Xe3,uid___A001_X146c_Xe6,https://casdc.china-vo.org/mirror/ALMAGAL/2019.1.00195.L/QA2/science_goal.uid___A001_X146c_X95/group.uid___A001_X146c_Xe3/member.uid___A001_X146c_Xe6/product/member.uid___A001_X146c_Xe6._827907__sci.spw25_27_29_31.cont.I.pbcor.fits
uid___A001_X146c_X95,uid___A001_X146c_Xe3,uid___A001_X146c_Xe6,https://casdc.china-vo.org/mirror/ALMAGAL/2019.1.00195.L/QA2/science_goal.uid___A001_X146c_X95/group.uid___A001_X146c_Xe3/member.uid___A001_X146c_Xe6/product/member.uid___A001_X146c_Xe6._829328__sci.spw25_27_29_31.cont.I.pbcor.fits
uid___A001_X146c_X95,uid___A001_X146c_Xe3,uid___A001_X146c_Xe6,https://casdc.china-vo.org/mirror/ALMAGAL/2019.1.00195.L/QA2/science_goal.uid___A001_X146c_X95/group.uid___A001_X146c_Xe3/member.uid___A001_X146c_Xe6/product/member.uid___A001_X146c_Xe6._830494__sci.spw25_27_29_31.cont.I.pbcor.fits
uid___A001_X146c_X95,uid___A001_X146c_Xe3,uid___A001_X146c_Xe6,https://casdc.china-vo.org/mirror/ALMAGAL/2019.1.00195.L/QA2/science_goal.uid___A001_X146c_X95/group.uid___A001_X146c_Xe3/member.uid___A001_X146c_Xe6/product/member.uid___A001_X146c_Xe6._831269__sci.spw25_27_29_31.cont.I.pbcor.fits
uid___A001_X146c_X95,uid___A001_X146c_Xe3,uid___A001_X146c_Xe6,https://casdc.china-vo.org/mirror/ALMAGAL/2019.1.00195.L/QA2/science_goal.uid___A001_X146c_X95/group.uid___A001_X146c_Xe3/member.uid___A001_X146c_Xe6/product/member.uid___A001_X146c_Xe6._832330__sci.spw25_27_29_31.cont.I.pbcor.fits
uid___A001_X146c_X95,uid___A001_X146c_Xe3,uid___A001_X146c_Xe6,https://casdc.china-vo.org/mirror/ALMAGAL/2019.1.00195.L/QA2/science_goal.uid___A001_X146c_X95/group.uid___A001_X146c_Xe3/member.uid___A001_X146c_Xe6/product/member.uid___A001_X146c_Xe6._832383__sci.spw25_27_29_31.cont.I.pbcor.fits
uid___A001_X146c_X95,uid___A001_X146c_Xe3,uid___A001_X146c_Xe6,https://casdc.china-vo.org/mirror/ALMAGAL/2019.1.00195.L/QA2/science_goal.uid___A001_X146c_X95/group.uid___A001_X146c_Xe3/member.uid___A001_X146c_Xe6/product/member.uid___A001_X146c_Xe6._832401__sci.spw25_27_29_31.cont.I.pbcor.fits
uid___A001_X146c_X95,uid___A001_X146c_Xe3,uid___A001_X146c_Xe6,https://casdc.china-vo.org/mirror/ALMAGAL/2019.1.00195.L/QA2/science_goal.uid___A001_X146c_X95/group.uid___A001_X146c_Xe3/member.uid___A001_X146c_Xe6/product/member.uid___A001_X146c_Xe6._833344__sci.spw25_27_29_31.cont.I.pbcor.fits
uid___A001_X146c_X95,uid___A001_X146c_Xe3,uid___A001_X146c_Xe6,https://casdc.china-vo.org/mirror/ALMAGAL/2019.1.00195.L/QA2/science_goal.uid___A001_X146c_X95/group.uid___A001_X146c_Xe3/member.uid___A001_X146c_Xe6/product/member.uid___A001_X146c_Xe6._833564__sci.spw25_27_29_31.cont.I.pbcor.fits
uid___A001_X146c_X95,uid___A001_X146c_Xe3,uid___A001_X146c_Xe6,https://casdc.china-vo.org/mirror/ALMAGAL/2019.1.00195.L/QA2/science_goal.uid___A001_X146c_X95/group.uid___A001_X146c_Xe3/member.uid___A001_X146c_Xe6/product/member.uid___A001_X146c_Xe6._833734__sci.spw25_27_29_31.cont.I.pbcor.fits
uid___A001_X146c_X95,uid___A001_X146c_Xe3,uid___A001_X146c_Xe8,https://casdc.china-vo.org/mirror/ALMAGAL/2019.1.00195.L/QA2/science_goal.uid___A001_X146c_X95/group.uid___A001_X146c_Xe3/member.uid___A001_X146c_Xe8/product/member.uid___A001_X146c_Xe8._804173__sci.spw16_18_20_22.cont.I.pbcor.fits
uid___A001_X146c_X95,uid___A001_X146c_Xe3,uid___A001_X146c_Xe8,https://casdc.china-vo.org/mirror/ALMAGAL/2019.1.00195.L/QA2/science_goal.uid___A001_X146c_X95/group.uid___A001_X146c_Xe3/member.uid___A001_X146c_Xe8/product/member.uid___A001_X146c_Xe8._804190__sci.spw16_18_20_22.cont.I.pbcor.fits
uid___A001_X146c_X95,uid___A001_X146c_Xe3,uid___A001_X146c_Xe8,https://casdc.china-vo.org/mirror/ALMAGAL/2019.1.00195.L/QA2/science_goal.uid___A001_X146c_X95/group.uid___A001_X146c_Xe3/member.uid___A001_X146c_Xe8/product/member.uid___A001_X146c_Xe8._804675__sci.spw16_18_20_22.cont.I.pbcor.fits
uid___A001_X146c_X95,uid___A001_X146c_Xe3,uid___A001_X146c_Xe8,https://casdc.china-vo.org/mirror/ALMAGAL/2019.1.00195.L/QA2/science_goal.uid___A001_X146c_X95/group.uid___A001_X146c_Xe3/member.uid___A001_X146c_Xe8/product/member.uid___A001_X146c_Xe8._804997__sci.spw16_18_20_22.cont.I.pbcor.fits
uid___A001_X146c_X95,uid___A001_X146c_Xe3,uid___A001_X146c_Xe8,https://casdc.china-vo.org/mirror/ALMAGAL/2019.1.00195.L/QA2/science_goal.uid___A001_X146c_X95/group.uid___A001_X146c_Xe3/member.uid___A001_X146c_Xe8/product/member.uid___A001_X146c_Xe8._805077__sci.spw16_18_20_22.cont.I.pbcor.fits
uid___A001_X146c_X95,uid___A001_X146c_Xe3,uid___A001_X146c_Xe8,https://casdc.china-vo.org/mirror/ALMAGAL/2019.1.00195.L/QA2/science_goal.uid___A001_X146c_X95/group.uid___A001_X146c_Xe3/member.uid___A001_X146c_Xe8/product/member.uid___A001_X146c_Xe8._805162__sci.spw16_18_20_22.cont.I.pbcor.fits
uid___A001_X146c_X95,uid___A001_X146c_Xe3,uid___A001_X146c_Xe8,https://casdc.china-vo.org/mirror/ALMAGAL/2019.1.00195.L/QA2/science_goal.uid___A001_X146c_X95/group.uid___A001_X146c_Xe3/member.uid___A001_X146c_Xe8/product/member.uid___A001_X146c_Xe8._805178__sci.spw16_18_20_22.cont.I.pbcor.fits
uid___A001_X146c_X95,uid___A001_X146c_Xe3,uid___A001_X146c_Xe8,https://casdc.china-vo.org/mirror/ALMAGAL/2019.1.00195.L/QA2/science_goal.uid___A001_X146c_X95/group.uid___A001_X146c_Xe3/member.uid___A001_X146c_Xe8/product/member.uid___A001_X146c_Xe8._805751__sci.spw16_18_20_22.cont.I.pbcor.fits
uid___A001_X146c_X95,uid___A001_X146c_Xe3,uid___A001_X146c_Xe8,https://casdc.china-vo.org/mirror/ALMAGAL/2019.1.00195.L/QA2/science_goal.uid___A001_X146c_X95/group.uid___A001_X146c_Xe3/member.uid___A001_X146c_Xe8/product/member.uid___A001_X146c_Xe8._805970__sci.spw16_18_20_22.cont.I.pbcor.fits
uid___A001_X146c_X95,uid___A001_X146c_Xe3,uid___A001_X146c_Xe8,https://casdc.china-vo.org/mirror/ALMAGAL/2019.1.00195.L/QA2/science_goal.uid___A001_X146c_X95/group.uid___A001_X146c_Xe3/member.uid___A001_X146c_Xe8/product/member.uid___A001_X146c_Xe8._806581__sci.spw16_18_20_22.cont.I.pbcor.fits
uid___A001_X146c_X95,uid___A001_X146c_Xe3,uid___A001_X146c_Xe8,https://casdc.china-vo.org/mirror/ALMAGAL/2019.1.00195.L/QA2/science_goal.uid___A001_X146c_X95/group.uid___A001_X146c_Xe3/member.uid___A001_X146c_Xe8/product/member.uid___A001_X146c_Xe8._806896__sci.spw16_18_20_22.cont.I.pbcor.fits
uid___A001_X146c_X95,uid___A001_X146c_Xe3,uid___A001_X146c_Xe8,https://casdc.china-vo.org/mirror/ALMAGAL/2019.1.00195.L/QA2/science_goal.uid___A001_X146c_X95/group.uid___A001_X146c_Xe3/member.uid___A001_X146c_Xe8/product/member.uid___A001_X146c_Xe8._806998__sci.spw16_18_20_22.cont.I.pbcor.fits
uid___A001_X146c_X95,uid___A001_X146c_Xe3,uid___A001_X146c_Xe8,https://casdc.china-vo.org/mirror/ALMAGAL/2019.1.00195.L/QA2/science_goal.uid___A001_X146c_X95/group.uid___A001_X146c_Xe3/member.uid___A001_X146c_Xe8/product/member.uid___A001_X146c_Xe8._807063__sci.spw16_18_20_22.cont.I.pbcor.fits
uid___A001_X146c_X95,uid___A001_X146c_Xe3,uid___A001_X146c_Xe8,https://casdc.china-vo.org/mirror/ALMAGAL/2019.1.00195.L/QA2/science_goal.uid___A001_X146c_X95/group.uid___A001_X146c_Xe3/member.uid___A001_X146c_Xe8/product/member.uid___A001_X146c_Xe8._807111__sci.spw16_18_20_22.cont.I.pbcor.fits
uid___A001_X146c_X95,uid___A001_X146c_Xe3,uid___A001_X146c_Xe8,https://casdc.china-vo.org/mirror/ALMAGAL/2019.1.00195.L/QA2/science_goal.uid___A001_X146c_X95/group.uid___A001_X146c_Xe3/member.uid___A001_X146c_Xe8/product/member.uid___A001_X146c_Xe8._807440__sci.spw16_18_20_22.cont.I.pbcor.fits
uid___A001_X146c_X95,uid___A001_X146c_Xe3,uid___A001_X146c_Xe8,https://casdc.china-vo.org/mirror/ALMAGAL/2019.1.00195.L/QA2/science_goal.uid___A001_X146c_X95/group.uid___A001_X146c_Xe3/member.uid___A001_X146c_Xe8/product/member.uid___A001_X146c_Xe8._807707__sci.spw16_18_20_22.cont.I.pbcor.fits
uid___A001_X146c_X95,uid___A001_X146c_Xe3,uid___A001_X146c_Xe8,https://casdc.china-vo.org/mirror/ALMAGAL/2019.1.00195.L/QA2/science_goal.uid___A001_X146c_X95/group.uid___A001_X146c_Xe3/member.uid___A001_X146c_Xe8/product/member.uid___A001_X146c_Xe8._808017__sci.spw16_18_20_22.cont.I.pbcor.fits
uid___A001_X146c_X95,uid___A001_X146c_Xe3,uid___A001_X146c_Xe8,https://casdc.china-vo.org/mirror/ALMAGAL/2019.1.00195.L/QA2/science_goal.uid___A001_X146c_X95/group.uid___A001_X146c_Xe3/member.uid___A001_X146c_Xe8/product/member.uid___A001_X146c_Xe8._808125__sci.spw16_18_20_22.cont.I.pbcor.fits
uid___A001_X146c_X95,uid___A001_X146c_Xe3,uid___A001_X146c_Xe8,https://casdc.china-vo.org/mirror/ALMAGAL/2019.1.00195.L/QA2/science_goal.uid___A001_X146c_X95/group.uid___A001_X146c_Xe3/member.uid___A001_X146c_Xe8/product/member.uid___A001_X146c_Xe8._808711__sci.spw16_18_20_22.cont.I.pbcor.fits
uid___A001_X146c_X95,uid___A001_X146c_Xe3,uid___A001_X146c_Xe8,https://casdc.china-vo.org/mirror/ALMAGAL/2019.1.00195.L/QA2/science_goal.uid___A001_X146c_X95/group.uid___A001_X146c_Xe3/member.uid___A001_X146c_Xe8/product/member.uid___A001_X146c_Xe8._808803__sci.spw16_18_20_22.cont.I.pbcor.fits
uid___A001_X146c_X95,uid___A001_X146c_Xe3,uid___A001_X146c_Xe8,https://casdc.china-vo.org/mirror/ALMAGAL/2019.1.00195.L/QA2/science_goal.uid___A001_X146c_X95/group.uid___A001_X146c_Xe3/member.uid___A001_X146c_Xe8/product/member.uid___A001_X146c_Xe8._808875__sci.spw16_18_20_22.cont.I.pbcor.fits
uid___A001_X146c_X95,uid___A001_X146c_Xe3,uid___A001_X146c_Xe8,https://casdc.china-vo.org/mirror/ALMAGAL/2019.1.00195.L/QA2/science_goal.uid___A001_X146c_X95/group.uid___A001_X146c_Xe3/member.uid___A001_X146c_Xe8/product/member.uid___A001_X146c_Xe8._808999__sci.spw16_18_20_22.cont.I.pbcor.fits
uid___A001_X146c_X95,uid___A001_X146c_Xe3,uid___A001_X146c_Xe8,https://casdc.china-vo.org/mirror/ALMAGAL/2019.1.00195.L/QA2/science_goal.uid___A001_X146c_X95/group.uid___A001_X146c_Xe3/member.uid___A001_X146c_Xe8/product/member.uid___A001_X146c_Xe8._809068__sci.spw16_18_20_22.cont.I.pbcor.fits
uid___A001_X146c_X95,uid___A001_X146c_Xe3,uid___A001_X146c_Xe8,https://casdc.china-vo.org/mirror/ALMAGAL/2019.1.00195.L/QA2/science_goal.uid___A001_X146c_X95/group.uid___A001_X146c_Xe3/member.uid___A001_X146c_Xe8/product/member.uid___A001_X146c_Xe8._809069__sci.spw16_18_20_22.cont.I.pbcor.fits
uid___A001_X146c_X95,uid___A001_X146c_Xe3,uid___A001_X146c_Xe8,https://casdc.china-vo.org/mirror/ALMAGAL/2019.1.00195.L/QA2/science_goal.uid___A001_X146c_X95/group.uid___A001_X146c_Xe3/member.uid___A001_X146c_Xe8/product/member.uid___A001_X146c_Xe8._809185__sci.spw16_18_20_22.cont.I.pbcor.fits
uid___A001_X146c_X95,uid___A001_X146c_Xe3,uid___A001_X146c_Xe8,https://casdc.china-vo.org/mirror/ALMAGAL/2019.1.00195.L/QA2/science_goal.uid___A001_X146c_X95/group.uid___A001_X146c_Xe3/member.uid___A001_X146c_Xe8/product/member.uid___A001_X146c_Xe8._809262__sci.spw16_18_20_22.cont.I.pbcor.fits
uid___A001_X146c_X95,uid___A001_X146c_Xe3,uid___A001_X146c_Xe8,https://casdc.china-vo.org/mirror/ALMAGAL/2019.1.00195.L/QA2/science_goal.uid___A001_X146c_X95/group.uid___A001_X146c_Xe3/member.uid___A001_X146c_Xe8/product/member.uid___A001_X146c_Xe8._809316__sci.spw16_18_20_22.cont.I.pbcor.fits
uid___A001_X146c_X95,uid___A001_X146c_Xe3,uid___A001_X146c_Xe8,https://casdc.china-vo.org/mirror/ALMAGAL/2019.1.00195.L/QA2/science_goal.uid___A001_X146c_X95/group.uid___A001_X146c_Xe3/member.uid___A001_X146c_Xe8/product/member.uid___A001_X146c_Xe8._809324__sci.spw16_18_20_22.cont.I.pbcor.fits
uid___A001_X146c_X95,uid___A001_X146c_Xe3,uid___A001_X146c_Xe8,https://casdc.china-vo.org/mirror/ALMAGAL/2019.1.00195.L/QA2/science_goal.uid___A001_X146c_X95/group.uid___A001_X146c_Xe3/member.uid___A001_X146c_Xe8/product/member.uid___A001_X146c_Xe8._809327__sci.spw16_18_20_22.cont.I.pbcor.fits
uid___A001_X146c_X95,uid___A001_X146c_Xe3,uid___A001_X146c_Xe8,https://casdc.china-vo.org/mirror/ALMAGAL/2019.1.00195.L/QA2/science_goal.uid___A001_X146c_X95/group.uid___A001_X146c_Xe3/member.uid___A001_X146c_Xe8/product/member.uid___A001_X146c_Xe8._809343__sci.spw16_18_20_22.cont.I.pbcor.fits
uid___A001_X146c_X95,uid___A001_X146c_Xe3,uid___A001_X146c_Xe8,https://casdc.china-vo.org/mirror/ALMAGAL/2019.1.00195.L/QA2/science_goal.uid___A001_X146c_X95/group.uid___A001_X146c_Xe3/member.uid___A001_X146c_Xe8/product/member.uid___A001_X146c_Xe8._809511__sci.spw16_18_20_22.cont.I.pbcor.fits
uid___A001_X146c_X95,uid___A001_X146c_Xe3,uid___A001_X146c_Xe8,https://casdc.china-vo.org/mirror/ALMAGAL/2019.1.00195.L/QA2/science_goal.uid___A001_X146c_X95/group.uid___A001_X146c_Xe3/member.uid___A001_X146c_Xe8/product/member.uid___A001_X146c_Xe8._809780__sci.spw16_18_20_22.cont.I.pbcor.fits
uid___A001_X146c_X95,uid___A001_X146c_Xe3,uid___A001_X146c_Xe8,https://casdc.china-vo.org/mirror/ALMAGAL/2019.1.00195.L/QA2/science_goal.uid___A001_X146c_X95/group.uid___A001_X146c_Xe3/member.uid___A001_X146c_Xe8/product/member.uid___A001_X146c_Xe8._809874__sci.spw16_18_20_22.cont.I.pbcor.fits
uid___A001_X146c_X95,uid___A001_X146c_Xe3,uid___A001_X146c_Xe8,https://casdc.china-vo.org/mirror/ALMAGAL/2019.1.00195.L/QA2/science_goal.uid___A001_X146c_X95/group.uid___A001_X146c_Xe3/member.uid___A001_X146c_Xe8/product/member.uid___A001_X146c_Xe8._810029__sci.spw16_18_20_22.cont.I.pbcor.fits
uid___A001_X146c_X95,uid___A001_X146c_Xe3,uid___A001_X146c_Xe8,https://casdc.china-vo.org/mirror/ALMAGAL/2019.1.00195.L/QA2/science_goal.uid___A001_X146c_X95/group.uid___A001_X146c_Xe3/member.uid___A001_X146c_Xe8/product/member.uid___A001_X146c_Xe8._810154__sci.spw16_18_20_22.cont.I.pbcor.fits
uid___A001_X146c_X95,uid___A001_X146c_Xe3,uid___A001_X146c_Xe8,https://casdc.china-vo.org/mirror/ALMAGAL/2019.1.00195.L/QA2/science_goal.uid___A001_X146c_X95/group.uid___A001_X146c_Xe3/member.uid___A001_X146c_Xe8/product/member.uid___A001_X146c_Xe8._810478__sci.spw16_18_20_22.cont.I.pbcor.fits
uid___A001_X146c_X95,uid___A001_X146c_Xe3,uid___A001_X146c_Xe8,https://casdc.china-vo.org/mirror/ALMAGAL/2019.1.00195.L/QA2/science_goal.uid___A001_X146c_X95/group.uid___A001_X146c_Xe3/member.uid___A001_X146c_Xe8/product/member.uid___A001_X146c_Xe8._810788__sci.spw16_18_20_22.cont.I.pbcor.fits
uid___A001_X146c_X95,uid___A001_X146c_Xe3,uid___A001_X146c_Xe8,https://casdc.china-vo.org/mirror/ALMAGAL/2019.1.00195.L/QA2/science_goal.uid___A001_X146c_X95/group.uid___A001_X146c_Xe3/member.uid___A001_X146c_Xe8/product/member.uid___A001_X146c_Xe8._810984__sci.spw16_18_20_22.cont.I.pbcor.fits
uid___A001_X146c_X95,uid___A001_X146c_Xe3,uid___A001_X146c_Xe8,https://casdc.china-vo.org/mirror/ALMAGAL/2019.1.00195.L/QA2/science_goal.uid___A001_X146c_X95/group.uid___A001_X146c_Xe3/member.uid___A001_X146c_Xe8/product/member.uid___A001_X146c_Xe8._811356__sci.spw16_18_20_22.cont.I.pbcor.fits
uid___A001_X146c_X95,uid___A001_X146c_Xe3,uid___A001_X146c_Xe8,https://casdc.china-vo.org/mirror/ALMAGAL/2019.1.00195.L/QA2/science_goal.uid___A001_X146c_X95/group.uid___A001_X146c_Xe3/member.uid___A001_X146c_Xe8/product/member.uid___A001_X146c_Xe8._811517__sci.spw16_18_20_22.cont.I.pbcor.fits
uid___A001_X146c_X95,uid___A001_X146c_Xe3,uid___A001_X146c_Xe8,https://casdc.china-vo.org/mirror/ALMAGAL/2019.1.00195.L/QA2/science_goal.uid___A001_X146c_X95/group.uid___A001_X146c_Xe3/member.uid___A001_X146c_Xe8/product/member.uid___A001_X146c_Xe8._812487__sci.spw16_18_20_22.cont.I.pbcor.fits
uid___A001_X146c_X95,uid___A001_X146c_Xe3,uid___A001_X146c_Xe8,https://casdc.china-vo.org/mirror/ALMAGAL/2019.1.00195.L/QA2/science_goal.uid___A001_X146c_X95/group.uid___A001_X146c_Xe3/member.uid___A001_X146c_Xe8/product/member.uid___A001_X146c_Xe8._812518__sci.spw16_18_20_22.cont.I.pbcor.fits
uid___A001_X146c_X95,uid___A001_X146c_Xe3,uid___A001_X146c_Xe8,https://casdc.china-vo.org/mirror/ALMAGAL/2019.1.00195.L/QA2/science_goal.uid___A001_X146c_X95/group.uid___A001_X146c_Xe3/member.uid___A001_X146c_Xe8/product/member.uid___A001_X146c_Xe8._812921__sci.spw16_18_20_22.cont.I.pbcor.fits
uid___A001_X146c_X95,uid___A001_X146c_Xe3,uid___A001_X146c_Xe8,https://casdc.china-vo.org/mirror/ALMAGAL/2019.1.00195.L/QA2/science_goal.uid___A001_X146c_X95/group.uid___A001_X146c_Xe3/member.uid___A001_X146c_Xe8/product/member.uid___A001_X146c_Xe8._813166__sci.spw16_18_20_22.cont.I.pbcor.fits
uid___A001_X146c_X95,uid___A001_X146c_Xe3,uid___A001_X146c_Xe8,https://casdc.china-vo.org/mirror/ALMAGAL/2019.1.00195.L/QA2/science_goal.uid___A001_X146c_X95/group.uid___A001_X146c_Xe3/member.uid___A001_X146c_Xe8/product/member.uid___A001_X146c_Xe8._813620__sci.spw16_18_20_22.cont.I.pbcor.fits
uid___A001_X146c_X95,uid___A001_X146c_Xe3,uid___A001_X146c_Xe8,https://casdc.china-vo.org/mirror/ALMAGAL/2019.1.00195.L/QA2/science_goal.uid___A001_X146c_X95/group.uid___A001_X146c_Xe3/member.uid___A001_X146c_Xe8/product/member.uid___A001_X146c_Xe8._813886__sci.spw16_18_20_22.cont.I.pbcor.fits
uid___A001_X146c_X95,uid___A001_X146c_Xe3,uid___A001_X146c_Xe8,https://casdc.china-vo.org/mirror/ALMAGAL/2019.1.00195.L/QA2/science_goal.uid___A001_X146c_X95/group.uid___A001_X146c_Xe3/member.uid___A001_X146c_Xe8/product/member.uid___A001_X146c_Xe8._814133__sci.spw16_18_20_22.cont.I.pbcor.fits
uid___A001_X146c_X95,uid___A001_X146c_Xe3,uid___A001_X146c_Xe8,https://casdc.china-vo.org/mirror/ALMAGAL/2019.1.00195.L/QA2/science_goal.uid___A001_X146c_X95/group.uid___A001_X146c_Xe3/member.uid___A001_X146c_Xe8/product/member.uid___A001_X146c_Xe8._815302__sci.spw16_18_20_22.cont.I.pbcor.fits
uid___A001_X146c_X95,uid___A001_X146c_Xe3,uid___A001_X146c_Xe8,https://casdc.china-vo.org/mirror/ALMAGAL/2019.1.00195.L/QA2/science_goal.uid___A001_X146c_X95/group.uid___A001_X146c_Xe3/member.uid___A001_X146c_Xe8/product/member.uid___A001_X146c_Xe8._815787__sci.spw16_18_20_22.cont.I.pbcor.fits
uid___A001_X146c_X95,uid___A001_X146c_Xe3,uid___A001_X146c_Xe8,https://casdc.china-vo.org/mirror/ALMAGAL/2019.1.00195.L/QA2/science_goal.uid___A001_X146c_X95/group.uid___A001_X146c_Xe3/member.uid___A001_X146c_Xe8/product/member.uid___A001_X146c_Xe8._816065__sci.spw16_18_20_22.cont.I.pbcor.fits
uid___A001_X146c_X95,uid___A001_X146c_Xe3,uid___A001_X146c_Xe8,https://casdc.china-vo.org/mirror/ALMAGAL/2019.1.00195.L/QA2/science_goal.uid___A001_X146c_X95/group.uid___A001_X146c_Xe3/member.uid___A001_X146c_Xe8/product/member.uid___A001_X146c_Xe8._817911__sci.spw16_18_20_22.cont.I.pbcor.fits
uid___A001_X146c_X95,uid___A001_X146c_Xe3,uid___A001_X146c_Xe8,https://casdc.china-vo.org/mirror/ALMAGAL/2019.1.00195.L/QA2/science_goal.uid___A001_X146c_X95/group.uid___A001_X146c_Xe3/member.uid___A001_X146c_Xe8/product/member.uid___A001_X146c_Xe8._817925__sci.spw16_18_20_22.cont.I.pbcor.fits
uid___A001_X146c_X95,uid___A001_X146c_Xe3,uid___A001_X146c_Xe8,https://casdc.china-vo.org/mirror/ALMAGAL/2019.1.00195.L/QA2/science_goal.uid___A001_X146c_X95/group.uid___A001_X146c_Xe3/member.uid___A001_X146c_Xe8/product/member.uid___A001_X146c_Xe8._817958__sci.spw16_18_20_22.cont.I.pbcor.fits
uid___A001_X146c_X95,uid___A001_X146c_Xe3,uid___A001_X146c_Xe8,https://casdc.china-vo.org/mirror/ALMAGAL/2019.1.00195.L/QA2/science_goal.uid___A001_X146c_X95/group.uid___A001_X146c_Xe3/member.uid___A001_X146c_Xe8/product/member.uid___A001_X146c_Xe8._820233__sci.spw16_18_20_22.cont.I.pbcor.fits
uid___A001_X146c_X95,uid___A001_X146c_Xe3,uid___A001_X146c_Xe8,https://casdc.china-vo.org/mirror/ALMAGAL/2019.1.00195.L/QA2/science_goal.uid___A001_X146c_X95/group.uid___A001_X146c_Xe3/member.uid___A001_X146c_Xe8/product/member.uid___A001_X146c_Xe8._821687__sci.spw16_18_20_22.cont.I.pbcor.fits
uid___A001_X146c_X95,uid___A001_X146c_Xe3,uid___A001_X146c_Xe8,https://casdc.china-vo.org/mirror/ALMAGAL/2019.1.00195.L/QA2/science_goal.uid___A001_X146c_X95/group.uid___A001_X146c_Xe3/member.uid___A001_X146c_Xe8/product/member.uid___A001_X146c_Xe8._821718__sci.spw16_18_20_22.cont.I.pbcor.fits
uid___A001_X146c_X95,uid___A001_X146c_Xe3,uid___A001_X146c_Xe8,https://casdc.china-vo.org/mirror/ALMAGAL/2019.1.00195.L/QA2/science_goal.uid___A001_X146c_X95/group.uid___A001_X146c_Xe3/member.uid___A001_X146c_Xe8/product/member.uid___A001_X146c_Xe8._822181__sci.spw16_18_20_22.cont.I.pbcor.fits
uid___A001_X146c_X95,uid___A001_X146c_Xe3,uid___A001_X146c_Xe8,https://casdc.china-vo.org/mirror/ALMAGAL/2019.1.00195.L/QA2/science_goal.uid___A001_X146c_X95/group.uid___A001_X146c_Xe3/member.uid___A001_X146c_Xe8/product/member.uid___A001_X146c_Xe8._822214__sci.spw16_18_20_22.cont.I.pbcor.fits
uid___A001_X146c_X95,uid___A001_X146c_Xe3,uid___A001_X146c_Xe8,https://casdc.china-vo.org/mirror/ALMAGAL/2019.1.00195.L/QA2/science_goal.uid___A001_X146c_X95/group.uid___A001_X146c_Xe3/member.uid___A001_X146c_Xe8/product/member.uid___A001_X146c_Xe8._822761__sci.spw16_18_20_22.cont.I.pbcor.fits
uid___A001_X146c_X95,uid___A001_X146c_Xe3,uid___A001_X146c_Xe8,https://casdc.china-vo.org/mirror/ALMAGAL/2019.1.00195.L/QA2/science_goal.uid___A001_X146c_X95/group.uid___A001_X146c_Xe3/member.uid___A001_X146c_Xe8/product/member.uid___A001_X146c_Xe8._824994__sci.spw16_18_20_22.cont.I.pbcor.fits
uid___A001_X146c_X95,uid___A001_X146c_Xe3,uid___A001_X146c_Xe8,https://casdc.china-vo.org/mirror/ALMAGAL/2019.1.00195.L/QA2/science_goal.uid___A001_X146c_X95/group.uid___A001_X146c_Xe3/member.uid___A001_X146c_Xe8/product/member.uid___A001_X146c_Xe8._827907__sci.spw16_18_20_22.cont.I.pbcor.fits
uid___A001_X146c_X95,uid___A001_X146c_Xe3,uid___A001_X146c_Xe8,https://casdc.china-vo.org/mirror/ALMAGAL/2019.1.00195.L/QA2/science_goal.uid___A001_X146c_X95/group.uid___A001_X146c_Xe3/member.uid___A001_X146c_Xe8/product/member.uid___A001_X146c_Xe8._829328__sci.spw16_18_20_22.cont.I.pbcor.fits
uid___A001_X146c_X95,uid___A001_X146c_Xe3,uid___A001_X146c_Xe8,https://casdc.china-vo.org/mirror/ALMAGAL/2019.1.00195.L/QA2/science_goal.uid___A001_X146c_X95/group.uid___A001_X146c_Xe3/member.uid___A001_X146c_Xe8/product/member.uid___A001_X146c_Xe8._830494__sci.spw16_18_20_22.cont.I.pbcor.fits
uid___A001_X146c_X95,uid___A001_X146c_Xe3,uid___A001_X146c_Xe8,https://casdc.china-vo.org/mirror/ALMAGAL/2019.1.00195.L/QA2/science_goal.uid___A001_X146c_X95/group.uid___A001_X146c_Xe3/member.uid___A001_X146c_Xe8/product/member.uid___A001_X146c_Xe8._831269__sci.spw16_18_20_22.cont.I.pbcor.fits
uid___A001_X146c_X95,uid___A001_X146c_Xe3,uid___A001_X146c_Xe8,https://casdc.china-vo.org/mirror/ALMAGAL/2019.1.00195.L/QA2/science_goal.uid___A001_X146c_X95/group.uid___A001_X146c_Xe3/member.uid___A001_X146c_Xe8/product/member.uid___A001_X146c_Xe8._832330__sci.spw16_18_20_22.cont.I.pbcor.fits
uid___A001_X146c_X95,uid___A001_X146c_Xe3,uid___A001_X146c_Xe8,https://casdc.china-vo.org/mirror/ALMAGAL/2019.1.00195.L/QA2/science_goal.uid___A001_X146c_X95/group.uid___A001_X146c_Xe3/member.uid___A001_X146c_Xe8/product/member.uid___A001_X146c_Xe8._832383__sci.spw16_18_20_22.cont.I.pbcor.fits
uid___A001_X146c_X95,uid___A001_X146c_Xe3,uid___A001_X146c_Xe8,https://casdc.china-vo.org/mirror/ALMAGAL/2019.1.00195.L/QA2/science_goal.uid___A001_X146c_X95/group.uid___A001_X146c_Xe3/member.uid___A001_X146c_Xe8/product/member.uid___A001_X146c_Xe8._832401__sci.spw16_18_20_22.cont.I.pbcor.fits
uid___A001_X146c_X95,uid___A001_X146c_Xe3,uid___A001_X146c_Xe8,https://casdc.china-vo.org/mirror/ALMAGAL/2019.1.00195.L/QA2/science_goal.uid___A001_X146c_X95/group.uid___A001_X146c_Xe3/member.uid___A001_X146c_Xe8/product/member.uid___A001_X146c_Xe8._833344__sci.spw16_18_20_22.cont.I.pbcor.fits
uid___A001_X146c_X95,uid___A001_X146c_Xe3,uid___A001_X146c_Xe8,https://casdc.china-vo.org/mirror/ALMAGAL/2019.1.00195.L/QA2/science_goal.uid___A001_X146c_X95/group.uid___A001_X146c_Xe3/member.uid___A001_X146c_Xe8/product/member.uid___A001_X146c_Xe8._833564__sci.spw16_18_20_22.cont.I.pbcor.fits
uid___A001_X146c_X95,uid___A001_X146c_Xe3,uid___A001_X146c_Xe8,https://casdc.china-vo.org/mirror/ALMAGAL/2019.1.00195.L/QA2/science_goal.uid___A001_X146c_X95/group.uid___A001_X146c_Xe3/member.uid___A001_X146c_Xe8/product/member.uid___A001_X146c_Xe8._833734__sci.spw16_18_20_22.cont.I.pbcor.fits
uid___A001_X146c_X95,uid___A001_X146c_Xe3,uid___A001_X146c_Xe8,https://casdc.china-vo.org/mirror/ALMAGAL/2019.1.00195.L/QA2/science_goal.uid___A001_X146c_X95/group.uid___A001_X146c_Xe3/member.uid___A001_X146c_Xe8/product/member.uid___A001_X146c_Xe8._833781__sci.spw16_18_20_22.cont.I.pbcor.fits
uid___A001_X146c_X95,uid___A001_X146c_Xe3,uid___A001_X146c_Xe8,https://casdc.china-vo.org/mirror/ALMAGAL/2019.1.00195.L/QA2/science_goal.uid___A001_X146c_X95/group.uid___A001_X146c_Xe3/member.uid___A001_X146c_Xe8/product/member.uid___A001_X146c_Xe8._834656__sci.spw16_18_20_22.cont.I.pbcor.fits
uid___A001_X146c_X95,uid___A001_X146c_Xe3,uid___A001_X146c_Xe8,https://casdc.china-vo.org/mirror/ALMAGAL/2019.1.00195.L/QA2/science_goal.uid___A001_X146c_X95/group.uid___A001_X146c_Xe3/member.uid___A001_X146c_Xe8/product/member.uid___A001_X146c_Xe8._834996__sci.spw16_18_20_22.cont.I.pbcor.fits
uid___A001_X146c_X95,uid___A001_X146c_Xe3,uid___A001_X146c_Xe8,https://casdc.china-vo.org/mirror/ALMAGAL/2019.1.00195.L/QA2/science_goal.uid___A001_X146c_X95/group.uid___A001_X146c_Xe3/member.uid___A001_X146c_Xe8/product/member.uid___A001_X146c_Xe8._835436__sci.spw16_18_20_22.cont.I.pbcor.fits
uid___A001_X146c_X95,uid___A001_X146c_Xe3,uid___A001_X146c_Xe8,https://casdc.china-vo.org/mirror/ALMAGAL/2019.1.00195.L/QA2/science_goal.uid___A001_X146c_X95/group.uid___A001_X146c_Xe3/member.uid___A001_X146c_Xe8/product/member.uid___A001_X146c_Xe8._835584__sci.spw16_18_20_22.cont.I.pbcor.fits
uid___A001_X146c_X95,uid___A001_X146c_Xe3,uid___A001_X146c_Xe8,https://casdc.china-vo.org/mirror/ALMAGAL/2019.1.00195.L/QA2/science_goal.uid___A001_X146c_X95/group.uid___A001_X146c_Xe3/member.uid___A001_X146c_Xe8/product/member.uid___A001_X146c_Xe8._836457__sci.spw16_18_20_22.cont.I.pbcor.fits
uid___A001_X146c_X95,uid___A001_X146c_Xe3,uid___A001_X146c_Xe8,https://casdc.china-vo.org/mirror/ALMAGAL/2019.1.00195.L/QA2/science_goal.uid___A001_X146c_X95/group.uid___A001_X146c_Xe3/member.uid___A001_X146c_Xe8/product/member.uid___A001_X146c_Xe8._837099__sci.spw16_18_20_22.cont.I.pbcor.fits
uid___A001_X146c_X95,uid___A001_X146c_Xe3,uid___A001_X146c_Xe8,https://casdc.china-vo.org/mirror/ALMAGAL/2019.1.00195.L/QA2/science_goal.uid___A001_X146c_X95/group.uid___A001_X146c_Xe3/member.uid___A001_X146c_Xe8/product/member.uid___A001_X146c_Xe8._837291__sci.spw16_18_20_22.cont.I.pbcor.fits
uid___A001_X146c_X95,uid___A001_X146c_Xe3,uid___A001_X146c_Xe8,https://casdc.china-vo.org/mirror/ALMAGAL/2019.1.00195.L/QA2/science_goal.uid___A001_X146c_X95/group.uid___A001_X146c_Xe3/member.uid___A001_X146c_Xe8/product/member.uid___A001_X146c_Xe8._837441__sci.spw16_18_20_22.cont.I.pbcor.fits
uid___A001_X146c_X95,uid___A001_X146c_Xe3,uid___A001_X146c_Xe8,https://casdc.china-vo.org/mirror/ALMAGAL/2019.1.00195.L/QA2/science_goal.uid___A001_X146c_X95/group.uid___A001_X146c_Xe3/member.uid___A001_X146c_Xe8/product/member.uid___A001_X146c_Xe8._837611__sci.spw16_18_20_22.cont.I.pbcor.fits
uid___A001_X146c_X95,uid___A001_X146c_Xe3,uid___A001_X146c_Xe8,https://casdc.china-vo.org/mirror/ALMAGAL/2019.1.00195.L/QA2/science_goal.uid___A001_X146c_X95/group.uid___A001_X146c_Xe3/member.uid___A001_X146c_Xe8/product/member.uid___A001_X146c_Xe8._837688__sci.spw16_18_20_22.cont.I.pbcor.fits
uid___A001_X146c_X95,uid___A001_X146c_Xe3,uid___A001_X146c_Xe8,https://casdc.china-vo.org/mirror/ALMAGAL/2019.1.00195.L/QA2/science_goal.uid___A001_X146c_X95/group.uid___A001_X146c_Xe3/member.uid___A001_X146c_Xe8/product/member.uid___A001_X146c_Xe8._839003__sci.spw16_18_20_22.cont.I.pbcor.fits
uid___A001_X146c_X95,uid___A001_X146c_Xe3,uid___A001_X146c_Xe8,https://casdc.china-vo.org/mirror/ALMAGAL/2019.1.00195.L/QA2/science_goal.uid___A001_X146c_X95/group.uid___A001_X146c_Xe3/member.uid___A001_X146c_Xe8/product/member.uid___A001_X146c_Xe8._839198__sci.spw16_18_20_22.cont.I.pbcor.fits
uid___A001_X146c_X95,uid___A001_X146c_Xe3,uid___A001_X146c_Xe8,https://casdc.china-vo.org/mirror/ALMAGAL/2019.1.00195.L/QA2/science_goal.uid___A001_X146c_X95/group.uid___A001_X146c_Xe3/member.uid___A001_X146c_Xe8/product/member.uid___A001_X146c_Xe8._839411__sci.spw16_18_20_22.cont.I.pbcor.fits
uid___A001_X146c_X95,uid___A001_X146c_Xe3,uid___A001_X146c_Xe8,https://casdc.china-vo.org/mirror/ALMAGAL/2019.1.00195.L/QA2/science_goal.uid___A001_X146c_X95/group.uid___A001_X146c_Xe3/member.uid___A001_X146c_Xe8/product/member.uid___A001_X146c_Xe8._839428__sci.spw16_18_20_22.cont.I.pbcor.fits
uid___A001_X146c_X95,uid___A001_X146c_Xe3,uid___A001_X146c_Xe8,https://casdc.china-vo.org/mirror/ALMAGAL/2019.1.00195.L/QA2/science_goal.uid___A001_X146c_X95/group.uid___A001_X146c_Xe3/member.uid___A001_X146c_Xe8/product/member.uid___A001_X146c_Xe8._839462__sci.spw16_18_20_22.cont.I.pbcor.fits
uid___A001_X146c_X95,uid___A001_X146c_Xe3,uid___A001_X146c_Xe8,https://casdc.china-vo.org/mirror/ALMAGAL/2019.1.00195.L/QA2/science_goal.uid___A001_X146c_X95/group.uid___A001_X146c_Xe3/member.uid___A001_X146c_Xe8/product/member.uid___A001_X146c_Xe8._839678__sci.spw16_18_20_22.cont.I.pbcor.fits
uid___A001_X146c_X95,uid___A001_X146c_Xe3,uid___A001_X146c_Xe8,https://casdc.china-vo.org/mirror/ALMAGAL/2019.1.00195.L/QA2/science_goal.uid___A001_X146c_X95/group.uid___A001_X146c_Xe3/member.uid___A001_X146c_Xe8/product/member.uid___A001_X146c_Xe8._839856__sci.spw16_18_20_22.cont.I.pbcor.fits
uid___A001_X146c_X95,uid___A001_X146c_Xe3,uid___A001_X146c_Xe8,https://casdc.china-vo.org/mirror/ALMAGAL/2019.1.00195.L/QA2/science_goal.uid___A001_X146c_X95/group.uid___A001_X146c_Xe3/member.uid___A001_X146c_Xe8/product/member.uid___A001_X146c_Xe8._840049__sci.spw16_18_20_22.cont.I.pbcor.fits
uid___A001_X146c_X95,uid___A001_X146c_Xe3,uid___A001_X146c_Xe8,https://casdc.china-vo.org/mirror/ALMAGAL/2019.1.00195.L/QA2/science_goal.uid___A001_X146c_X95/group.uid___A001_X146c_Xe3/member.uid___A001_X146c_Xe8/product/member.uid___A001_X146c_Xe8._840516__sci.spw16_18_20_22.cont.I.pbcor.fits
uid___A001_X146c_X95,uid___A001_X146c_Xe3,uid___A001_X146c_Xe8,https://casdc.china-vo.org/mirror/ALMAGAL/2019.1.00195.L/QA2/science_goal.uid___A001_X146c_X95/group.uid___A001_X146c_Xe3/member.uid___A001_X146c_Xe8/product/member.uid___A001_X146c_Xe8._841437__sci.spw16_18_20_22.cont.I.pbcor.fits
uid___A001_X146c_X95,uid___A001_X146c_Xe3,uid___A001_X146c_Xe8,https://casdc.china-vo.org/mirror/ALMAGAL/2019.1.00195.L/QA2/science_goal.uid___A001_X146c_X95/group.uid___A001_X146c_Xe3/member.uid___A001_X146c_Xe8/product/member.uid___A001_X146c_Xe8._843529__sci.spw16_18_20_22.cont.I.pbcor.fits
uid___A001_X146c_X95,uid___A001_X146c_Xe3,uid___A001_X146c_Xe8,https://casdc.china-vo.org/mirror/ALMAGAL/2019.1.00195.L/QA2/science_goal.uid___A001_X146c_X95/group.uid___A001_X146c_Xe3/member.uid___A001_X146c_Xe8/product/member.uid___A001_X146c_Xe8._844608__sci.spw16_18_20_22.cont.I.pbcor.fits
uid___A001_X146c_X95,uid___A001_X146c_Xe3,uid___A001_X146c_Xe8,https://casdc.china-vo.org/mirror/ALMAGAL/2019.1.00195.L/QA2/science_goal.uid___A001_X146c_X95/group.uid___A001_X146c_Xe3/member.uid___A001_X146c_Xe8/product/member.uid___A001_X146c_Xe8._845604__sci.spw16_18_20_22.cont.I.pbcor.fits
uid___A001_X146c_X95,uid___A001_X146c_Xe3,uid___A001_X146c_Xe8,https://casdc.china-vo.org/mirror/ALMAGAL/2019.1.00195.L/QA2/science_goal.uid___A001_X146c_X95/group.uid___A001_X146c_Xe3/member.uid___A001_X146c_Xe8/product/member.uid___A001_X146c_Xe8._845638__sci.spw16_18_20_22.cont.I.pbcor.fits
uid___A001_X146c_X95,uid___A001_X146c_Xe3,uid___A001_X146c_Xe8,https://casdc.china-vo.org/mirror/ALMAGAL/2019.1.00195.L/QA2/science_goal.uid___A001_X146c_X95/group.uid___A001_X146c_Xe3/member.uid___A001_X146c_Xe8/product/member.uid___A001_X146c_Xe8._845690__sci.spw16_18_20_22.cont.I.pbcor.fits
uid___A001_X146c_X95,uid___A001_X146c_Xe3,uid___A001_X146c_Xe8,https://casdc.china-vo.org/mirror/ALMAGAL/2019.1.00195.L/QA2/science_goal.uid___A001_X146c_X95/group.uid___A001_X146c_Xe3/member.uid___A001_X146c_Xe8/product/member.uid___A001_X146c_Xe8._845984__sci.spw16_18_20_22.cont.I.pbcor.fits
uid___A001_X146c_X95,uid___A001_X146c_Xe3,uid___A001_X146c_Xe8,https://casdc.china-vo.org/mirror/ALMAGAL/2019.1.00195.L/QA2/science_goal.uid___A001_X146c_X95/group.uid___A001_X146c_Xe3/member.uid___A001_X146c_Xe8/product/member.uid___A001_X146c_Xe8._846197__sci.spw16_18_20_22.cont.I.pbcor.fits
uid___A001_X146c_X95,uid___A001_X146c_Xe3,uid___A001_X146c_Xe8,https://casdc.china-vo.org/mirror/ALMAGAL/2019.1.00195.L/QA2/science_goal.uid___A001_X146c_X95/group.uid___A001_X146c_Xe3/member.uid___A001_X146c_Xe8/product/member.uid___A001_X146c_Xe8._846634__sci.spw16_18_20_22.cont.I.pbcor.fits
uid___A001_X146c_X95,uid___A001_X146c_Xe3,uid___A001_X146c_Xe8,https://casdc.china-vo.org/mirror/ALMAGAL/2019.1.00195.L/QA2/science_goal.uid___A001_X146c_X95/group.uid___A001_X146c_Xe3/member.uid___A001_X146c_Xe8/product/member.uid___A001_X146c_Xe8._846848__sci.spw16_18_20_22.cont.I.pbcor.fits
uid___A001_X146c_X95,uid___A001_X146c_Xe3,uid___A001_X146c_Xe8,https://casdc.china-vo.org/mirror/ALMAGAL/2019.1.00195.L/QA2/science_goal.uid___A001_X146c_X95/group.uid___A001_X146c_Xe3/member.uid___A001_X146c_Xe8/product/member.uid___A001_X146c_Xe8._846909__sci.spw16_18_20_22.cont.I.pbcor.fits
uid___A001_X146c_X95,uid___A001_X146c_Xe3,uid___A001_X146c_Xe8,https://casdc.china-vo.org/mirror/ALMAGAL/2019.1.00195.L/QA2/science_goal.uid___A001_X146c_X95/group.uid___A001_X146c_Xe3/member.uid___A001_X146c_Xe8/product/member.uid___A001_X146c_Xe8._846943__sci.spw16_18_20_22.cont.I.pbcor.fits
uid___A001_X146c_X95,uid___A001_X146c_Xe3,uid___A001_X146c_Xe8,https://casdc.china-vo.org/mirror/ALMAGAL/2019.1.00195.L/QA2/science_goal.uid___A001_X146c_X95/group.uid___A001_X146c_Xe3/member.uid___A001_X146c_Xe8/product/member.uid___A001_X146c_Xe8._847247__sci.spw16_18_20_22.cont.I.pbcor.fits
uid___A001_X146c_X95,uid___A001_X146c_Xe3,uid___A001_X146c_Xe8,https://casdc.china-vo.org/mirror/ALMAGAL/2019.1.00195.L/QA2/science_goal.uid___A001_X146c_X95/group.uid___A001_X146c_Xe3/member.uid___A001_X146c_Xe8/product/member.uid___A001_X146c_Xe8._847376__sci.spw16_18_20_22.cont.I.pbcor.fits
uid___A001_X146c_X95,uid___A001_X146c_Xe3,uid___A001_X146c_Xe8,https://casdc.china-vo.org/mirror/ALMAGAL/2019.1.00195.L/QA2/science_goal.uid___A001_X146c_X95/group.uid___A001_X146c_Xe3/member.uid___A001_X146c_Xe8/product/member.uid___A001_X146c_Xe8._848854__sci.spw16_18_20_22.cont.I.pbcor.fits
uid___A001_X146c_X95,uid___A001_X146c_Xe3,uid___A001_X146c_Xe8,https://casdc.china-vo.org/mirror/ALMAGAL/2019.1.00195.L/QA2/science_goal.uid___A001_X146c_X95/group.uid___A001_X146c_Xe3/member.uid___A001_X146c_Xe8/product/member.uid___A001_X146c_Xe8._849495__sci.spw16_18_20_22.cont.I.pbcor.fits
uid___A001_X146c_X95,uid___A001_X146c_Xe3,uid___A001_X146c_Xe8,https://casdc.china-vo.org/mirror/ALMAGAL/2019.1.00195.L/QA2/science_goal.uid___A001_X146c_X95/group.uid___A001_X146c_Xe3/member.uid___A001_X146c_Xe8/product/member.uid___A001_X146c_Xe8._849779__sci.spw16_18_20_22.cont.I.pbcor.fits
uid___A001_X146c_X95,uid___A001_X146c_Xe3,uid___A001_X146c_Xe8,https://casdc.china-vo.org/mirror/ALMAGAL/2019.1.00195.L/QA2/science_goal.uid___A001_X146c_X95/group.uid___A001_X146c_Xe3/member.uid___A001_X146c_Xe8/product/member.uid___A001_X146c_Xe8._849793__sci.spw16_18_20_22.cont.I.pbcor.fits
uid___A001_X146c_X95,uid___A001_X146c_Xe3,uid___A001_X146c_Xe8,https://casdc.china-vo.org/mirror/ALMAGAL/2019.1.00195.L/QA2/science_goal.uid___A001_X146c_X95/group.uid___A001_X146c_Xe3/member.uid___A001_X146c_Xe8/product/member.uid___A001_X146c_Xe8._849833__sci.spw16_18_20_22.cont.I.pbcor.fits
uid___A001_X146c_X95,uid___A001_X146c_Xe3,uid___A001_X146c_Xe8,https://casdc.china-vo.org/mirror/ALMAGAL/2019.1.00195.L/QA2/science_goal.uid___A001_X146c_X95/group.uid___A001_X146c_Xe3/member.uid___A001_X146c_Xe8/product/member.uid___A001_X146c_Xe8._849923__sci.spw16_18_20_22.cont.I.pbcor.fits
uid___A001_X146c_X95,uid___A001_X146c_Xe3,uid___A001_X146c_Xe8,https://casdc.china-vo.org/mirror/ALMAGAL/2019.1.00195.L/QA2/science_goal.uid___A001_X146c_X95/group.uid___A001_X146c_Xe3/member.uid___A001_X146c_Xe8/product/member.uid___A001_X146c_Xe8._850026__sci.spw16_18_20_22.cont.I.pbcor.fits
uid___A001_X146c_X95,uid___A001_X146c_Xe3,uid___A001_X146c_Xe8,https://casdc.china-vo.org/mirror/ALMAGAL/2019.1.00195.L/QA2/science_goal.uid___A001_X146c_X95/group.uid___A001_X146c_Xe3/member.uid___A001_X146c_Xe8/product/member.uid___A001_X146c_Xe8._850088__sci.spw16_18_20_22.cont.I.pbcor.fits
uid___A001_X146c_X95,uid___A001_X146c_Xe3,uid___A001_X146c_Xe8,https://casdc.china-vo.org/mirror/ALMAGAL/2019.1.00195.L/QA2/science_goal.uid___A001_X146c_X95/group.uid___A001_X146c_Xe3/member.uid___A001_X146c_Xe8/product/member.uid___A001_X146c_Xe8._850096__sci.spw16_18_20_22.cont.I.pbcor.fits
uid___A001_X146c_X95,uid___A001_X146c_Xe3,uid___A001_X146c_Xe8,https://casdc.china-vo.org/mirror/ALMAGAL/2019.1.00195.L/QA2/science_goal.uid___A001_X146c_X95/group.uid___A001_X146c_Xe3/member.uid___A001_X146c_Xe8/product/member.uid___A001_X146c_Xe8._850568__sci.spw16_18_20_22.cont.I.pbcor.fits
uid___A001_X146c_X95,uid___A001_X146c_Xe3,uid___A001_X146c_Xe8,https://casdc.china-vo.org/mirror/ALMAGAL/2019.1.00195.L/QA2/science_goal.uid___A001_X146c_X95/group.uid___A001_X146c_Xe3/member.uid___A001_X146c_Xe8/product/member.uid___A001_X146c_Xe8._850946__sci.spw16_18_20_22.cont.I.pbcor.fits
uid___A001_X146c_X95,uid___A001_X146c_Xe3,uid___A001_X146c_Xe8,https://casdc.china-vo.org/mirror/ALMAGAL/2019.1.00195.L/QA2/science_goal.uid___A001_X146c_X95/group.uid___A001_X146c_Xe3/member.uid___A001_X146c_Xe8/product/member.uid___A001_X146c_Xe8._850981__sci.spw16_18_20_22.cont.I.pbcor.fits
uid___A001_X146c_X95,uid___A001_X146c_Xe3,uid___A001_X146c_Xe8,https://casdc.china-vo.org/mirror/ALMAGAL/2019.1.00195.L/QA2/science_goal.uid___A001_X146c_X95/group.uid___A001_X146c_Xe3/member.uid___A001_X146c_Xe8/product/member.uid___A001_X146c_Xe8._851044__sci.spw16_18_20_22.cont.I.pbcor.fits
uid___A001_X146c_X95,uid___A001_X146c_Xe3,uid___A001_X146c_Xe8,https://casdc.china-vo.org/mirror/ALMAGAL/2019.1.00195.L/QA2/science_goal.uid___A001_X146c_X95/group.uid___A001_X146c_Xe3/member.uid___A001_X146c_Xe8/product/member.uid___A001_X146c_Xe8._G332.7013-00.5874A__sci.spw16_18_20_22.cont.I.pbcor.fits
uid___A001_X146c_X95,uid___A001_X146c_Xe3,uid___A001_X146c_Xe8,https://casdc.china-vo.org/mirror/ALMAGAL/2019.1.00195.L/QA2/science_goal.uid___A001_X146c_X95/group.uid___A001_X146c_Xe3/member.uid___A001_X146c_Xe8/product/member.uid___A001_X146c_Xe8._G333.0682-00.4461__sci.spw16_18_20_22.cont.I.pbcor.fits
uid___A001_X146c_X95,uid___A001_X146c_Xe3,uid___A001_X146c_Xe8,https://casdc.china-vo.org/mirror/ALMAGAL/2019.1.00195.L/QA2/science_goal.uid___A001_X146c_X95/group.uid___A001_X146c_Xe3/member.uid___A001_X146c_Xe8/product/member.uid___A001_X146c_Xe8._G333.1256-00.4367__sci.spw16_18_20_22.cont.I.pbcor.fits
uid___A001_X146c_X95,uid___A001_X146c_Xe3,uid___A001_X146c_Xe8,https://casdc.china-vo.org/mirror/ALMAGAL/2019.1.00195.L/QA2/science_goal.uid___A001_X146c_X95/group.uid___A001_X146c_Xe3/member.uid___A001_X146c_Xe8/product/member.uid___A001_X146c_Xe8._G333.3151p00.1053__sci.spw16_18_20_22.cont.I.pbcor.fits
uid___A001_X146c_X95,uid___A001_X146c_Xe3,uid___A001_X146c_Xe8,https://casdc.china-vo.org/mirror/ALMAGAL/2019.1.00195.L/QA2/science_goal.uid___A001_X146c_X95/group.uid___A001_X146c_Xe3/member.uid___A001_X146c_Xe8/product/member.uid___A001_X146c_Xe8._G333.9305-00.1319__sci.spw16_18_20_22.cont.I.pbcor.fits
uid___A001_X146c_X95,uid___A001_X146c_Xe3,uid___A001_X146c_Xe8,https://casdc.china-vo.org/mirror/ALMAGAL/2019.1.00195.L/QA2/science_goal.uid___A001_X146c_X95/group.uid___A001_X146c_Xe3/member.uid___A001_X146c_Xe8/product/member.uid___A001_X146c_Xe8._G334.7302p00.0052__sci.spw16_18_20_22.cont.I.pbcor.fits
uid___A001_X146c_X95,uid___A001_X146c_Xe3,uid___A001_X146c_Xe8,https://casdc.china-vo.org/mirror/ALMAGAL/2019.1.00195.L/QA2/science_goal.uid___A001_X146c_X95/group.uid___A001_X146c_Xe3/member.uid___A001_X146c_Xe8/product/member.uid___A001_X146c_Xe8._G335.0611-00.4261A__sci.spw16_18_20_22.cont.I.pbcor.fits
uid___A001_X146c_X95,uid___A001_X146c_Xe3,uid___A001_X146c_Xe8,https://casdc.china-vo.org/mirror/ALMAGAL/2019.1.00195.L/QA2/science_goal.uid___A001_X146c_X95/group.uid___A001_X146c_Xe3/member.uid___A001_X146c_Xe8/product/member.uid___A001_X146c_Xe8._G337.0963-00.9291__sci.spw16_18_20_22.cont.I.pbcor.fits
uid___A001_X146c_X95,uid___A001_X146c_Xe3,uid___A001_X146c_Xe8,https://casdc.china-vo.org/mirror/ALMAGAL/2019.1.00195.L/QA2/science_goal.uid___A001_X146c_X95/group.uid___A001_X146c_Xe3/member.uid___A001_X146c_Xe8/product/member.uid___A001_X146c_Xe8._G337.1555-00.3951__sci.spw16_18_20_22.cont.I.pbcor.fits
uid___A001_X146c_X95,uid___A001_X146c_Xe3,uid___A001_X146c_Xe8,https://casdc.china-vo.org/mirror/ALMAGAL/2019.1.00195.L/QA2/science_goal.uid___A001_X146c_X95/group.uid___A001_X146c_Xe3/member.uid___A001_X146c_Xe8/product/member.uid___A001_X146c_Xe8._G337.3071-00.1521A__sci.spw16_18_20_22.cont.I.pbcor.fits
uid___A001_X146c_X95,uid___A001_X146c_Xe3,uid___A001_X146c_Xe8,https://casdc.china-vo.org/mirror/ALMAGAL/2019.1.00195.L/QA2/science_goal.uid___A001_X146c_X95/group.uid___A001_X146c_Xe3/member.uid___A001_X146c_Xe8/product/member.uid___A001_X146c_Xe8._G337.4050-00.4071A__sci.spw16_18_20_22.cont.I.pbcor.fits
uid___A001_X146c_X95,uid___A001_X146c_Xe3,uid___A001_X146c_Xe8,https://casdc.china-vo.org/mirror/ALMAGAL/2019.1.00195.L/QA2/science_goal.uid___A001_X146c_X95/group.uid___A001_X146c_Xe3/member.uid___A001_X146c_Xe8/product/member.uid___A001_X146c_Xe8._G338.9196p00.5495__sci.spw16_18_20_22.cont.I.pbcor.fits
uid___A001_X146c_X95,uid___A001_X146c_Xe3,uid___A001_X146c_Xe8,https://casdc.china-vo.org/mirror/ALMAGAL/2019.1.00195.L/QA2/science_goal.uid___A001_X146c_X95/group.uid___A001_X146c_Xe3/member.uid___A001_X146c_Xe8/product/member.uid___A001_X146c_Xe8._G339.6221-00.1209__sci.spw16_18_20_22.cont.I.pbcor.fits
uid___A001_X146c_X95,uid___A001_X146c_Xe3,uid___A001_X146c_Xe8,https://casdc.china-vo.org/mirror/ALMAGAL/2019.1.00195.L/QA2/science_goal.uid___A001_X146c_X95/group.uid___A001_X146c_Xe3/member.uid___A001_X146c_Xe8/product/member.uid___A001_X146c_Xe8._G339.6816-01.2058__sci.spw16_18_20_22.cont.I.pbcor.fits
uid___A001_X146c_X95,uid___A001_X146c_Xe3,uid___A001_X146c_Xe8,https://casdc.china-vo.org/mirror/ALMAGAL/2019.1.00195.L/QA2/science_goal.uid___A001_X146c_X95/group.uid___A001_X146c_Xe3/member.uid___A001_X146c_Xe8/product/member.uid___A001_X146c_Xe8._G340.0543-00.2437D__sci.spw16_18_20_22.cont.I.pbcor.fits
uid___A001_X146c_X95,uid___A001_X146c_Xe3,uid___A001_X146c_Xe8,https://casdc.china-vo.org/mirror/ALMAGAL/2019.1.00195.L/QA2/science_goal.uid___A001_X146c_X95/group.uid___A001_X146c_Xe3/member.uid___A001_X146c_Xe8/product/member.uid___A001_X146c_Xe8._G340.7455-01.0021__sci.spw16_18_20_22.cont.I.pbcor.fits
uid___A001_X146c_X95,uid___A001_X146c_Xe3,uid___A001_X146c_Xe8,https://casdc.china-vo.org/mirror/ALMAGAL/2019.1.00195.L/QA2/science_goal.uid___A001_X146c_X95/group.uid___A001_X146c_Xe3/member.uid___A001_X146c_Xe8/product/member.uid___A001_X146c_Xe8._G341.2182-00.2136__sci.spw16_18_20_22.cont.I.pbcor.fits
uid___A001_X146c_X95,uid___A001_X146c_Xea,uid___A001_X146c_Xeb,https://casdc.china-vo.org/mirror/ALMAGAL/2019.1.00195.L/QA2/science_goal.uid___A001_X146c_X95/group.uid___A001_X146c_Xea/member.uid___A001_X146c_Xeb/product/member.uid___A001_X146c_Xeb._743353__sci.spw25_27_29_31.cont.I.pbcor.fits
uid___A001_X146c_X95,uid___A001_X146c_Xea,uid___A001_X146c_Xeb,https://casdc.china-vo.org/mirror/ALMAGAL/2019.1.00195.L/QA2/science_goal.uid___A001_X146c_X95/group.uid___A001_X146c_Xea/member.uid___A001_X146c_Xeb/product/member.uid___A001_X146c_Xeb._744714__sci.spw25_27_29_31.cont.I.pbcor.fits
uid___A001_X146c_X95,uid___A001_X146c_Xea,uid___A001_X146c_Xeb,https://casdc.china-vo.org/mirror/ALMAGAL/2019.1.00195.L/QA2/science_goal.uid___A001_X146c_X95/group.uid___A001_X146c_Xea/member.uid___A001_X146c_Xeb/product/member.uid___A001_X146c_Xeb._767784__sci.spw25_27_29_31.cont.I.pbcor.fits
uid___A001_X146c_X95,uid___A001_X146c_Xea,uid___A001_X146c_Xeb,https://casdc.china-vo.org/mirror/ALMAGAL/2019.1.00195.L/QA2/science_goal.uid___A001_X146c_X95/group.uid___A001_X146c_Xea/member.uid___A001_X146c_Xeb/product/member.uid___A001_X146c_Xeb._772336__sci.spw25_27_29_31.cont.I.pbcor.fits
uid___A001_X146c_X95,uid___A001_X146c_Xea,uid___A001_X146c_Xeb,https://casdc.china-vo.org/mirror/ALMAGAL/2019.1.00195.L/QA2/science_goal.uid___A001_X146c_X95/group.uid___A001_X146c_Xea/member.uid___A001_X146c_Xeb/product/member.uid___A001_X146c_Xeb._G318.0489p00.0854B__sci.spw25_27_29_31.cont.I.pbcor.fits
uid___A001_X146c_X95,uid___A001_X146c_Xea,uid___A001_X146c_Xed,https://casdc.china-vo.org/mirror/ALMAGAL/2019.1.00195.L/QA2/science_goal.uid___A001_X146c_X95/group.uid___A001_X146c_Xea/member.uid___A001_X146c_Xed/product/member.uid___A001_X146c_Xed._743353__sci.spw25_27_29_31.cont.I.pbcor.fits
uid___A001_X146c_X95,uid___A001_X146c_Xea,uid___A001_X146c_Xed,https://casdc.china-vo.org/mirror/ALMAGAL/2019.1.00195.L/QA2/science_goal.uid___A001_X146c_X95/group.uid___A001_X146c_Xea/member.uid___A001_X146c_Xed/product/member.uid___A001_X146c_Xed._744391__sci.spw25_27_29_31.cont.I.pbcor.fits
uid___A001_X146c_X95,uid___A001_X146c_Xea,uid___A001_X146c_Xed,https://casdc.china-vo.org/mirror/ALMAGAL/2019.1.00195.L/QA2/science_goal.uid___A001_X146c_X95/group.uid___A001_X146c_Xea/member.uid___A001_X146c_Xed/product/member.uid___A001_X146c_Xed._744588__sci.spw25_27_29_31.cont.I.pbcor.fits
uid___A001_X146c_X95,uid___A001_X146c_Xea,uid___A001_X146c_Xed,https://casdc.china-vo.org/mirror/ALMAGAL/2019.1.00195.L/QA2/science_goal.uid___A001_X146c_X95/group.uid___A001_X146c_Xea/member.uid___A001_X146c_Xed/product/member.uid___A001_X146c_Xed._744714__sci.spw25_27_29_31.cont.I.pbcor.fits
uid___A001_X146c_X95,uid___A001_X146c_Xea,uid___A001_X146c_Xed,https://casdc.china-vo.org/mirror/ALMAGAL/2019.1.00195.L/QA2/science_goal.uid___A001_X146c_X95/group.uid___A001_X146c_Xea/member.uid___A001_X146c_Xed/product/member.uid___A001_X146c_Xed._744757__sci.spw25_27_29_31.cont.I.pbcor.fits
uid___A001_X146c_X95,uid___A001_X146c_Xea,uid___A001_X146c_Xed,https://casdc.china-vo.org/mirror/ALMAGAL/2019.1.00195.L/QA2/science_goal.uid___A001_X146c_X95/group.uid___A001_X146c_Xea/member.uid___A001_X146c_Xed/product/member.uid___A001_X146c_Xed._746985__sci.spw25_27_29_31.cont.I.pbcor.fits
uid___A001_X146c_X95,uid___A001_X146c_Xea,uid___A001_X146c_Xed,https://casdc.china-vo.org/mirror/ALMAGAL/2019.1.00195.L/QA2/science_goal.uid___A001_X146c_X95/group.uid___A001_X146c_Xea/member.uid___A001_X146c_Xed/product/member.uid___A001_X146c_Xed._754731__sci.spw25_27_29_31.cont.I.pbcor.fits
uid___A001_X146c_X95,uid___A001_X146c_Xea,uid___A001_X146c_Xed,https://casdc.china-vo.org/mirror/ALMAGAL/2019.1.00195.L/QA2/science_goal.uid___A001_X146c_X95/group.uid___A001_X146c_Xea/member.uid___A001_X146c_Xed/product/member.uid___A001_X146c_Xed._754973__sci.spw25_27_29_31.cont.I.pbcor.fits
uid___A001_X146c_X95,uid___A001_X146c_Xea,uid___A001_X146c_Xed,https://casdc.china-vo.org/mirror/ALMAGAL/2019.1.00195.L/QA2/science_goal.uid___A001_X146c_X95/group.uid___A001_X146c_Xea/member.uid___A001_X146c_Xed/product/member.uid___A001_X146c_Xed._756464__sci.spw25_27_29_31.cont.I.pbcor.fits
uid___A001_X146c_X95,uid___A001_X146c_Xea,uid___A001_X146c_Xed,https://casdc.china-vo.org/mirror/ALMAGAL/2019.1.00195.L/QA2/science_goal.uid___A001_X146c_X95/group.uid___A001_X146c_Xea/member.uid___A001_X146c_Xed/product/member.uid___A001_X146c_Xed._756911__sci.spw25_27_29_31.cont.I.pbcor.fits
uid___A001_X146c_X95,uid___A001_X146c_Xea,uid___A001_X146c_Xed,https://casdc.china-vo.org/mirror/ALMAGAL/2019.1.00195.L/QA2/science_goal.uid___A001_X146c_X95/group.uid___A001_X146c_Xea/member.uid___A001_X146c_Xed/product/member.uid___A001_X146c_Xed._757085__sci.spw25_27_29_31.cont.I.pbcor.fits
uid___A001_X146c_X95,uid___A001_X146c_Xea,uid___A001_X146c_Xed,https://casdc.china-vo.org/mirror/ALMAGAL/2019.1.00195.L/QA2/science_goal.uid___A001_X146c_X95/group.uid___A001_X146c_Xea/member.uid___A001_X146c_Xed/product/member.uid___A001_X146c_Xed._759150__sci.spw25_27_29_31.cont.I.pbcor.fits
uid___A001_X146c_X95,uid___A001_X146c_Xea,uid___A001_X146c_Xed,https://casdc.china-vo.org/mirror/ALMAGAL/2019.1.00195.L/QA2/science_goal.uid___A001_X146c_X95/group.uid___A001_X146c_Xea/member.uid___A001_X146c_Xed/product/member.uid___A001_X146c_Xed._764038__sci.spw25_27_29_31.cont.I.pbcor.fits
uid___A001_X146c_X95,uid___A001_X146c_Xea,uid___A001_X146c_Xed,https://casdc.china-vo.org/mirror/ALMAGAL/2019.1.00195.L/QA2/science_goal.uid___A001_X146c_X95/group.uid___A001_X146c_Xea/member.uid___A001_X146c_Xed/product/member.uid___A001_X146c_Xed._765015__sci.spw25_27_29_31.cont.I.pbcor.fits
uid___A001_X146c_X95,uid___A001_X146c_Xea,uid___A001_X146c_Xed,https://casdc.china-vo.org/mirror/ALMAGAL/2019.1.00195.L/QA2/science_goal.uid___A001_X146c_X95/group.uid___A001_X146c_Xea/member.uid___A001_X146c_Xed/product/member.uid___A001_X146c_Xed._765992__sci.spw25_27_29_31.cont.I.pbcor.fits
uid___A001_X146c_X95,uid___A001_X146c_Xea,uid___A001_X146c_Xed,https://casdc.china-vo.org/mirror/ALMAGAL/2019.1.00195.L/QA2/science_goal.uid___A001_X146c_X95/group.uid___A001_X146c_Xea/member.uid___A001_X146c_Xed/product/member.uid___A001_X146c_Xed._767784__sci.spw25_27_29_31.cont.I.pbcor.fits
uid___A001_X146c_X95,uid___A001_X146c_Xea,uid___A001_X146c_Xed,https://casdc.china-vo.org/mirror/ALMAGAL/2019.1.00195.L/QA2/science_goal.uid___A001_X146c_X95/group.uid___A001_X146c_Xea/member.uid___A001_X146c_Xed/product/member.uid___A001_X146c_Xed._772336__sci.spw25_27_29_31.cont.I.pbcor.fits
uid___A001_X146c_X95,uid___A001_X146c_Xea,uid___A001_X146c_Xed,https://casdc.china-vo.org/mirror/ALMAGAL/2019.1.00195.L/QA2/science_goal.uid___A001_X146c_X95/group.uid___A001_X146c_Xea/member.uid___A001_X146c_Xed/product/member.uid___A001_X146c_Xed._772419__sci.spw25_27_29_31.cont.I.pbcor.fits
uid___A001_X146c_X95,uid___A001_X146c_Xea,uid___A001_X146c_Xed,https://casdc.china-vo.org/mirror/ALMAGAL/2019.1.00195.L/QA2/science_goal.uid___A001_X146c_X95/group.uid___A001_X146c_Xea/member.uid___A001_X146c_Xed/product/member.uid___A001_X146c_Xed._773132__sci.spw25_27_29_31.cont.I.pbcor.fits
uid___A001_X146c_X95,uid___A001_X146c_Xea,uid___A001_X146c_Xed,https://casdc.china-vo.org/mirror/ALMAGAL/2019.1.00195.L/QA2/science_goal.uid___A001_X146c_X95/group.uid___A001_X146c_Xea/member.uid___A001_X146c_Xed/product/member.uid___A001_X146c_Xed._G316.5871-00.8086__sci.spw25_27_29_31.cont.I.pbcor.fits
uid___A001_X146c_X95,uid___A001_X146c_Xea,uid___A001_X146c_Xed,https://casdc.china-vo.org/mirror/ALMAGAL/2019.1.00195.L/QA2/science_goal.uid___A001_X146c_X95/group.uid___A001_X146c_Xea/member.uid___A001_X146c_Xed/product/member.uid___A001_X146c_Xed._G316.6412-00.0867__sci.spw25_27_29_31.cont.I.pbcor.fits
uid___A001_X146c_X95,uid___A001_X146c_Xea,uid___A001_X146c_Xed,https://casdc.china-vo.org/mirror/ALMAGAL/2019.1.00195.L/QA2/science_goal.uid___A001_X146c_X95/group.uid___A001_X146c_Xea/member.uid___A001_X146c_Xed/product/member.uid___A001_X146c_Xed._G318.0489p00.0854B__sci.spw25_27_29_31.cont.I.pbcor.fits
uid___A001_X146c_X95,uid___A001_X146c_Xea,uid___A001_X146c_Xed,https://casdc.china-vo.org/mirror/ALMAGAL/2019.1.00195.L/QA2/science_goal.uid___A001_X146c_X95/group.uid___A001_X146c_Xea/member.uid___A001_X146c_Xed/product/member.uid___A001_X146c_Xed._G318.9480-00.1969A__sci.spw25_27_29_31.cont.I.pbcor.fits
uid___A001_X146c_X95,uid___A001_X146c_Xea,uid___A001_X146c_Xed,https://casdc.china-vo.org/mirror/ALMAGAL/2019.1.00195.L/QA2/science_goal.uid___A001_X146c_X95/group.uid___A001_X146c_Xea/member.uid___A001_X146c_Xed/product/member.uid___A001_X146c_Xed._G320.1542p00.7976__sci.spw25_27_29_31.cont.I.pbcor.fits
uid___A001_X146c_X95,uid___A001_X146c_Xea,uid___A001_X146c_Xed,https://casdc.china-vo.org/mirror/ALMAGAL/2019.1.00195.L/QA2/science_goal.uid___A001_X146c_X95/group.uid___A001_X146c_Xea/member.uid___A001_X146c_Xed/product/member.uid___A001_X146c_Xed._G322.1729p00.6442__sci.spw25_27_29_31.cont.I.pbcor.fits
uid___A001_X146c_X95,uid___A001_X146c_Xea,uid___A001_X146c_Xed,https://casdc.china-vo.org/mirror/ALMAGAL/2019.1.00195.L/QA2/science_goal.uid___A001_X146c_X95/group.uid___A001_X146c_Xea/member.uid___A001_X146c_Xed/product/member.uid___A001_X146c_Xed._G323.7399-00.2617B__sci.spw25_27_29_31.cont.I.pbcor.fits
uid___A001_X146c_X95,uid___A001_X146c_Xea,uid___A001_X146c_Xed,https://casdc.china-vo.org/mirror/ALMAGAL/2019.1.00195.L/QA2/science_goal.uid___A001_X146c_X95/group.uid___A001_X146c_Xea/member.uid___A001_X146c_Xed/product/member.uid___A001_X146c_Xed._G323.7410-00.2552C__sci.spw25_27_29_31.cont.I.pbcor.fits
uid___A001_X146c_X95,uid___A001_X146c_Xea,uid___A001_X146c_Xef,https://casdc.china-vo.org/mirror/ALMAGAL/2019.1.00195.L/QA2/science_goal.uid___A001_X146c_X95/group.uid___A001_X146c_Xea/member.uid___A001_X146c_Xef/product/member.uid___A001_X146c_Xef._743353__sci.spw16_18_20_22.cont.I.pbcor.fits
uid___A001_X146c_X95,uid___A001_X146c_Xea,uid___A001_X146c_Xef,https://casdc.china-vo.org/mirror/ALMAGAL/2019.1.00195.L/QA2/science_goal.uid___A001_X146c_X95/group.uid___A001_X146c_Xea/member.uid___A001_X146c_Xef/product/member.uid___A001_X146c_Xef._744391__sci.spw16_18_20_22.cont.I.pbcor.fits
uid___A001_X146c_X95,uid___A001_X146c_Xea,uid___A001_X146c_Xef,https://casdc.china-vo.org/mirror/ALMAGAL/2019.1.00195.L/QA2/science_goal.uid___A001_X146c_X95/group.uid___A001_X146c_Xea/member.uid___A001_X146c_Xef/product/member.uid___A001_X146c_Xef._744588__sci.spw16_18_20_22.cont.I.pbcor.fits
uid___A001_X146c_X95,uid___A001_X146c_Xea,uid___A001_X146c_Xef,https://casdc.china-vo.org/mirror/ALMAGAL/2019.1.00195.L/QA2/science_goal.uid___A001_X146c_X95/group.uid___A001_X146c_Xea/member.uid___A001_X146c_Xef/product/member.uid___A001_X146c_Xef._744714__sci.spw16_18_20_22.cont.I.pbcor.fits
uid___A001_X146c_X95,uid___A001_X146c_Xea,uid___A001_X146c_Xef,https://casdc.china-vo.org/mirror/ALMAGAL/2019.1.00195.L/QA2/science_goal.uid___A001_X146c_X95/group.uid___A001_X146c_Xea/member.uid___A001_X146c_Xef/product/member.uid___A001_X146c_Xef._744757__sci.spw16_18_20_22.cont.I.pbcor.fits
uid___A001_X146c_X95,uid___A001_X146c_Xea,uid___A001_X146c_Xef,https://casdc.china-vo.org/mirror/ALMAGAL/2019.1.00195.L/QA2/science_goal.uid___A001_X146c_X95/group.uid___A001_X146c_Xea/member.uid___A001_X146c_Xef/product/member.uid___A001_X146c_Xef._746985__sci.spw16_18_20_22.cont.I.pbcor.fits
uid___A001_X146c_X95,uid___A001_X146c_Xea,uid___A001_X146c_Xef,https://casdc.china-vo.org/mirror/ALMAGAL/2019.1.00195.L/QA2/science_goal.uid___A001_X146c_X95/group.uid___A001_X146c_Xea/member.uid___A001_X146c_Xef/product/member.uid___A001_X146c_Xef._754731__sci.spw16_18_20_22.cont.I.pbcor.fits
uid___A001_X146c_X95,uid___A001_X146c_Xea,uid___A001_X146c_Xef,https://casdc.china-vo.org/mirror/ALMAGAL/2019.1.00195.L/QA2/science_goal.uid___A001_X146c_X95/group.uid___A001_X146c_Xea/member.uid___A001_X146c_Xef/product/member.uid___A001_X146c_Xef._754973__sci.spw16_18_20_22.cont.I.pbcor.fits
uid___A001_X146c_X95,uid___A001_X146c_Xea,uid___A001_X146c_Xef,https://casdc.china-vo.org/mirror/ALMAGAL/2019.1.00195.L/QA2/science_goal.uid___A001_X146c_X95/group.uid___A001_X146c_Xea/member.uid___A001_X146c_Xef/product/member.uid___A001_X146c_Xef._756464__sci.spw16_18_20_22.cont.I.pbcor.fits
uid___A001_X146c_X95,uid___A001_X146c_Xea,uid___A001_X146c_Xef,https://casdc.china-vo.org/mirror/ALMAGAL/2019.1.00195.L/QA2/science_goal.uid___A001_X146c_X95/group.uid___A001_X146c_Xea/member.uid___A001_X146c_Xef/product/member.uid___A001_X146c_Xef._756911__sci.spw16_18_20_22.cont.I.pbcor.fits
uid___A001_X146c_X95,uid___A001_X146c_Xea,uid___A001_X146c_Xef,https://casdc.china-vo.org/mirror/ALMAGAL/2019.1.00195.L/QA2/science_goal.uid___A001_X146c_X95/group.uid___A001_X146c_Xea/member.uid___A001_X146c_Xef/product/member.uid___A001_X146c_Xef._757085__sci.spw16_18_20_22.cont.I.pbcor.fits
uid___A001_X146c_X95,uid___A001_X146c_Xea,uid___A001_X146c_Xef,https://casdc.china-vo.org/mirror/ALMAGAL/2019.1.00195.L/QA2/science_goal.uid___A001_X146c_X95/group.uid___A001_X146c_Xea/member.uid___A001_X146c_Xef/product/member.uid___A001_X146c_Xef._759150__sci.spw16_18_20_22.cont.I.pbcor.fits
uid___A001_X146c_X95,uid___A001_X146c_Xea,uid___A001_X146c_Xef,https://casdc.china-vo.org/mirror/ALMAGAL/2019.1.00195.L/QA2/science_goal.uid___A001_X146c_X95/group.uid___A001_X146c_Xea/member.uid___A001_X146c_Xef/product/member.uid___A001_X146c_Xef._764038__sci.spw16_18_20_22.cont.I.pbcor.fits
uid___A001_X146c_X95,uid___A001_X146c_Xea,uid___A001_X146c_Xef,https://casdc.china-vo.org/mirror/ALMAGAL/2019.1.00195.L/QA2/science_goal.uid___A001_X146c_X95/group.uid___A001_X146c_Xea/member.uid___A001_X146c_Xef/product/member.uid___A001_X146c_Xef._765015__sci.spw16_18_20_22.cont.I.pbcor.fits
uid___A001_X146c_X95,uid___A001_X146c_Xea,uid___A001_X146c_Xef,https://casdc.china-vo.org/mirror/ALMAGAL/2019.1.00195.L/QA2/science_goal.uid___A001_X146c_X95/group.uid___A001_X146c_Xea/member.uid___A001_X146c_Xef/product/member.uid___A001_X146c_Xef._765992__sci.spw16_18_20_22.cont.I.pbcor.fits
uid___A001_X146c_X95,uid___A001_X146c_Xea,uid___A001_X146c_Xef,https://casdc.china-vo.org/mirror/ALMAGAL/2019.1.00195.L/QA2/science_goal.uid___A001_X146c_X95/group.uid___A001_X146c_Xea/member.uid___A001_X146c_Xef/product/member.uid___A001_X146c_Xef._767784__sci.spw16_18_20_22.cont.I.pbcor.fits
uid___A001_X146c_X95,uid___A001_X146c_Xea,uid___A001_X146c_Xef,https://casdc.china-vo.org/mirror/ALMAGAL/2019.1.00195.L/QA2/science_goal.uid___A001_X146c_X95/group.uid___A001_X146c_Xea/member.uid___A001_X146c_Xef/product/member.uid___A001_X146c_Xef._772336__sci.spw16_18_20_22.cont.I.pbcor.fits
uid___A001_X146c_X95,uid___A001_X146c_Xea,uid___A001_X146c_Xef,https://casdc.china-vo.org/mirror/ALMAGAL/2019.1.00195.L/QA2/science_goal.uid___A001_X146c_X95/group.uid___A001_X146c_Xea/member.uid___A001_X146c_Xef/product/member.uid___A001_X146c_Xef._772419__sci.spw16_18_20_22.cont.I.pbcor.fits
uid___A001_X146c_X95,uid___A001_X146c_Xea,uid___A001_X146c_Xef,https://casdc.china-vo.org/mirror/ALMAGAL/2019.1.00195.L/QA2/science_goal.uid___A001_X146c_X95/group.uid___A001_X146c_Xea/member.uid___A001_X146c_Xef/product/member.uid___A001_X146c_Xef._773132__sci.spw16_18_20_22.cont.I.pbcor.fits
uid___A001_X146c_X95,uid___A001_X146c_Xea,uid___A001_X146c_Xef,https://casdc.china-vo.org/mirror/ALMAGAL/2019.1.00195.L/QA2/science_goal.uid___A001_X146c_X95/group.uid___A001_X146c_Xea/member.uid___A001_X146c_Xef/product/member.uid___A001_X146c_Xef._G316.5871-00.8086__sci.spw16_18_20_22.cont.I.pbcor.fits
uid___A001_X146c_X95,uid___A001_X146c_Xea,uid___A001_X146c_Xef,https://casdc.china-vo.org/mirror/ALMAGAL/2019.1.00195.L/QA2/science_goal.uid___A001_X146c_X95/group.uid___A001_X146c_Xea/member.uid___A001_X146c_Xef/product/member.uid___A001_X146c_Xef._G316.6412-00.0867__sci.spw16_18_20_22.cont.I.pbcor.fits
uid___A001_X146c_X95,uid___A001_X146c_Xea,uid___A001_X146c_Xef,https://casdc.china-vo.org/mirror/ALMAGAL/2019.1.00195.L/QA2/science_goal.uid___A001_X146c_X95/group.uid___A001_X146c_Xea/member.uid___A001_X146c_Xef/product/member.uid___A001_X146c_Xef._G318.0489p00.0854B__sci.spw16_18_20_22.cont.I.pbcor.fits
uid___A001_X146c_X95,uid___A001_X146c_Xea,uid___A001_X146c_Xef,https://casdc.china-vo.org/mirror/ALMAGAL/2019.1.00195.L/QA2/science_goal.uid___A001_X146c_X95/group.uid___A001_X146c_Xea/member.uid___A001_X146c_Xef/product/member.uid___A001_X146c_Xef._G318.9480-00.1969A__sci.spw16_18_20_22.cont.I.pbcor.fits
uid___A001_X146c_X95,uid___A001_X146c_Xea,uid___A001_X146c_Xef,https://casdc.china-vo.org/mirror/ALMAGAL/2019.1.00195.L/QA2/science_goal.uid___A001_X146c_X95/group.uid___A001_X146c_Xea/member.uid___A001_X146c_Xef/product/member.uid___A001_X146c_Xef._G320.1542p00.7976__sci.spw16_18_20_22.cont.I.pbcor.fits
uid___A001_X146c_X95,uid___A001_X146c_Xea,uid___A001_X146c_Xef,https://casdc.china-vo.org/mirror/ALMAGAL/2019.1.00195.L/QA2/science_goal.uid___A001_X146c_X95/group.uid___A001_X146c_Xea/member.uid___A001_X146c_Xef/product/member.uid___A001_X146c_Xef._G322.1729p00.6442__sci.spw16_18_20_22.cont.I.pbcor.fits
uid___A001_X146c_X95,uid___A001_X146c_Xea,uid___A001_X146c_Xef,https://casdc.china-vo.org/mirror/ALMAGAL/2019.1.00195.L/QA2/science_goal.uid___A001_X146c_X95/group.uid___A001_X146c_Xea/member.uid___A001_X146c_Xef/product/member.uid___A001_X146c_Xef._G323.7399-00.2617B__sci.spw16_18_20_22.cont.I.pbcor.fits
uid___A001_X146c_X95,uid___A001_X146c_Xea,uid___A001_X146c_Xef,https://casdc.china-vo.org/mirror/ALMAGAL/2019.1.00195.L/QA2/science_goal.uid___A001_X146c_X95/group.uid___A001_X146c_Xea/member.uid___A001_X146c_Xef/product/member.uid___A001_X146c_Xef._G323.7410-00.2552C__sci.spw16_18_20_22.cont.I.pbcor.fits
uid___A001_X146c_X95,uid___A001_X146c_Xf1,uid___A001_X146c_Xf2,https://casdc.china-vo.org/mirror/ALMAGAL/2019.1.00195.L/QA2/science_goal.uid___A001_X146c_X95/group.uid___A001_X146c_Xf1/member.uid___A001_X146c_Xf2/product/member.uid___A001_X146c_Xf2._683688__sci.spw25_27_29_31.cont.I.pbcor.fits
uid___A001_X146c_X95,uid___A001_X146c_Xf1,uid___A001_X146c_Xf2,https://casdc.china-vo.org/mirror/ALMAGAL/2019.1.00195.L/QA2/science_goal.uid___A001_X146c_X95/group.uid___A001_X146c_Xf1/member.uid___A001_X146c_Xf2/product/member.uid___A001_X146c_Xf2._690556__sci.spw25_27_29_31.cont.I.pbcor.fits
uid___A001_X146c_X95,uid___A001_X146c_Xf1,uid___A001_X146c_Xf2,https://casdc.china-vo.org/mirror/ALMAGAL/2019.1.00195.L/QA2/science_goal.uid___A001_X146c_X95/group.uid___A001_X146c_Xf1/member.uid___A001_X146c_Xf2/product/member.uid___A001_X146c_Xf2._691590__sci.spw25_27_29_31.cont.I.pbcor.fits
uid___A001_X146c_X95,uid___A001_X146c_Xf1,uid___A001_X146c_Xf2,https://casdc.china-vo.org/mirror/ALMAGAL/2019.1.00195.L/QA2/science_goal.uid___A001_X146c_X95/group.uid___A001_X146c_Xf1/member.uid___A001_X146c_Xf2/product/member.uid___A001_X146c_Xf2._694207__sci.spw25_27_29_31.cont.I.pbcor.fits
uid___A001_X146c_X95,uid___A001_X146c_Xf1,uid___A001_X146c_Xf2,https://casdc.china-vo.org/mirror/ALMAGAL/2019.1.00195.L/QA2/science_goal.uid___A001_X146c_X95/group.uid___A001_X146c_Xf1/member.uid___A001_X146c_Xf2/product/member.uid___A001_X146c_Xf2._694272__sci.spw25_27_29_31.cont.I.pbcor.fits
uid___A001_X146c_X95,uid___A001_X146c_Xf1,uid___A001_X146c_Xf2,https://casdc.china-vo.org/mirror/ALMAGAL/2019.1.00195.L/QA2/science_goal.uid___A001_X146c_X95/group.uid___A001_X146c_Xf1/member.uid___A001_X146c_Xf2/product/member.uid___A001_X146c_Xf2._696213__sci.spw25_27_29_31.cont.I.pbcor.fits
uid___A001_X146c_X95,uid___A001_X146c_Xf1,uid___A001_X146c_Xf4,https://casdc.china-vo.org/mirror/ALMAGAL/2019.1.00195.L/QA2/science_goal.uid___A001_X146c_X95/group.uid___A001_X146c_Xf1/member.uid___A001_X146c_Xf4/product/member.uid___A001_X146c_Xf4._683688__sci.spw25_27_29_31.cont.I.pbcor.fits
uid___A001_X146c_X95,uid___A001_X146c_Xf1,uid___A001_X146c_Xf4,https://casdc.china-vo.org/mirror/ALMAGAL/2019.1.00195.L/QA2/science_goal.uid___A001_X146c_X95/group.uid___A001_X146c_Xf1/member.uid___A001_X146c_Xf4/product/member.uid___A001_X146c_Xf4._685630__sci.spw25_27_29_31.cont.I.pbcor.fits
uid___A001_X146c_X95,uid___A001_X146c_Xf1,uid___A001_X146c_Xf4,https://casdc.china-vo.org/mirror/ALMAGAL/2019.1.00195.L/QA2/science_goal.uid___A001_X146c_X95/group.uid___A001_X146c_Xf1/member.uid___A001_X146c_Xf4/product/member.uid___A001_X146c_Xf4._687329__sci.spw25_27_29_31.cont.I.pbcor.fits
uid___A001_X146c_X95,uid___A001_X146c_Xf1,uid___A001_X146c_Xf4,https://casdc.china-vo.org/mirror/ALMAGAL/2019.1.00195.L/QA2/science_goal.uid___A001_X146c_X95/group.uid___A001_X146c_Xf1/member.uid___A001_X146c_Xf4/product/member.uid___A001_X146c_Xf4._690556__sci.spw25_27_29_31.cont.I.pbcor.fits
uid___A001_X146c_X95,uid___A001_X146c_Xf1,uid___A001_X146c_Xf4,https://casdc.china-vo.org/mirror/ALMAGAL/2019.1.00195.L/QA2/science_goal.uid___A001_X146c_X95/group.uid___A001_X146c_Xf1/member.uid___A001_X146c_Xf4/product/member.uid___A001_X146c_Xf4._691350__sci.spw25_27_29_31.cont.I.pbcor.fits
uid___A001_X146c_X95,uid___A001_X146c_Xf1,uid___A001_X146c_Xf4,https://casdc.china-vo.org/mirror/ALMAGAL/2019.1.00195.L/QA2/science_goal.uid___A001_X146c_X95/group.uid___A001_X146c_Xf1/member.uid___A001_X146c_Xf4/product/member.uid___A001_X146c_Xf4._691590__sci.spw25_27_29_31.cont.I.pbcor.fits
uid___A001_X146c_X95,uid___A001_X146c_Xf1,uid___A001_X146c_Xf4,https://casdc.china-vo.org/mirror/ALMAGAL/2019.1.00195.L/QA2/science_goal.uid___A001_X146c_X95/group.uid___A001_X146c_Xf1/member.uid___A001_X146c_Xf4/product/member.uid___A001_X146c_Xf4._692212__sci.spw25_27_29_31.cont.I.pbcor.fits
uid___A001_X146c_X95,uid___A001_X146c_Xf1,uid___A001_X146c_Xf4,https://casdc.china-vo.org/mirror/ALMAGAL/2019.1.00195.L/QA2/science_goal.uid___A001_X146c_X95/group.uid___A001_X146c_Xf1/member.uid___A001_X146c_Xf4/product/member.uid___A001_X146c_Xf4._693050__sci.spw25_27_29_31.cont.I.pbcor.fits
uid___A001_X146c_X95,uid___A001_X146c_Xf1,uid___A001_X146c_Xf4,https://casdc.china-vo.org/mirror/ALMAGAL/2019.1.00195.L/QA2/science_goal.uid___A001_X146c_X95/group.uid___A001_X146c_Xf1/member.uid___A001_X146c_Xf4/product/member.uid___A001_X146c_Xf4._693364__sci.spw25_27_29_31.cont.I.pbcor.fits
uid___A001_X146c_X95,uid___A001_X146c_Xf1,uid___A001_X146c_Xf4,https://casdc.china-vo.org/mirror/ALMAGAL/2019.1.00195.L/QA2/science_goal.uid___A001_X146c_X95/group.uid___A001_X146c_Xf1/member.uid___A001_X146c_Xf4/product/member.uid___A001_X146c_Xf4._694144__sci.spw25_27_29_31.cont.I.pbcor.fits
uid___A001_X146c_X95,uid___A001_X146c_Xf1,uid___A001_X146c_Xf4,https://casdc.china-vo.org/mirror/ALMAGAL/2019.1.00195.L/QA2/science_goal.uid___A001_X146c_X95/group.uid___A001_X146c_Xf1/member.uid___A001_X146c_Xf4/product/member.uid___A001_X146c_Xf4._694207__sci.spw25_27_29_31.cont.I.pbcor.fits
uid___A001_X146c_X95,uid___A001_X146c_Xf1,uid___A001_X146c_Xf4,https://casdc.china-vo.org/mirror/ALMAGAL/2019.1.00195.L/QA2/science_goal.uid___A001_X146c_X95/group.uid___A001_X146c_Xf1/member.uid___A001_X146c_Xf4/product/member.uid___A001_X146c_Xf4._694272__sci.spw25_27_29_31.cont.I.pbcor.fits
uid___A001_X146c_X95,uid___A001_X146c_Xf1,uid___A001_X146c_Xf4,https://casdc.china-vo.org/mirror/ALMAGAL/2019.1.00195.L/QA2/science_goal.uid___A001_X146c_X95/group.uid___A001_X146c_Xf1/member.uid___A001_X146c_Xf4/product/member.uid___A001_X146c_Xf4._694475__sci.spw25_27_29_31.cont.I.pbcor.fits
uid___A001_X146c_X95,uid___A001_X146c_Xf1,uid___A001_X146c_Xf4,https://casdc.china-vo.org/mirror/ALMAGAL/2019.1.00195.L/QA2/science_goal.uid___A001_X146c_X95/group.uid___A001_X146c_Xf1/member.uid___A001_X146c_Xf4/product/member.uid___A001_X146c_Xf4._694812__sci.spw25_27_29_31.cont.I.pbcor.fits
uid___A001_X146c_X95,uid___A001_X146c_Xf1,uid___A001_X146c_Xf4,https://casdc.china-vo.org/mirror/ALMAGAL/2019.1.00195.L/QA2/science_goal.uid___A001_X146c_X95/group.uid___A001_X146c_Xf1/member.uid___A001_X146c_Xf4/product/member.uid___A001_X146c_Xf4._694823__sci.spw25_27_29_31.cont.I.pbcor.fits
uid___A001_X146c_X95,uid___A001_X146c_Xf1,uid___A001_X146c_Xf4,https://casdc.china-vo.org/mirror/ALMAGAL/2019.1.00195.L/QA2/science_goal.uid___A001_X146c_X95/group.uid___A001_X146c_Xf1/member.uid___A001_X146c_Xf4/product/member.uid___A001_X146c_Xf4._695243__sci.spw25_27_29_31.cont.I.pbcor.fits
uid___A001_X146c_X95,uid___A001_X146c_Xf1,uid___A001_X146c_Xf4,https://casdc.china-vo.org/mirror/ALMAGAL/2019.1.00195.L/QA2/science_goal.uid___A001_X146c_X95/group.uid___A001_X146c_Xf1/member.uid___A001_X146c_Xf4/product/member.uid___A001_X146c_Xf4._696213__sci.spw25_27_29_31.cont.I.pbcor.fits
uid___A001_X146c_X95,uid___A001_X146c_Xf1,uid___A001_X146c_Xf4,https://casdc.china-vo.org/mirror/ALMAGAL/2019.1.00195.L/QA2/science_goal.uid___A001_X146c_X95/group.uid___A001_X146c_Xf1/member.uid___A001_X146c_Xf4/product/member.uid___A001_X146c_Xf4._696378__sci.spw25_27_29_31.cont.I.pbcor.fits
uid___A001_X146c_X95,uid___A001_X146c_Xf1,uid___A001_X146c_Xf4,https://casdc.china-vo.org/mirror/ALMAGAL/2019.1.00195.L/QA2/science_goal.uid___A001_X146c_X95/group.uid___A001_X146c_Xf1/member.uid___A001_X146c_Xf4/product/member.uid___A001_X146c_Xf4._G300.3412-00.2190__sci.spw25_27_29_31.cont.I.pbcor.fits
uid___A001_X146c_X95,uid___A001_X146c_Xf1,uid___A001_X146c_Xf4,https://casdc.china-vo.org/mirror/ALMAGAL/2019.1.00195.L/QA2/science_goal.uid___A001_X146c_X95/group.uid___A001_X146c_Xf1/member.uid___A001_X146c_Xf4/product/member.uid___A001_X146c_Xf4._G301.8147p00.7808A__sci.spw25_27_29_31.cont.I.pbcor.fits
uid___A001_X146c_X95,uid___A001_X146c_Xf1,uid___A001_X146c_Xf6,https://casdc.china-vo.org/mirror/ALMAGAL/2019.1.00195.L/QA2/science_goal.uid___A001_X146c_X95/group.uid___A001_X146c_Xf1/member.uid___A001_X146c_Xf6/product/member.uid___A001_X146c_Xf6._683688__sci.spw16_18_20_22.cont.I.pbcor.fits
uid___A001_X146c_X95,uid___A001_X146c_Xf1,uid___A001_X146c_Xf6,https://casdc.china-vo.org/mirror/ALMAGAL/2019.1.00195.L/QA2/science_goal.uid___A001_X146c_X95/group.uid___A001_X146c_Xf1/member.uid___A001_X146c_Xf6/product/member.uid___A001_X146c_Xf6._685630__sci.spw16_18_20_22.cont.I.pbcor.fits
uid___A001_X146c_X95,uid___A001_X146c_Xf1,uid___A001_X146c_Xf6,https://casdc.china-vo.org/mirror/ALMAGAL/2019.1.00195.L/QA2/science_goal.uid___A001_X146c_X95/group.uid___A001_X146c_Xf1/member.uid___A001_X146c_Xf6/product/member.uid___A001_X146c_Xf6._687329__sci.spw16_18_20_22.cont.I.pbcor.fits
uid___A001_X146c_X95,uid___A001_X146c_Xf1,uid___A001_X146c_Xf6,https://casdc.china-vo.org/mirror/ALMAGAL/2019.1.00195.L/QA2/science_goal.uid___A001_X146c_X95/group.uid___A001_X146c_Xf1/member.uid___A001_X146c_Xf6/product/member.uid___A001_X146c_Xf6._690556__sci.spw16_18_20_22.cont.I.pbcor.fits
uid___A001_X146c_X95,uid___A001_X146c_Xf1,uid___A001_X146c_Xf6,https://casdc.china-vo.org/mirror/ALMAGAL/2019.1.00195.L/QA2/science_goal.uid___A001_X146c_X95/group.uid___A001_X146c_Xf1/member.uid___A001_X146c_Xf6/product/member.uid___A001_X146c_Xf6._691350__sci.spw16_18_20_22.cont.I.pbcor.fits
uid___A001_X146c_X95,uid___A001_X146c_Xf1,uid___A001_X146c_Xf6,https://casdc.china-vo.org/mirror/ALMAGAL/2019.1.00195.L/QA2/science_goal.uid___A001_X146c_X95/group.uid___A001_X146c_Xf1/member.uid___A001_X146c_Xf6/product/member.uid___A001_X146c_Xf6._691590__sci.spw16_18_20_22.cont.I.pbcor.fits
uid___A001_X146c_X95,uid___A001_X146c_Xf1,uid___A001_X146c_Xf6,https://casdc.china-vo.org/mirror/ALMAGAL/2019.1.00195.L/QA2/science_goal.uid___A001_X146c_X95/group.uid___A001_X146c_Xf1/member.uid___A001_X146c_Xf6/product/member.uid___A001_X146c_Xf6._692212__sci.spw16_18_20_22.cont.I.pbcor.fits
uid___A001_X146c_X95,uid___A001_X146c_Xf1,uid___A001_X146c_Xf6,https://casdc.china-vo.org/mirror/ALMAGAL/2019.1.00195.L/QA2/science_goal.uid___A001_X146c_X95/group.uid___A001_X146c_Xf1/member.uid___A001_X146c_Xf6/product/member.uid___A001_X146c_Xf6._693050__sci.spw16_18_20_22.cont.I.pbcor.fits
uid___A001_X146c_X95,uid___A001_X146c_Xf1,uid___A001_X146c_Xf6,https://casdc.china-vo.org/mirror/ALMAGAL/2019.1.00195.L/QA2/science_goal.uid___A001_X146c_X95/group.uid___A001_X146c_Xf1/member.uid___A001_X146c_Xf6/product/member.uid___A001_X146c_Xf6._693364__sci.spw16_18_20_22.cont.I.pbcor.fits
uid___A001_X146c_X95,uid___A001_X146c_Xf1,uid___A001_X146c_Xf6,https://casdc.china-vo.org/mirror/ALMAGAL/2019.1.00195.L/QA2/science_goal.uid___A001_X146c_X95/group.uid___A001_X146c_Xf1/member.uid___A001_X146c_Xf6/product/member.uid___A001_X146c_Xf6._694144__sci.spw16_18_20_22.cont.I.pbcor.fits
uid___A001_X146c_X95,uid___A001_X146c_Xf1,uid___A001_X146c_Xf6,https://casdc.china-vo.org/mirror/ALMAGAL/2019.1.00195.L/QA2/science_goal.uid___A001_X146c_X95/group.uid___A001_X146c_Xf1/member.uid___A001_X146c_Xf6/product/member.uid___A001_X146c_Xf6._694207__sci.spw16_18_20_22.cont.I.pbcor.fits
uid___A001_X146c_X95,uid___A001_X146c_Xf1,uid___A001_X146c_Xf6,https://casdc.china-vo.org/mirror/ALMAGAL/2019.1.00195.L/QA2/science_goal.uid___A001_X146c_X95/group.uid___A001_X146c_Xf1/member.uid___A001_X146c_Xf6/product/member.uid___A001_X146c_Xf6._694272__sci.spw16_18_20_22.cont.I.pbcor.fits
uid___A001_X146c_X95,uid___A001_X146c_Xf1,uid___A001_X146c_Xf6,https://casdc.china-vo.org/mirror/ALMAGAL/2019.1.00195.L/QA2/science_goal.uid___A001_X146c_X95/group.uid___A001_X146c_Xf1/member.uid___A001_X146c_Xf6/product/member.uid___A001_X146c_Xf6._694475__sci.spw16_18_20_22.cont.I.pbcor.fits
uid___A001_X146c_X95,uid___A001_X146c_Xf1,uid___A001_X146c_Xf6,https://casdc.china-vo.org/mirror/ALMAGAL/2019.1.00195.L/QA2/science_goal.uid___A001_X146c_X95/group.uid___A001_X146c_Xf1/member.uid___A001_X146c_Xf6/product/member.uid___A001_X146c_Xf6._694812__sci.spw16_18_20_22.cont.I.pbcor.fits
uid___A001_X146c_X95,uid___A001_X146c_Xf1,uid___A001_X146c_Xf6,https://casdc.china-vo.org/mirror/ALMAGAL/2019.1.00195.L/QA2/science_goal.uid___A001_X146c_X95/group.uid___A001_X146c_Xf1/member.uid___A001_X146c_Xf6/product/member.uid___A001_X146c_Xf6._694823__sci.spw16_18_20_22.cont.I.pbcor.fits
uid___A001_X146c_X95,uid___A001_X146c_Xf1,uid___A001_X146c_Xf6,https://casdc.china-vo.org/mirror/ALMAGAL/2019.1.00195.L/QA2/science_goal.uid___A001_X146c_X95/group.uid___A001_X146c_Xf1/member.uid___A001_X146c_Xf6/product/member.uid___A001_X146c_Xf6._695243__sci.spw16_18_20_22.cont.I.pbcor.fits
uid___A001_X146c_X95,uid___A001_X146c_Xf1,uid___A001_X146c_Xf6,https://casdc.china-vo.org/mirror/ALMAGAL/2019.1.00195.L/QA2/science_goal.uid___A001_X146c_X95/group.uid___A001_X146c_Xf1/member.uid___A001_X146c_Xf6/product/member.uid___A001_X146c_Xf6._696213__sci.spw16_18_20_22.cont.I.pbcor.fits
uid___A001_X146c_X95,uid___A001_X146c_Xf1,uid___A001_X146c_Xf6,https://casdc.china-vo.org/mirror/ALMAGAL/2019.1.00195.L/QA2/science_goal.uid___A001_X146c_X95/group.uid___A001_X146c_Xf1/member.uid___A001_X146c_Xf6/product/member.uid___A001_X146c_Xf6._696378__sci.spw16_18_20_22.cont.I.pbcor.fits
uid___A001_X146c_X95,uid___A001_X146c_Xf1,uid___A001_X146c_Xf6,https://casdc.china-vo.org/mirror/ALMAGAL/2019.1.00195.L/QA2/science_goal.uid___A001_X146c_X95/group.uid___A001_X146c_Xf1/member.uid___A001_X146c_Xf6/product/member.uid___A001_X146c_Xf6._G300.3412-00.2190__sci.spw16_18_20_22.cont.I.pbcor.fits
uid___A001_X146c_X95,uid___A001_X146c_Xf1,uid___A001_X146c_Xf6,https://casdc.china-vo.org/mirror/ALMAGAL/2019.1.00195.L/QA2/science_goal.uid___A001_X146c_X95/group.uid___A001_X146c_Xf1/member.uid___A001_X146c_Xf6/product/member.uid___A001_X146c_Xf6._G301.8147p00.7808A__sci.spw16_18_20_22.cont.I.pbcor.fits
uid___A001_X146c_X95,uid___A001_X146c_Xf8,uid___A001_X146c_Xf9,https://casdc.china-vo.org/mirror/ALMAGAL/2019.1.00195.L/QA2/science_goal.uid___A001_X146c_X95/group.uid___A001_X146c_Xf8/member.uid___A001_X146c_Xf9/product/member.uid___A001_X146c_Xf9._702472__sci.spw25_27_29_31.cont.I.pbcor.fits
uid___A001_X146c_X95,uid___A001_X146c_Xf8,uid___A001_X146c_Xf9,https://casdc.china-vo.org/mirror/ALMAGAL/2019.1.00195.L/QA2/science_goal.uid___A001_X146c_X95/group.uid___A001_X146c_Xf8/member.uid___A001_X146c_Xf9/product/member.uid___A001_X146c_Xf9._723654__sci.spw25_27_29_31.cont.I.pbcor.fits
uid___A001_X146c_X95,uid___A001_X146c_Xf8,uid___A001_X146c_Xf9,https://casdc.china-vo.org/mirror/ALMAGAL/2019.1.00195.L/QA2/science_goal.uid___A001_X146c_X95/group.uid___A001_X146c_Xf8/member.uid___A001_X146c_Xf9/product/member.uid___A001_X146c_Xf9._728443__sci.spw25_27_29_31.cont.I.pbcor.fits
uid___A001_X146c_X95,uid___A001_X146c_Xf8,uid___A001_X146c_Xf9,https://casdc.china-vo.org/mirror/ALMAGAL/2019.1.00195.L/QA2/science_goal.uid___A001_X146c_X95/group.uid___A001_X146c_Xf8/member.uid___A001_X146c_Xf9/product/member.uid___A001_X146c_Xf9._738167__sci.spw25_27_29_31.cont.I.pbcor.fits
uid___A001_X146c_X95,uid___A001_X146c_Xf8,uid___A001_X146c_Xf9,https://casdc.china-vo.org/mirror/ALMAGAL/2019.1.00195.L/QA2/science_goal.uid___A001_X146c_X95/group.uid___A001_X146c_Xf8/member.uid___A001_X146c_Xf9/product/member.uid___A001_X146c_Xf9._G311.5671p00.3189__sci.spw25_27_29_31.cont.I.pbcor.fits
uid___A001_X146c_X95,uid___A001_X146c_Xf8,uid___A001_X146c_Xfb,https://casdc.china-vo.org/mirror/ALMAGAL/2019.1.00195.L/QA2/science_goal.uid___A001_X146c_X95/group.uid___A001_X146c_Xf8/member.uid___A001_X146c_Xfb/product/member.uid___A001_X146c_Xfb._702472__sci.spw25_27_29_31.cont.I.pbcor.fits
uid___A001_X146c_X95,uid___A001_X146c_Xf8,uid___A001_X146c_Xfb,https://casdc.china-vo.org/mirror/ALMAGAL/2019.1.00195.L/QA2/science_goal.uid___A001_X146c_X95/group.uid___A001_X146c_Xf8/member.uid___A001_X146c_Xfb/product/member.uid___A001_X146c_Xfb._702831__sci.spw25_27_29_31.cont.I.pbcor.fits
uid___A001_X146c_X95,uid___A001_X146c_Xf8,uid___A001_X146c_Xfb,https://casdc.china-vo.org/mirror/ALMAGAL/2019.1.00195.L/QA2/science_goal.uid___A001_X146c_X95/group.uid___A001_X146c_Xf8/member.uid___A001_X146c_Xfb/product/member.uid___A001_X146c_Xfb._704454__sci.spw25_27_29_31.cont.I.pbcor.fits
uid___A001_X146c_X95,uid___A001_X146c_Xf8,uid___A001_X146c_Xfb,https://casdc.china-vo.org/mirror/ALMAGAL/2019.1.00195.L/QA2/science_goal.uid___A001_X146c_X95/group.uid___A001_X146c_Xf8/member.uid___A001_X146c_Xfb/product/member.uid___A001_X146c_Xfb._704792__sci.spw25_27_29_31.cont.I.pbcor.fits
uid___A001_X146c_X95,uid___A001_X146c_Xf8,uid___A001_X146c_Xfb,https://casdc.china-vo.org/mirror/ALMAGAL/2019.1.00195.L/QA2/science_goal.uid___A001_X146c_X95/group.uid___A001_X146c_Xf8/member.uid___A001_X146c_Xfb/product/member.uid___A001_X146c_Xfb._704821__sci.spw25_27_29_31.cont.I.pbcor.fits
uid___A001_X146c_X95,uid___A001_X146c_Xf8,uid___A001_X146c_Xfb,https://casdc.china-vo.org/mirror/ALMAGAL/2019.1.00195.L/QA2/science_goal.uid___A001_X146c_X95/group.uid___A001_X146c_Xf8/member.uid___A001_X146c_Xfb/product/member.uid___A001_X146c_Xfb._705194__sci.spw25_27_29_31.cont.I.pbcor.fits
uid___A001_X146c_X95,uid___A001_X146c_Xf8,uid___A001_X146c_Xfb,https://casdc.china-vo.org/mirror/ALMAGAL/2019.1.00195.L/QA2/science_goal.uid___A001_X146c_X95/group.uid___A001_X146c_Xf8/member.uid___A001_X146c_Xfb/product/member.uid___A001_X146c_Xfb._705849__sci.spw25_27_29_31.cont.I.pbcor.fits
uid___A001_X146c_X95,uid___A001_X146c_Xf8,uid___A001_X146c_Xfb,https://casdc.china-vo.org/mirror/ALMAGAL/2019.1.00195.L/QA2/science_goal.uid___A001_X146c_X95/group.uid___A001_X146c_Xf8/member.uid___A001_X146c_Xfb/product/member.uid___A001_X146c_Xfb._710680__sci.spw25_27_29_31.cont.I.pbcor.fits
uid___A001_X146c_X95,uid___A001_X146c_Xf8,uid___A001_X146c_Xfb,https://casdc.china-vo.org/mirror/ALMAGAL/2019.1.00195.L/QA2/science_goal.uid___A001_X146c_X95/group.uid___A001_X146c_Xf8/member.uid___A001_X146c_Xfb/product/member.uid___A001_X146c_Xfb._713784__sci.spw25_27_29_31.cont.I.pbcor.fits
uid___A001_X146c_X95,uid___A001_X146c_Xf8,uid___A001_X146c_Xfb,https://casdc.china-vo.org/mirror/ALMAGAL/2019.1.00195.L/QA2/science_goal.uid___A001_X146c_X95/group.uid___A001_X146c_Xf8/member.uid___A001_X146c_Xfb/product/member.uid___A001_X146c_Xfb._716353__sci.spw25_27_29_31.cont.I.pbcor.fits
uid___A001_X146c_X95,uid___A001_X146c_Xf8,uid___A001_X146c_Xfb,https://casdc.china-vo.org/mirror/ALMAGAL/2019.1.00195.L/QA2/science_goal.uid___A001_X146c_X95/group.uid___A001_X146c_Xf8/member.uid___A001_X146c_Xfb/product/member.uid___A001_X146c_Xfb._716498__sci.spw25_27_29_31.cont.I.pbcor.fits
uid___A001_X146c_X95,uid___A001_X146c_Xf8,uid___A001_X146c_Xfb,https://casdc.china-vo.org/mirror/ALMAGAL/2019.1.00195.L/QA2/science_goal.uid___A001_X146c_X95/group.uid___A001_X146c_Xf8/member.uid___A001_X146c_Xfb/product/member.uid___A001_X146c_Xfb._716599__sci.spw25_27_29_31.cont.I.pbcor.fits
uid___A001_X146c_X95,uid___A001_X146c_Xf8,uid___A001_X146c_Xfb,https://casdc.china-vo.org/mirror/ALMAGAL/2019.1.00195.L/QA2/science_goal.uid___A001_X146c_X95/group.uid___A001_X146c_Xf8/member.uid___A001_X146c_Xfb/product/member.uid___A001_X146c_Xfb._716713__sci.spw25_27_29_31.cont.I.pbcor.fits
uid___A001_X146c_X95,uid___A001_X146c_Xf8,uid___A001_X146c_Xfb,https://casdc.china-vo.org/mirror/ALMAGAL/2019.1.00195.L/QA2/science_goal.uid___A001_X146c_X95/group.uid___A001_X146c_Xf8/member.uid___A001_X146c_Xfb/product/member.uid___A001_X146c_Xfb._717276__sci.spw25_27_29_31.cont.I.pbcor.fits
uid___A001_X146c_X95,uid___A001_X146c_Xf8,uid___A001_X146c_Xfb,https://casdc.china-vo.org/mirror/ALMAGAL/2019.1.00195.L/QA2/science_goal.uid___A001_X146c_X95/group.uid___A001_X146c_Xf8/member.uid___A001_X146c_Xfb/product/member.uid___A001_X146c_Xfb._717461__sci.spw25_27_29_31.cont.I.pbcor.fits
uid___A001_X146c_X95,uid___A001_X146c_Xf8,uid___A001_X146c_Xfb,https://casdc.china-vo.org/mirror/ALMAGAL/2019.1.00195.L/QA2/science_goal.uid___A001_X146c_X95/group.uid___A001_X146c_Xf8/member.uid___A001_X146c_Xfb/product/member.uid___A001_X146c_Xfb._718642__sci.spw25_27_29_31.cont.I.pbcor.fits
uid___A001_X146c_X95,uid___A001_X146c_Xf8,uid___A001_X146c_Xfb,https://casdc.china-vo.org/mirror/ALMAGAL/2019.1.00195.L/QA2/science_goal.uid___A001_X146c_X95/group.uid___A001_X146c_Xf8/member.uid___A001_X146c_Xfb/product/member.uid___A001_X146c_Xfb._718877__sci.spw25_27_29_31.cont.I.pbcor.fits
uid___A001_X146c_X95,uid___A001_X146c_Xf8,uid___A001_X146c_Xfb,https://casdc.china-vo.org/mirror/ALMAGAL/2019.1.00195.L/QA2/science_goal.uid___A001_X146c_X95/group.uid___A001_X146c_Xf8/member.uid___A001_X146c_Xfb/product/member.uid___A001_X146c_Xfb._718926__sci.spw25_27_29_31.cont.I.pbcor.fits
uid___A001_X146c_X95,uid___A001_X146c_Xf8,uid___A001_X146c_Xfb,https://casdc.china-vo.org/mirror/ALMAGAL/2019.1.00195.L/QA2/science_goal.uid___A001_X146c_X95/group.uid___A001_X146c_Xf8/member.uid___A001_X146c_Xfb/product/member.uid___A001_X146c_Xfb._719097__sci.spw25_27_29_31.cont.I.pbcor.fits
uid___A001_X146c_X95,uid___A001_X146c_Xf8,uid___A001_X146c_Xfb,https://casdc.china-vo.org/mirror/ALMAGAL/2019.1.00195.L/QA2/science_goal.uid___A001_X146c_X95/group.uid___A001_X146c_Xf8/member.uid___A001_X146c_Xfb/product/member.uid___A001_X146c_Xfb._719342__sci.spw25_27_29_31.cont.I.pbcor.fits
uid___A001_X146c_X95,uid___A001_X146c_Xf8,uid___A001_X146c_Xfb,https://casdc.china-vo.org/mirror/ALMAGAL/2019.1.00195.L/QA2/science_goal.uid___A001_X146c_X95/group.uid___A001_X146c_Xf8/member.uid___A001_X146c_Xfb/product/member.uid___A001_X146c_Xfb._720116__sci.spw25_27_29_31.cont.I.pbcor.fits
uid___A001_X146c_X95,uid___A001_X146c_Xf8,uid___A001_X146c_Xfb,https://casdc.china-vo.org/mirror/ALMAGAL/2019.1.00195.L/QA2/science_goal.uid___A001_X146c_X95/group.uid___A001_X146c_Xf8/member.uid___A001_X146c_Xfb/product/member.uid___A001_X146c_Xfb._720177__sci.spw25_27_29_31.cont.I.pbcor.fits
uid___A001_X146c_X95,uid___A001_X146c_Xf8,uid___A001_X146c_Xfb,https://casdc.china-vo.org/mirror/ALMAGAL/2019.1.00195.L/QA2/science_goal.uid___A001_X146c_X95/group.uid___A001_X146c_Xf8/member.uid___A001_X146c_Xfb/product/member.uid___A001_X146c_Xfb._721478__sci.spw25_27_29_31.cont.I.pbcor.fits
uid___A001_X146c_X95,uid___A001_X146c_Xf8,uid___A001_X146c_Xfb,https://casdc.china-vo.org/mirror/ALMAGAL/2019.1.00195.L/QA2/science_goal.uid___A001_X146c_X95/group.uid___A001_X146c_Xf8/member.uid___A001_X146c_Xfb/product/member.uid___A001_X146c_Xfb._721509__sci.spw25_27_29_31.cont.I.pbcor.fits
uid___A001_X146c_X95,uid___A001_X146c_Xf8,uid___A001_X146c_Xfb,https://casdc.china-vo.org/mirror/ALMAGAL/2019.1.00195.L/QA2/science_goal.uid___A001_X146c_X95/group.uid___A001_X146c_Xf8/member.uid___A001_X146c_Xfb/product/member.uid___A001_X146c_Xfb._721517__sci.spw25_27_29_31.cont.I.pbcor.fits
uid___A001_X146c_X95,uid___A001_X146c_Xf8,uid___A001_X146c_Xfb,https://casdc.china-vo.org/mirror/ALMAGAL/2019.1.00195.L/QA2/science_goal.uid___A001_X146c_X95/group.uid___A001_X146c_Xf8/member.uid___A001_X146c_Xfb/product/member.uid___A001_X146c_Xfb._722749__sci.spw25_27_29_31.cont.I.pbcor.fits
uid___A001_X146c_X95,uid___A001_X146c_Xf8,uid___A001_X146c_Xfb,https://casdc.china-vo.org/mirror/ALMAGAL/2019.1.00195.L/QA2/science_goal.uid___A001_X146c_X95/group.uid___A001_X146c_Xf8/member.uid___A001_X146c_Xfb/product/member.uid___A001_X146c_Xfb._723654__sci.spw25_27_29_31.cont.I.pbcor.fits
uid___A001_X146c_X95,uid___A001_X146c_Xf8,uid___A001_X146c_Xfb,https://casdc.china-vo.org/mirror/ALMAGAL/2019.1.00195.L/QA2/science_goal.uid___A001_X146c_X95/group.uid___A001_X146c_Xf8/member.uid___A001_X146c_Xfb/product/member.uid___A001_X146c_Xfb._724889__sci.spw25_27_29_31.cont.I.pbcor.fits
uid___A001_X146c_X95,uid___A001_X146c_Xf8,uid___A001_X146c_Xfb,https://casdc.china-vo.org/mirror/ALMAGAL/2019.1.00195.L/QA2/science_goal.uid___A001_X146c_X95/group.uid___A001_X146c_Xf8/member.uid___A001_X146c_Xfb/product/member.uid___A001_X146c_Xfb._725400__sci.spw25_27_29_31.cont.I.pbcor.fits
uid___A001_X146c_X95,uid___A001_X146c_Xf8,uid___A001_X146c_Xfb,https://casdc.china-vo.org/mirror/ALMAGAL/2019.1.00195.L/QA2/science_goal.uid___A001_X146c_X95/group.uid___A001_X146c_Xf8/member.uid___A001_X146c_Xfb/product/member.uid___A001_X146c_Xfb._728443__sci.spw25_27_29_31.cont.I.pbcor.fits
uid___A001_X146c_X95,uid___A001_X146c_Xf8,uid___A001_X146c_Xfb,https://casdc.china-vo.org/mirror/ALMAGAL/2019.1.00195.L/QA2/science_goal.uid___A001_X146c_X95/group.uid___A001_X146c_Xf8/member.uid___A001_X146c_Xfb/product/member.uid___A001_X146c_Xfb._728967__sci.spw25_27_29_31.cont.I.pbcor.fits
uid___A001_X146c_X95,uid___A001_X146c_Xf8,uid___A001_X146c_Xfb,https://casdc.china-vo.org/mirror/ALMAGAL/2019.1.00195.L/QA2/science_goal.uid___A001_X146c_X95/group.uid___A001_X146c_Xf8/member.uid___A001_X146c_Xfb/product/member.uid___A001_X146c_Xfb._729792__sci.spw25_27_29_31.cont.I.pbcor.fits
uid___A001_X146c_X95,uid___A001_X146c_Xf8,uid___A001_X146c_Xfb,https://casdc.china-vo.org/mirror/ALMAGAL/2019.1.00195.L/QA2/science_goal.uid___A001_X146c_X95/group.uid___A001_X146c_Xf8/member.uid___A001_X146c_Xfb/product/member.uid___A001_X146c_Xfb._730452__sci.spw25_27_29_31.cont.I.pbcor.fits
uid___A001_X146c_X95,uid___A001_X146c_Xf8,uid___A001_X146c_Xfb,https://casdc.china-vo.org/mirror/ALMAGAL/2019.1.00195.L/QA2/science_goal.uid___A001_X146c_X95/group.uid___A001_X146c_Xf8/member.uid___A001_X146c_Xfb/product/member.uid___A001_X146c_Xfb._731606__sci.spw25_27_29_31.cont.I.pbcor.fits
uid___A001_X146c_X95,uid___A001_X146c_Xf8,uid___A001_X146c_Xfb,https://casdc.china-vo.org/mirror/ALMAGAL/2019.1.00195.L/QA2/science_goal.uid___A001_X146c_X95/group.uid___A001_X146c_Xf8/member.uid___A001_X146c_Xfb/product/member.uid___A001_X146c_Xfb._733033__sci.spw25_27_29_31.cont.I.pbcor.fits
uid___A001_X146c_X95,uid___A001_X146c_Xf8,uid___A001_X146c_Xfb,https://casdc.china-vo.org/mirror/ALMAGAL/2019.1.00195.L/QA2/science_goal.uid___A001_X146c_X95/group.uid___A001_X146c_Xf8/member.uid___A001_X146c_Xfb/product/member.uid___A001_X146c_Xfb._737787__sci.spw25_27_29_31.cont.I.pbcor.fits
uid___A001_X146c_X95,uid___A001_X146c_Xf8,uid___A001_X146c_Xfb,https://casdc.china-vo.org/mirror/ALMAGAL/2019.1.00195.L/QA2/science_goal.uid___A001_X146c_X95/group.uid___A001_X146c_Xf8/member.uid___A001_X146c_Xfb/product/member.uid___A001_X146c_Xfb._738167__sci.spw25_27_29_31.cont.I.pbcor.fits
uid___A001_X146c_X95,uid___A001_X146c_Xf8,uid___A001_X146c_Xfb,https://casdc.china-vo.org/mirror/ALMAGAL/2019.1.00195.L/QA2/science_goal.uid___A001_X146c_X95/group.uid___A001_X146c_Xf8/member.uid___A001_X146c_Xfb/product/member.uid___A001_X146c_Xfb._G304.8872p00.6356__sci.spw25_27_29_31.cont.I.pbcor.fits
uid___A001_X146c_X95,uid___A001_X146c_Xf8,uid___A001_X146c_Xfb,https://casdc.china-vo.org/mirror/ALMAGAL/2019.1.00195.L/QA2/science_goal.uid___A001_X146c_X95/group.uid___A001_X146c_Xf8/member.uid___A001_X146c_Xfb/product/member.uid___A001_X146c_Xfb._G305.1940-00.0051__sci.spw25_27_29_31.cont.I.pbcor.fits
uid___A001_X146c_X95,uid___A001_X146c_Xf8,uid___A001_X146c_Xfb,https://casdc.china-vo.org/mirror/ALMAGAL/2019.1.00195.L/QA2/science_goal.uid___A001_X146c_X95/group.uid___A001_X146c_Xf8/member.uid___A001_X146c_Xfb/product/member.uid___A001_X146c_Xfb._G305.2017p00.2072A__sci.spw25_27_29_31.cont.I.pbcor.fits
uid___A001_X146c_X95,uid___A001_X146c_Xf8,uid___A001_X146c_Xfb,https://casdc.china-vo.org/mirror/ALMAGAL/2019.1.00195.L/QA2/science_goal.uid___A001_X146c_X95/group.uid___A001_X146c_Xf8/member.uid___A001_X146c_Xfb/product/member.uid___A001_X146c_Xfb._G305.5393p00.3394__sci.spw25_27_29_31.cont.I.pbcor.fits
uid___A001_X146c_X95,uid___A001_X146c_Xf8,uid___A001_X146c_Xfb,https://casdc.china-vo.org/mirror/ALMAGAL/2019.1.00195.L/QA2/science_goal.uid___A001_X146c_X95/group.uid___A001_X146c_Xf8/member.uid___A001_X146c_Xfb/product/member.uid___A001_X146c_Xfb._G309.9796p00.5496__sci.spw25_27_29_31.cont.I.pbcor.fits
uid___A001_X146c_X95,uid___A001_X146c_Xf8,uid___A001_X146c_Xfb,https://casdc.china-vo.org/mirror/ALMAGAL/2019.1.00195.L/QA2/science_goal.uid___A001_X146c_X95/group.uid___A001_X146c_Xf8/member.uid___A001_X146c_Xfb/product/member.uid___A001_X146c_Xfb._G310.0135p00.3892__sci.spw25_27_29_31.cont.I.pbcor.fits
uid___A001_X146c_X95,uid___A001_X146c_Xf8,uid___A001_X146c_Xfb,https://casdc.china-vo.org/mirror/ALMAGAL/2019.1.00195.L/QA2/science_goal.uid___A001_X146c_X95/group.uid___A001_X146c_Xf8/member.uid___A001_X146c_Xfb/product/member.uid___A001_X146c_Xfb._G311.4402p00.4243__sci.spw25_27_29_31.cont.I.pbcor.fits
uid___A001_X146c_X95,uid___A001_X146c_Xf8,uid___A001_X146c_Xfb,https://casdc.china-vo.org/mirror/ALMAGAL/2019.1.00195.L/QA2/science_goal.uid___A001_X146c_X95/group.uid___A001_X146c_Xf8/member.uid___A001_X146c_Xfb/product/member.uid___A001_X146c_Xfb._G311.5131-00.4532__sci.spw25_27_29_31.cont.I.pbcor.fits
uid___A001_X146c_X95,uid___A001_X146c_Xf8,uid___A001_X146c_Xfb,https://casdc.china-vo.org/mirror/ALMAGAL/2019.1.00195.L/QA2/science_goal.uid___A001_X146c_X95/group.uid___A001_X146c_Xf8/member.uid___A001_X146c_Xfb/product/member.uid___A001_X146c_Xfb._G311.5671p00.3189__sci.spw25_27_29_31.cont.I.pbcor.fits
uid___A001_X146c_X95,uid___A001_X146c_Xf8,uid___A001_X146c_Xfb,https://casdc.china-vo.org/mirror/ALMAGAL/2019.1.00195.L/QA2/science_goal.uid___A001_X146c_X95/group.uid___A001_X146c_Xf8/member.uid___A001_X146c_Xfb/product/member.uid___A001_X146c_Xfb._G314.3197p00.1125__sci.spw25_27_29_31.cont.I.pbcor.fits
uid___A001_X146c_X95,uid___A001_X146c_Xf8,uid___A001_X146c_Xfd,https://casdc.china-vo.org/mirror/ALMAGAL/2019.1.00195.L/QA2/science_goal.uid___A001_X146c_X95/group.uid___A001_X146c_Xf8/member.uid___A001_X146c_Xfd/product/member.uid___A001_X146c_Xfd._702472__sci.spw16_18_20_22.cont.I.pbcor.fits
uid___A001_X146c_X95,uid___A001_X146c_Xf8,uid___A001_X146c_Xfd,https://casdc.china-vo.org/mirror/ALMAGAL/2019.1.00195.L/QA2/science_goal.uid___A001_X146c_X95/group.uid___A001_X146c_Xf8/member.uid___A001_X146c_Xfd/product/member.uid___A001_X146c_Xfd._702831__sci.spw16_18_20_22.cont.I.pbcor.fits
uid___A001_X146c_X95,uid___A001_X146c_Xf8,uid___A001_X146c_Xfd,https://casdc.china-vo.org/mirror/ALMAGAL/2019.1.00195.L/QA2/science_goal.uid___A001_X146c_X95/group.uid___A001_X146c_Xf8/member.uid___A001_X146c_Xfd/product/member.uid___A001_X146c_Xfd._704454__sci.spw16_18_20_22.cont.I.pbcor.fits
uid___A001_X146c_X95,uid___A001_X146c_Xf8,uid___A001_X146c_Xfd,https://casdc.china-vo.org/mirror/ALMAGAL/2019.1.00195.L/QA2/science_goal.uid___A001_X146c_X95/group.uid___A001_X146c_Xf8/member.uid___A001_X146c_Xfd/product/member.uid___A001_X146c_Xfd._704792__sci.spw16_18_20_22.cont.I.pbcor.fits
uid___A001_X146c_X95,uid___A001_X146c_Xf8,uid___A001_X146c_Xfd,https://casdc.china-vo.org/mirror/ALMAGAL/2019.1.00195.L/QA2/science_goal.uid___A001_X146c_X95/group.uid___A001_X146c_Xf8/member.uid___A001_X146c_Xfd/product/member.uid___A001_X146c_Xfd._704821__sci.spw16_18_20_22.cont.I.pbcor.fits
uid___A001_X146c_X95,uid___A001_X146c_Xf8,uid___A001_X146c_Xfd,https://casdc.china-vo.org/mirror/ALMAGAL/2019.1.00195.L/QA2/science_goal.uid___A001_X146c_X95/group.uid___A001_X146c_Xf8/member.uid___A001_X146c_Xfd/product/member.uid___A001_X146c_Xfd._705194__sci.spw16_18_20_22.cont.I.pbcor.fits
uid___A001_X146c_X95,uid___A001_X146c_Xf8,uid___A001_X146c_Xfd,https://casdc.china-vo.org/mirror/ALMAGAL/2019.1.00195.L/QA2/science_goal.uid___A001_X146c_X95/group.uid___A001_X146c_Xf8/member.uid___A001_X146c_Xfd/product/member.uid___A001_X146c_Xfd._705849__sci.spw16_18_20_22.cont.I.pbcor.fits
uid___A001_X146c_X95,uid___A001_X146c_Xf8,uid___A001_X146c_Xfd,https://casdc.china-vo.org/mirror/ALMAGAL/2019.1.00195.L/QA2/science_goal.uid___A001_X146c_X95/group.uid___A001_X146c_Xf8/member.uid___A001_X146c_Xfd/product/member.uid___A001_X146c_Xfd._710680__sci.spw16_18_20_22.cont.I.pbcor.fits
uid___A001_X146c_X95,uid___A001_X146c_Xf8,uid___A001_X146c_Xfd,https://casdc.china-vo.org/mirror/ALMAGAL/2019.1.00195.L/QA2/science_goal.uid___A001_X146c_X95/group.uid___A001_X146c_Xf8/member.uid___A001_X146c_Xfd/product/member.uid___A001_X146c_Xfd._713784__sci.spw16_18_20_22.cont.I.pbcor.fits
uid___A001_X146c_X95,uid___A001_X146c_Xf8,uid___A001_X146c_Xfd,https://casdc.china-vo.org/mirror/ALMAGAL/2019.1.00195.L/QA2/science_goal.uid___A001_X146c_X95/group.uid___A001_X146c_Xf8/member.uid___A001_X146c_Xfd/product/member.uid___A001_X146c_Xfd._716353__sci.spw16_18_20_22.cont.I.pbcor.fits
uid___A001_X146c_X95,uid___A001_X146c_Xf8,uid___A001_X146c_Xfd,https://casdc.china-vo.org/mirror/ALMAGAL/2019.1.00195.L/QA2/science_goal.uid___A001_X146c_X95/group.uid___A001_X146c_Xf8/member.uid___A001_X146c_Xfd/product/member.uid___A001_X146c_Xfd._716498__sci.spw16_18_20_22.cont.I.pbcor.fits
uid___A001_X146c_X95,uid___A001_X146c_Xf8,uid___A001_X146c_Xfd,https://casdc.china-vo.org/mirror/ALMAGAL/2019.1.00195.L/QA2/science_goal.uid___A001_X146c_X95/group.uid___A001_X146c_Xf8/member.uid___A001_X146c_Xfd/product/member.uid___A001_X146c_Xfd._716599__sci.spw16_18_20_22.cont.I.pbcor.fits
uid___A001_X146c_X95,uid___A001_X146c_Xf8,uid___A001_X146c_Xfd,https://casdc.china-vo.org/mirror/ALMAGAL/2019.1.00195.L/QA2/science_goal.uid___A001_X146c_X95/group.uid___A001_X146c_Xf8/member.uid___A001_X146c_Xfd/product/member.uid___A001_X146c_Xfd._716713__sci.spw16_18_20_22.cont.I.pbcor.fits
uid___A001_X146c_X95,uid___A001_X146c_Xf8,uid___A001_X146c_Xfd,https://casdc.china-vo.org/mirror/ALMAGAL/2019.1.00195.L/QA2/science_goal.uid___A001_X146c_X95/group.uid___A001_X146c_Xf8/member.uid___A001_X146c_Xfd/product/member.uid___A001_X146c_Xfd._717276__sci.spw16_18_20_22.cont.I.pbcor.fits
uid___A001_X146c_X95,uid___A001_X146c_Xf8,uid___A001_X146c_Xfd,https://casdc.china-vo.org/mirror/ALMAGAL/2019.1.00195.L/QA2/science_goal.uid___A001_X146c_X95/group.uid___A001_X146c_Xf8/member.uid___A001_X146c_Xfd/product/member.uid___A001_X146c_Xfd._717461__sci.spw16_18_20_22.cont.I.pbcor.fits
uid___A001_X146c_X95,uid___A001_X146c_Xf8,uid___A001_X146c_Xfd,https://casdc.china-vo.org/mirror/ALMAGAL/2019.1.00195.L/QA2/science_goal.uid___A001_X146c_X95/group.uid___A001_X146c_Xf8/member.uid___A001_X146c_Xfd/product/member.uid___A001_X146c_Xfd._718642__sci.spw16_18_20_22.cont.I.pbcor.fits
uid___A001_X146c_X95,uid___A001_X146c_Xf8,uid___A001_X146c_Xfd,https://casdc.china-vo.org/mirror/ALMAGAL/2019.1.00195.L/QA2/science_goal.uid___A001_X146c_X95/group.uid___A001_X146c_Xf8/member.uid___A001_X146c_Xfd/product/member.uid___A001_X146c_Xfd._718877__sci.spw16_18_20_22.cont.I.pbcor.fits
uid___A001_X146c_X95,uid___A001_X146c_Xf8,uid___A001_X146c_Xfd,https://casdc.china-vo.org/mirror/ALMAGAL/2019.1.00195.L/QA2/science_goal.uid___A001_X146c_X95/group.uid___A001_X146c_Xf8/member.uid___A001_X146c_Xfd/product/member.uid___A001_X146c_Xfd._718926__sci.spw16_18_20_22.cont.I.pbcor.fits
uid___A001_X146c_X95,uid___A001_X146c_Xf8,uid___A001_X146c_Xfd,https://casdc.china-vo.org/mirror/ALMAGAL/2019.1.00195.L/QA2/science_goal.uid___A001_X146c_X95/group.uid___A001_X146c_Xf8/member.uid___A001_X146c_Xfd/product/member.uid___A001_X146c_Xfd._719097__sci.spw16_18_20_22.cont.I.pbcor.fits
uid___A001_X146c_X95,uid___A001_X146c_Xf8,uid___A001_X146c_Xfd,https://casdc.china-vo.org/mirror/ALMAGAL/2019.1.00195.L/QA2/science_goal.uid___A001_X146c_X95/group.uid___A001_X146c_Xf8/member.uid___A001_X146c_Xfd/product/member.uid___A001_X146c_Xfd._719342__sci.spw16_18_20_22.cont.I.pbcor.fits
uid___A001_X146c_X95,uid___A001_X146c_Xf8,uid___A001_X146c_Xfd,https://casdc.china-vo.org/mirror/ALMAGAL/2019.1.00195.L/QA2/science_goal.uid___A001_X146c_X95/group.uid___A001_X146c_Xf8/member.uid___A001_X146c_Xfd/product/member.uid___A001_X146c_Xfd._720116__sci.spw16_18_20_22.cont.I.pbcor.fits
uid___A001_X146c_X95,uid___A001_X146c_Xf8,uid___A001_X146c_Xfd,https://casdc.china-vo.org/mirror/ALMAGAL/2019.1.00195.L/QA2/science_goal.uid___A001_X146c_X95/group.uid___A001_X146c_Xf8/member.uid___A001_X146c_Xfd/product/member.uid___A001_X146c_Xfd._720177__sci.spw16_18_20_22.cont.I.pbcor.fits
uid___A001_X146c_X95,uid___A001_X146c_Xf8,uid___A001_X146c_Xfd,https://casdc.china-vo.org/mirror/ALMAGAL/2019.1.00195.L/QA2/science_goal.uid___A001_X146c_X95/group.uid___A001_X146c_Xf8/member.uid___A001_X146c_Xfd/product/member.uid___A001_X146c_Xfd._721478__sci.spw16_18_20_22.cont.I.pbcor.fits
uid___A001_X146c_X95,uid___A001_X146c_Xf8,uid___A001_X146c_Xfd,https://casdc.china-vo.org/mirror/ALMAGAL/2019.1.00195.L/QA2/science_goal.uid___A001_X146c_X95/group.uid___A001_X146c_Xf8/member.uid___A001_X146c_Xfd/product/member.uid___A001_X146c_Xfd._721509__sci.spw16_18_20_22.cont.I.pbcor.fits
uid___A001_X146c_X95,uid___A001_X146c_Xf8,uid___A001_X146c_Xfd,https://casdc.china-vo.org/mirror/ALMAGAL/2019.1.00195.L/QA2/science_goal.uid___A001_X146c_X95/group.uid___A001_X146c_Xf8/member.uid___A001_X146c_Xfd/product/member.uid___A001_X146c_Xfd._721517__sci.spw16_18_20_22.cont.I.pbcor.fits
uid___A001_X146c_X95,uid___A001_X146c_Xf8,uid___A001_X146c_Xfd,https://casdc.china-vo.org/mirror/ALMAGAL/2019.1.00195.L/QA2/science_goal.uid___A001_X146c_X95/group.uid___A001_X146c_Xf8/member.uid___A001_X146c_Xfd/product/member.uid___A001_X146c_Xfd._722749__sci.spw16_18_20_22.cont.I.pbcor.fits
uid___A001_X146c_X95,uid___A001_X146c_Xf8,uid___A001_X146c_Xfd,https://casdc.china-vo.org/mirror/ALMAGAL/2019.1.00195.L/QA2/science_goal.uid___A001_X146c_X95/group.uid___A001_X146c_Xf8/member.uid___A001_X146c_Xfd/product/member.uid___A001_X146c_Xfd._723654__sci.spw16_18_20_22.cont.I.pbcor.fits
uid___A001_X146c_X95,uid___A001_X146c_Xf8,uid___A001_X146c_Xfd,https://casdc.china-vo.org/mirror/ALMAGAL/2019.1.00195.L/QA2/science_goal.uid___A001_X146c_X95/group.uid___A001_X146c_Xf8/member.uid___A001_X146c_Xfd/product/member.uid___A001_X146c_Xfd._724889__sci.spw16_18_20_22.cont.I.pbcor.fits
uid___A001_X146c_X95,uid___A001_X146c_Xf8,uid___A001_X146c_Xfd,https://casdc.china-vo.org/mirror/ALMAGAL/2019.1.00195.L/QA2/science_goal.uid___A001_X146c_X95/group.uid___A001_X146c_Xf8/member.uid___A001_X146c_Xfd/product/member.uid___A001_X146c_Xfd._725400__sci.spw16_18_20_22.cont.I.pbcor.fits
uid___A001_X146c_X95,uid___A001_X146c_Xf8,uid___A001_X146c_Xfd,https://casdc.china-vo.org/mirror/ALMAGAL/2019.1.00195.L/QA2/science_goal.uid___A001_X146c_X95/group.uid___A001_X146c_Xf8/member.uid___A001_X146c_Xfd/product/member.uid___A001_X146c_Xfd._728443__sci.spw16_18_20_22.cont.I.pbcor.fits
uid___A001_X146c_X95,uid___A001_X146c_Xf8,uid___A001_X146c_Xfd,https://casdc.china-vo.org/mirror/ALMAGAL/2019.1.00195.L/QA2/science_goal.uid___A001_X146c_X95/group.uid___A001_X146c_Xf8/member.uid___A001_X146c_Xfd/product/member.uid___A001_X146c_Xfd._728967__sci.spw16_18_20_22.cont.I.pbcor.fits
uid___A001_X146c_X95,uid___A001_X146c_Xf8,uid___A001_X146c_Xfd,https://casdc.china-vo.org/mirror/ALMAGAL/2019.1.00195.L/QA2/science_goal.uid___A001_X146c_X95/group.uid___A001_X146c_Xf8/member.uid___A001_X146c_Xfd/product/member.uid___A001_X146c_Xfd._729792__sci.spw16_18_20_22.cont.I.pbcor.fits
uid___A001_X146c_X95,uid___A001_X146c_Xf8,uid___A001_X146c_Xfd,https://casdc.china-vo.org/mirror/ALMAGAL/2019.1.00195.L/QA2/science_goal.uid___A001_X146c_X95/group.uid___A001_X146c_Xf8/member.uid___A001_X146c_Xfd/product/member.uid___A001_X146c_Xfd._730452__sci.spw16_18_20_22.cont.I.pbcor.fits
uid___A001_X146c_X95,uid___A001_X146c_Xf8,uid___A001_X146c_Xfd,https://casdc.china-vo.org/mirror/ALMAGAL/2019.1.00195.L/QA2/science_goal.uid___A001_X146c_X95/group.uid___A001_X146c_Xf8/member.uid___A001_X146c_Xfd/product/member.uid___A001_X146c_Xfd._731606__sci.spw16_18_20_22.cont.I.pbcor.fits
uid___A001_X146c_X95,uid___A001_X146c_Xf8,uid___A001_X146c_Xfd,https://casdc.china-vo.org/mirror/ALMAGAL/2019.1.00195.L/QA2/science_goal.uid___A001_X146c_X95/group.uid___A001_X146c_Xf8/member.uid___A001_X146c_Xfd/product/member.uid___A001_X146c_Xfd._733033__sci.spw16_18_20_22.cont.I.pbcor.fits
uid___A001_X146c_X95,uid___A001_X146c_Xf8,uid___A001_X146c_Xfd,https://casdc.china-vo.org/mirror/ALMAGAL/2019.1.00195.L/QA2/science_goal.uid___A001_X146c_X95/group.uid___A001_X146c_Xf8/member.uid___A001_X146c_Xfd/product/member.uid___A001_X146c_Xfd._737787__sci.spw16_18_20_22.cont.I.pbcor.fits
uid___A001_X146c_X95,uid___A001_X146c_Xf8,uid___A001_X146c_Xfd,https://casdc.china-vo.org/mirror/ALMAGAL/2019.1.00195.L/QA2/science_goal.uid___A001_X146c_X95/group.uid___A001_X146c_Xf8/member.uid___A001_X146c_Xfd/product/member.uid___A001_X146c_Xfd._738167__sci.spw16_18_20_22.cont.I.pbcor.fits
uid___A001_X146c_X95,uid___A001_X146c_Xf8,uid___A001_X146c_Xfd,https://casdc.china-vo.org/mirror/ALMAGAL/2019.1.00195.L/QA2/science_goal.uid___A001_X146c_X95/group.uid___A001_X146c_Xf8/member.uid___A001_X146c_Xfd/product/member.uid___A001_X146c_Xfd._G304.8872p00.6356__sci.spw16_18_20_22.cont.I.pbcor.fits
uid___A001_X146c_X95,uid___A001_X146c_Xf8,uid___A001_X146c_Xfd,https://casdc.china-vo.org/mirror/ALMAGAL/2019.1.00195.L/QA2/science_goal.uid___A001_X146c_X95/group.uid___A001_X146c_Xf8/member.uid___A001_X146c_Xfd/product/member.uid___A001_X146c_Xfd._G305.1940-00.0051__sci.spw16_18_20_22.cont.I.pbcor.fits
uid___A001_X146c_X95,uid___A001_X146c_Xf8,uid___A001_X146c_Xfd,https://casdc.china-vo.org/mirror/ALMAGAL/2019.1.00195.L/QA2/science_goal.uid___A001_X146c_X95/group.uid___A001_X146c_Xf8/member.uid___A001_X146c_Xfd/product/member.uid___A001_X146c_Xfd._G305.2017p00.2072A__sci.spw16_18_20_22.cont.I.pbcor.fits
uid___A001_X146c_X95,uid___A001_X146c_Xf8,uid___A001_X146c_Xfd,https://casdc.china-vo.org/mirror/ALMAGAL/2019.1.00195.L/QA2/science_goal.uid___A001_X146c_X95/group.uid___A001_X146c_Xf8/member.uid___A001_X146c_Xfd/product/member.uid___A001_X146c_Xfd._G305.5393p00.3394__sci.spw16_18_20_22.cont.I.pbcor.fits
uid___A001_X146c_X95,uid___A001_X146c_Xf8,uid___A001_X146c_Xfd,https://casdc.china-vo.org/mirror/ALMAGAL/2019.1.00195.L/QA2/science_goal.uid___A001_X146c_X95/group.uid___A001_X146c_Xf8/member.uid___A001_X146c_Xfd/product/member.uid___A001_X146c_Xfd._G309.9796p00.5496__sci.spw16_18_20_22.cont.I.pbcor.fits
uid___A001_X146c_X95,uid___A001_X146c_Xf8,uid___A001_X146c_Xfd,https://casdc.china-vo.org/mirror/ALMAGAL/2019.1.00195.L/QA2/science_goal.uid___A001_X146c_X95/group.uid___A001_X146c_Xf8/member.uid___A001_X146c_Xfd/product/member.uid___A001_X146c_Xfd._G310.0135p00.3892__sci.spw16_18_20_22.cont.I.pbcor.fits
uid___A001_X146c_X95,uid___A001_X146c_Xf8,uid___A001_X146c_Xfd,https://casdc.china-vo.org/mirror/ALMAGAL/2019.1.00195.L/QA2/science_goal.uid___A001_X146c_X95/group.uid___A001_X146c_Xf8/member.uid___A001_X146c_Xfd/product/member.uid___A001_X146c_Xfd._G311.4402p00.4243__sci.spw16_18_20_22.cont.I.pbcor.fits
uid___A001_X146c_X95,uid___A001_X146c_Xf8,uid___A001_X146c_Xfd,https://casdc.china-vo.org/mirror/ALMAGAL/2019.1.00195.L/QA2/science_goal.uid___A001_X146c_X95/group.uid___A001_X146c_Xf8/member.uid___A001_X146c_Xfd/product/member.uid___A001_X146c_Xfd._G311.5131-00.4532__sci.spw16_18_20_22.cont.I.pbcor.fits
uid___A001_X146c_X95,uid___A001_X146c_Xf8,uid___A001_X146c_Xfd,https://casdc.china-vo.org/mirror/ALMAGAL/2019.1.00195.L/QA2/science_goal.uid___A001_X146c_X95/group.uid___A001_X146c_Xf8/member.uid___A001_X146c_Xfd/product/member.uid___A001_X146c_Xfd._G311.5671p00.3189__sci.spw16_18_20_22.cont.I.pbcor.fits
uid___A001_X146c_X95,uid___A001_X146c_Xf8,uid___A001_X146c_Xfd,https://casdc.china-vo.org/mirror/ALMAGAL/2019.1.00195.L/QA2/science_goal.uid___A001_X146c_X95/group.uid___A001_X146c_Xf8/member.uid___A001_X146c_Xfd/product/member.uid___A001_X146c_Xfd._G314.3197p00.1125__sci.spw16_18_20_22.cont.I.pbcor.fits
